{"type":"FeatureCollection","name":"LaoagBarangayBoundaries","properties":{"generated_at":"2026-06-05T01:19:33.405Z","source":"altcoder/philippines-psgc-shapefiles PH_Adm4_BgySubMuns; source data PSA/NAMRIA/OCHA public administrative boundaries","source_url":"https://github.com/altcoder/philippines-psgc-shapefiles","attribution":"Contains public Philippine administrative boundary data sourced from PSA/NAMRIA/OCHA via altcoder PSGC shapefiles. Acknowledge PSA and NAMRIA/OCHA/altcoder as applicable.","boundary_granularity":"barangay"},"features":[{"type":"Feature","geometry":{"type":"Polygon","coordinates":[[[120.53632734200005,18.17907360600003],[120.5364245500001,18.179052004000027],[120.53653795900004,18.17901960100005],[120.53668377000008,18.178960197000038],[120.53700239400007,18.178808985000046],[120.53736422200006,18.178609170000072],[120.5376018400001,18.17844715800004],[120.53806589900012,18.17796674400006],[120.5390397330001,18.17664976800006],[120.53914635800004,18.176519210000038],[120.53923276500007,18.176432804000058],[120.53940017700006,18.176270791000036],[120.5393685890001,18.176149577000047],[120.53938584900004,18.176124405000053],[120.53939807500001,18.176098514000046],[120.539405267,18.17607693900004],[120.53940958200008,18.176046014000065],[120.53942908900001,18.175771221000048],[120.53943236600003,18.175495961000024],[120.53941598200004,18.175263302000076],[120.5393897670001,18.175073241000064],[120.53933078200009,18.17486679700005],[120.53928162900002,18.17472261300003],[120.5391587370001,18.17440753300002],[120.53913874600005,18.174351196000032],[120.53908556100009,18.174173944000074],[120.53926579100005,18.174151006000045],[120.53948662700009,18.174086799000065],[120.53966380200006,18.17400626500006],[120.53990003400008,18.173877412000024],[120.5401362660001,18.173727082000028],[120.54038321400003,18.173597210000025],[120.54054815100005,18.17352244800003],[120.54072193400009,18.173467197000036],[120.54088239500004,18.173417587000074],[120.54132747100005,18.173278304000064],[120.5414912650001,18.17322097600004],[120.54162230000009,18.17316364800007],[120.54175060500006,18.173098131000074],[120.54146123600003,18.17243203700008],[120.54141755800003,18.17233376100006],[120.54136409900002,18.172237903000052],[120.54128652300005,18.172139939000033],[120.5408416030001,18.171422937000045],[120.54072767800005,18.171389479000027],[120.54065554100009,18.17136371600003],[120.54055077200007,18.171301885000048],[120.54048261300011,18.171241725000073],[120.54034826000009,18.171133588000032],[120.54024995300006,18.17102217300004],[120.54017786100007,18.170910758000048],[120.53998452400003,18.17066171400006],[120.53973875700001,18.170356962000028],[120.53932914400002,18.169767120000074],[120.53921772900003,18.169665536000025],[120.53925377500002,18.16960655200006],[120.53928326700009,18.16955739900004],[120.53848111800005,18.163982631000067],[120.5428304620001,18.163739045000057],[120.54489495900009,18.163633582000045],[120.54485236000005,18.16337470700006],[120.54479665200006,18.163102724000055],[120.54477043700001,18.16279141800004],[120.54477093500009,18.162677892000033],[120.5447696650001,18.162648674000025],[120.54477855700009,18.16261818600003],[120.54479380100008,18.162595320000037],[120.5448153970001,18.162572454000042],[120.54473123200012,18.161402542000076],[120.54380007600003,18.16047138600004],[120.54142717700006,18.160364412000035],[120.53588323500003,18.160372746000064],[120.5188449630001,18.163446227000065],[120.51884502500002,18.163446601000032],[120.5188491020001,18.16346004600007],[120.51885762800009,18.163511478000032],[120.51886113700004,18.163521495000055],[120.51887079900007,18.163579785000024],[120.51887041600003,18.163588627000024],[120.51887553100005,18.163619487000062],[120.51887486400005,18.163626614000066],[120.51887685300005,18.163638615000025],[120.51887702400006,18.163684270000033],[120.51887168300004,18.163741291000065],[120.51886340100009,18.163791725000067],[120.51886139800001,18.163813108000056],[120.51886110100008,18.163844778000055],[120.5188624220001,18.163863906000074],[120.51886725400004,18.16389305200005],[120.51886962600008,18.163896210000075],[120.51887161500008,18.163908211000034],[120.51888423200012,18.163939705000075],[120.51889808500005,18.16396750000007],[120.51890567200007,18.16399096200007],[120.51891401300009,18.164030124000078],[120.5189133450001,18.164037251000025],[120.51891655700001,18.164078937000056],[120.5189155060001,18.16409490700005],[120.51891692700008,18.16410347900006],[120.51891310600001,18.164158517000033],[120.5189141300001,18.16420931500005],[120.518912795,18.164223570000047],[120.51890937100006,18.164236381000023],[120.51884641100003,18.16532905200006],[120.51871849800011,18.166529593000064],[120.51866237400009,18.167171436000046],[120.51865990200008,18.167178834000026],[120.51865694700007,18.16720563000007],[120.5186480970001,18.167252635000068],[120.51864666200004,18.16727744700006],[120.51864760000001,18.16730541800007],[120.51865290100011,18.167348548000064],[120.5186658020001,18.167381757000044],[120.51867395700003,18.16740864700006],[120.51867870300009,18.167414965000034],[120.51868752600001,18.167434728000046],[120.51869198700001,18.167439331000026],[120.51870403600003,18.167467396000063],[120.51870868200001,18.167484270000045],[120.5187146500001,18.167520273000036],[120.51871502000006,18.167544815000042],[120.51871757800006,18.16756024500006],[120.51871737900001,18.167581358000064],[120.51871547500002,18.167592184000057],[120.51871689600011,18.16760075600007],[120.51871479400006,18.167632696000055],[120.51871506500004,18.167667794000067],[120.51871211000002,18.167694591000043],[120.51871422900001,18.16780777100007],[120.51871593400006,18.167818057000034],[120.51871325000002,18.167879952000078],[120.51871636200008,18.16793219500005],[120.51871055200002,18.16797523100007],[120.51871035400006,18.167996344000073],[120.51870911800006,18.168000043000063],[120.51870987100006,18.168015742000023],[120.51870691600004,18.168042539000055],[120.51870595100002,18.168081336000057],[120.51870404700003,18.16809216300004],[120.51870480100001,18.168107862000056],[120.51870289700003,18.16811868900004],[120.51870393400009,18.16813610300005],[120.51870031200008,18.16817002700003],[120.51870039800008,18.16819285400004],[120.51869849400009,18.168203681000023],[120.518696094,18.168267290000074],[120.5186982680001,18.168291562000036],[120.51869721700007,18.16830753200003],[120.51869892200011,18.168317818000048],[120.51870013100006,18.16838088700007],[120.51870249000001,18.168417430000034],[120.51871347400004,18.16849484900007],[120.51871479600004,18.168513977000032],[120.5187138440001,18.168519391000075],[120.51871942900004,18.168564236000066],[120.5187205520001,18.16860447700003],[120.518723109,18.16861990700005],[120.51872189400001,18.168676645000062],[120.51871903800009,18.16869288500004],[120.51871893900011,18.168703442000037],[120.51870923600006,18.168745303000037],[120.51870980400008,18.16874873200004],[120.51870486000007,18.168763528000056],[120.51870324000004,18.168776069000046],[120.51869392100002,18.168809089000035],[120.51869448900004,18.16881251700005],[120.51868573800004,18.16884896600004],[120.51867593500003,18.168901384000037],[120.51866262300007,18.168943786000057],[120.51866319100009,18.16894721500006],[120.51865196800009,18.168991061000042],[120.5186356160001,18.16903743200004],[120.5186275320001,18.16906675300004],[120.51860899200005,18.169122236000078],[120.51860737200002,18.169134777000068],[120.51859748400011,18.169164367000064],[120.51859805200002,18.169167796000067],[120.51858530900006,18.169213627000033],[120.51857455400011,18.169271458000026],[120.51857540700007,18.169276602000025],[120.51857131500003,18.16929654000006],[120.51856931300006,18.16931792300005],[120.5185654920001,18.169372960000032],[120.51856596100004,18.16938694600003],[120.5185626220001,18.169422584000074],[120.51856097600012,18.169501893000074],[120.51855344700004,18.169568027000025],[120.51854840400006,18.169593379000048],[120.5185382310001,18.169621255000038],[120.51852692200009,18.16964227400007],[120.51851352500012,18.169661848000032],[120.51850868000008,18.169666087000053],[120.51850164700011,18.16967943800006],[120.51849945900005,18.169688550000046],[120.51849755600006,18.16969937700003],[120.51849744300011,18.16974331700004],[120.51848686000005,18.16984680400003],[120.51849130700009,18.16995172000003],[120.51850439300006,18.16999720000007],[120.51850676600009,18.17000035800004],[120.51851084400005,18.170013804000064],[120.51851397000007,18.17003266200004],[120.51851634200011,18.170035821000056],[120.51852998300001,18.170118113000058],[120.51853434500003,18.170133273000033],[120.51854230300012,18.17018127700004],[120.51854284400008,18.170251473000064],[120.51854813000011,18.170327988000054],[120.51854617200001,18.170472350000068],[120.51854245000004,18.170516831000043],[120.51854071800005,18.170573312000045],[120.51853604400003,18.170623206000073],[120.51853708200008,18.17064062000003],[120.51853165500006,18.17067481400005],[120.51852698200003,18.170724708000023],[120.5185241260001,18.17074094800006],[120.51852497900006,18.17074609100007],[120.51852117100009,18.170767744000045],[120.51852040400001,18.170785428000045],[120.51850859900003,18.170859230000076],[120.51850573000002,18.17090885300007],[120.5184895210001,18.171067648000076],[120.51848113400001,18.171185465000065],[120.51848160300005,18.171199450000074],[120.51848501400002,18.171220023000046],[120.51848566800004,18.17124627900006],[120.51849551500004,18.171316841000078],[120.51849957900004,18.171363670000062],[120.5185174830001,18.171471678000046],[120.51851651700008,18.171510476000037],[120.51851289500007,18.171544400000073],[120.51851374800003,18.171549543000026],[120.51850613300007,18.171592849000035],[120.51850670100009,18.171596278000038],[120.51848415500001,18.171694527000056],[120.5184556270001,18.171790157000032],[120.51844022600005,18.171831114000042],[120.51843737000002,18.171847354000022],[120.51842586300006,18.171889486000055],[120.51842289400008,18.171949666000046],[120.51842971500002,18.171990812000047],[120.51843188900011,18.172015084000066],[120.51843187500003,18.17204846800007],[120.51842531200009,18.17207580400003],[120.51842588000011,18.172079233000034],[120.51842045300009,18.172113427000056],[120.5184104650001,18.17215357400005],[120.51840408700002,18.172193182000058],[120.51839722500006,18.172252188000073],[120.51839351700005,18.172263284000053],[120.51839408600006,18.172266713000056],[120.51828831900002,18.17305226600007],[120.51880951500004,18.173062306000077],[120.5238336000001,18.17325746000006],[120.52708314400002,18.17400176900003],[120.52746437500002,18.174383000000034],[120.52807089400005,18.17442965500004],[120.52817237600004,18.17443746200007],[120.5283915010001,18.174410000000023],[120.52903716000003,18.174330145000056],[120.53041819300006,18.174148907000074],[120.53288330700002,18.173732486000063],[120.53329231000009,18.173792002000027],[120.5335029260001,18.174029620000056],[120.53363253600003,18.174261838000064],[120.53370464000011,18.174480378000055],[120.53396175300009,18.175364203000072],[120.53460453500008,18.177485384000022],[120.53469641800007,18.177847712000073],[120.53474502100005,18.177982722000024],[120.53490163300012,18.178328349000026],[120.53497723900011,18.17845255800006],[120.53515090000008,18.17864239200003],[120.53525806100004,18.17873878000006],[120.53544707500009,18.178868390000048],[120.53564905700011,18.178963784000075],[120.53575489900004,18.17901420100003],[120.53588450900008,18.179057404000048],[120.53603032000001,18.179084406000072],[120.53619542100012,18.179092340000068],[120.53632734200005,18.17907360600003]]]},"properties":{"brgy_name":"Bgy. No. 42, Apaya","name":"Bgy. No. 42, Apaya","brgy_code":"102812001","psgc_code":"102812001","adm4_pcode":"PH0102812001","adm3_pcode":"PH0102812","city_name":"Laoag City","prov_name":"Ilocos Norte","reg_name":"Region I","shape_sqkm":3.43386806835,"boundary_source":"altcoder/philippines-psgc-shapefiles; sourced from PSA/NAMRIA/OCHA public administrative boundaries","boundary_granularity":"barangay"}},{"type":"Feature","geometry":{"type":"Polygon","coordinates":[[[120.53338255100005,18.18550400600003],[120.53391463900005,18.185326643000053],[120.53422502400008,18.185060599000053],[120.53463006900006,18.184640365000064],[120.53476442200008,18.184686241000065],[120.53487255900006,18.184709180000027],[120.53496758900008,18.184696072000065],[120.53525595700012,18.184640365000064],[120.53653067100004,18.184427366000023],[120.53667390500004,18.184404786000073],[120.53687638400004,18.18437308500006],[120.5372122660001,18.18431922800005],[120.53738976500006,18.184284882000043],[120.53759293300004,18.18425211300007],[120.53786819200002,18.18420295900006],[120.53810085200007,18.18418329800005],[120.53837611200004,18.18416691300007],[120.53865464900002,18.18418657500007],[120.53888730900007,18.184216067000023],[120.53928053700008,18.18431765100007],[120.53990314800001,18.184497880000038],[120.54093646400008,18.18480891300004],[120.54212259500002,18.185162002000027],[120.54231790100005,18.18493875400003],[120.54259110400005,18.18453991900003],[120.54365169500011,18.182691920000025],[120.54418199000008,18.18147063400005],[120.54425124900001,18.181315077000022],[120.54428905100008,18.18116926600004],[120.54428905100008,18.181061258000057],[120.54422964700007,18.180953249000027],[120.54414985100004,18.180859991000034],[120.54402094000011,18.18076701700005],[120.54392182300012,18.180667028000073],[120.5438702890001,18.18062264400004],[120.54371120700011,18.18044021000003],[120.54361400000005,18.180326801000035],[120.54353299400009,18.180186391000063],[120.54346278800006,18.180013578000057],[120.54341958500004,18.179819163000047],[120.54341418500007,18.17964094900003],[120.54340878400001,18.179457335000052],[120.54338718200006,18.17925211900007],[120.54333317800001,18.17911170900004],[120.54326837300005,18.179009101000076],[120.5428160780001,18.178497766000078],[120.5420463800001,18.17782611000007],[120.54192217000002,18.177658697000027],[120.54183583500003,18.177469315000053],[120.54159479200007,18.176906881000036],[120.54131192400007,18.176449005000052],[120.54119851500002,18.17629239300004],[120.54111270500005,18.176183751000053],[120.5410365030001,18.176124980000054],[120.54093929500004,18.176070976000062],[120.54086368900005,18.176027773000044],[120.54072703600002,18.175990916000046],[120.54059366900003,18.175952167000048],[120.54043165600001,18.175941366000075],[120.54029664600012,18.175935966000054],[120.54013246200009,18.175958777000062],[120.54002122500003,18.175973769000052],[120.53987541400011,18.17600617100004],[120.53977280600009,18.176038573000028],[120.5395860970001,18.176135542000054],[120.53940017700006,18.176270791000036],[120.53923276500007,18.176432804000058],[120.53914635800004,18.176519210000038],[120.5390397330001,18.17664976800006],[120.53806589900012,18.17796674400006],[120.5376018400001,18.17844715800004],[120.53736422200006,18.178609170000072],[120.53700239400007,18.178808985000046],[120.53668377000008,18.178960197000038],[120.53653795900004,18.17901960100005],[120.5364245500001,18.179052004000027],[120.53632734200005,18.17907360600003],[120.53619542100012,18.179092340000068],[120.53603032000001,18.179084406000072],[120.53588450900008,18.179057404000048],[120.53575489900004,18.17901420100003],[120.53564905700011,18.178963784000075],[120.53544707500009,18.178868390000048],[120.53525806100004,18.17873878000006],[120.53515090000008,18.17864239200003],[120.53497723900011,18.17845255800006],[120.53490163300012,18.178328349000026],[120.53474502100005,18.177982722000024],[120.53469641800007,18.177847712000073],[120.53460453500008,18.177485384000022],[120.53396175300009,18.175364203000072],[120.53370464000011,18.174480378000055],[120.53363253600003,18.174261838000064],[120.5335029260001,18.174029620000056],[120.53329231000009,18.173792002000027],[120.53288330700002,18.173732486000063],[120.53041819300006,18.174148907000074],[120.52903716000003,18.174330145000056],[120.52897064900003,18.175216959000068],[120.52890413800003,18.177190121000024],[120.52897064900003,18.177766550000058],[120.5294583970001,18.178298639000047],[120.53061125600004,18.178409491000025],[120.53064826700006,18.181025540000064],[120.53095503100008,18.18488565800004],[120.53154241100003,18.185348813000076],[120.53234054400002,18.18557051700003],[120.53338255100005,18.18550400600003]]]},"properties":{"brgy_name":"Bgy. No. 36, Araniw","name":"Bgy. No. 36, Araniw","brgy_code":"102812002","psgc_code":"102812002","adm4_pcode":"PH0102812002","adm3_pcode":"PH0102812","city_name":"Laoag City","prov_name":"Ilocos Norte","reg_name":"Region I","shape_sqkm":1.29425428881,"boundary_source":"altcoder/philippines-psgc-shapefiles; sourced from PSA/NAMRIA/OCHA public administrative boundaries","boundary_granularity":"barangay"}},{"type":"Feature","geometry":{"type":"Polygon","coordinates":[[[120.66468213300004,18.21207697400007],[120.66576007700007,18.21055413700003],[120.6668625850001,18.209183451000058],[120.66605518100005,18.205521327000042],[120.66356217400005,18.199055995000037],[120.66058176500007,18.19451295700003],[120.6549817560001,18.19412581100005],[120.65109449500005,18.194694678000076],[120.64829756300003,18.195879819000027],[120.64459992500008,18.197207176000063],[120.64105162800001,18.198620094000034],[120.64355609400002,18.207175800000073],[120.65092720500002,18.21167577800003],[120.65301419800005,18.211810436000064],[120.65346625300003,18.211845093000022],[120.65673185900005,18.212020609000035],[120.6592570150001,18.21207697400007],[120.66152047500009,18.212148830000046],[120.66468213300004,18.21207697400007]]]},"properties":{"brgy_name":"Bgy. No. 56-A, Bacsil North","name":"Bgy. No. 56-A, Bacsil North","brgy_code":"102812003","psgc_code":"102812003","adm4_pcode":"PH0102812003","adm3_pcode":"PH0102812","city_name":"Laoag City","prov_name":"Ilocos Norte","reg_name":"Region I","shape_sqkm":4.0935037228,"boundary_source":"altcoder/philippines-psgc-shapefiles; sourced from PSA/NAMRIA/OCHA public administrative boundaries","boundary_granularity":"barangay"}},{"type":"Feature","geometry":{"type":"Polygon","coordinates":[[[120.64459992500008,18.197207176000063],[120.64829756300003,18.195879819000027],[120.65109449500005,18.194694678000076],[120.6549817560001,18.19412581100005],[120.66058176500007,18.19451295700003],[120.66107337900007,18.19402134300003],[120.6618880530001,18.193066207000072],[120.66225325200003,18.191633504000038],[120.66240776000006,18.19020080100006],[120.662140883,18.189049019000038],[120.66142453200007,18.187447763000023],[120.66084864100003,18.186169567000036],[120.66045535,18.184947555000065],[120.65896055500002,18.183847556000046],[120.65842854200002,18.18370600700007],[120.65757363900002,18.183470960000022],[120.65625258400007,18.183124031000034],[120.65622584200003,18.18311719700006],[120.65499354700012,18.18278964700005],[120.65250644700006,18.181893519000027],[120.65124611700003,18.18145313800005],[120.65068062800003,18.18306478200003],[120.64943655200011,18.184987445000047],[120.64789077600005,18.186314736000043],[120.64643482300005,18.187847318000024],[120.63803502200005,18.189936044000035],[120.64024702300003,18.196474479000074],[120.64105162800001,18.198620094000034],[120.64459992500008,18.197207176000063]]]},"properties":{"brgy_name":"Bgy. No. 56-B, Bacsil South","name":"Bgy. No. 56-B, Bacsil South","brgy_code":"102812004","psgc_code":"102812004","adm4_pcode":"PH0102812004","adm3_pcode":"PH0102812","city_name":"Laoag City","prov_name":"Ilocos Norte","reg_name":"Region I","shape_sqkm":2.68145423228,"boundary_source":"altcoder/philippines-psgc-shapefiles; sourced from PSA/NAMRIA/OCHA public administrative boundaries","boundary_granularity":"barangay"}},{"type":"Feature","geometry":{"type":"Polygon","coordinates":[[[120.55106618200011,18.159576642000047],[120.55068276400004,18.158437117000062],[120.55063690800011,18.158295374000033],[120.55037596600005,18.157500896000045],[120.55034198700002,18.157390950000035],[120.55005362000009,18.156516017000058],[120.54981768300001,18.155804930000045],[120.5496905550001,18.155423662000032],[120.55056942600004,18.15498413200004],[120.55336867100004,18.153673624000078],[120.55353235500002,18.153626717000066],[120.55711885100004,18.15263929100007],[120.56115235100003,18.151833500000066],[120.56101535900007,18.151772614000038],[120.56081748200006,18.15167367600003],[120.56065765800008,18.151525268000057],[120.56055110900002,18.151361639000072],[120.56045597500008,18.15111048700004],[120.56043314300007,18.150992521000035],[120.56040270100004,18.150882167000077],[120.5602999570001,18.150790839000024],[120.56012491100012,18.15070712100004],[120.55984331700006,18.150596767000025],[120.5595312800001,18.150516855000035],[120.55925729600006,18.150505439000028],[120.55910127700008,18.150497828000027],[120.55895667400011,18.15049402300002],[120.55883109800004,18.150452164000058],[120.55875118600011,18.150383668000075],[120.55864463700004,18.15028092400007],[120.55853047700009,18.15011729500003],[120.55846578700005,18.149980303000063],[120.55845817600004,18.14985092200004],[120.55849622900007,18.149584548000064],[120.55850003500007,18.149413308000078],[120.55847720300005,18.14920021000006],[120.55846959200005,18.14899091700005],[120.55843534400003,18.148880562000045],[120.5583478210001,18.14876259700003],[120.55825843000002,18.14868775800005],[120.55818419200011,18.148625605000063],[120.55806622700004,18.148519055000065],[120.55794445600009,18.148363037000024],[120.55781888000001,18.148130912000056],[120.55698170700009,18.14621683000007],[120.55686754700002,18.145935235000024],[120.55684471500001,18.145802048000064],[120.55684091,18.145638419000022],[120.55691321100005,18.145276912000043],[120.55742693100001,18.14402876400004],[120.55694622600004,18.143940514000064],[120.55651711700011,18.143833236000035],[120.55630832100007,18.143769845000065],[120.556142066,18.143698076000078],[120.55604381600006,18.143622702000073],[120.55595311700006,18.143525784000076],[120.55582084200012,18.14336066000004],[120.55551139300007,18.142934789000037],[120.55518956100002,18.14257272900005],[120.55486004000011,18.142345858000056],[120.55442549600002,18.14208386000007],[120.55403629400007,18.14184698200006],[120.55364745000008,18.141567004000024],[120.55312447400001,18.141111076000072],[120.55295014800004,18.140816064000035],[120.55248081000002,18.140360135000037],[120.5518103280001,18.139823749000072],[120.55108620600004,18.139354411000056],[120.55046936200006,18.138952122000035],[120.54987424600006,18.138508388000048],[120.54913781500011,18.13797268600007],[120.54885881000007,18.137753344000032],[120.54848839500005,18.137401470000043],[120.5478812980001,18.136766348000037],[120.54721081600007,18.136109274000034],[120.54671465800004,18.135800852000045],[120.54604417500002,18.135586298000078],[120.54541392200008,18.135358334000045],[120.54482054400012,18.135080083000048],[120.54445848400007,18.134798481000075],[120.54432084600012,18.13465012000006],[120.54407295600004,18.134392839000043],[120.54392100900009,18.13425027100004],[120.54379135300007,18.134124645000043],[120.54368933600006,18.13407711900004],[120.5435756390001,18.134036155000047],[120.54344234300004,18.134010096000054],[120.54330120800012,18.133991490000028],[120.54318359900003,18.133995234000054],[120.54306207200011,18.134017607000033],[120.54281244800006,18.134111236000024],[120.54251604800004,18.134263615000066],[120.54226769400009,18.13433155100006],[120.54198191400008,18.134393026000055],[120.54148489200008,18.134459887000048],[120.54094850600006,18.13454034500006],[120.53994278200003,18.134553754000024],[120.5393795760001,18.13458057400004],[120.53876273200001,18.134567164000032],[120.53820605900012,18.13453221700007],[120.53792734300009,18.13450014700004],[120.53770774700001,18.134452017000058],[120.53754304800009,18.13440789400005],[120.53739523800004,18.134335676000035],[120.53720097000007,18.134215307000034],[120.53701936700008,18.13407085700004],[120.53672498200001,18.133818613000074],[120.53638797400004,18.133498426000074],[120.53609421100009,18.133279837000032],[120.53600417300004,18.133204931000023],[120.5358169540001,18.13305818300006],[120.5355782580001,18.132933679000075],[120.53529744800005,18.132853655000076],[120.53461335600002,18.132820950000053],[120.53186357200002,18.132565948000035],[120.53857475200005,18.15185168100004],[120.53890605100003,18.152803727000048],[120.54005767600006,18.15608070600007],[120.54142717700006,18.160364412000035],[120.54380007600003,18.16047138600004],[120.54473123200012,18.161402542000076],[120.55106618200011,18.159576642000047]]]},"properties":{"brgy_name":"Bgy. No. 41, Balacad","name":"Bgy. No. 41, Balacad","brgy_code":"102812005","psgc_code":"102812005","adm4_pcode":"PH0102812005","adm3_pcode":"PH0102812","city_name":"Laoag City","prov_name":"Ilocos Norte","reg_name":"Region I","shape_sqkm":5.08569762451,"boundary_source":"altcoder/philippines-psgc-shapefiles; sourced from PSA/NAMRIA/OCHA public administrative boundaries","boundary_granularity":"barangay"}},{"type":"Feature","geometry":{"type":"Polygon","coordinates":[[[120.55950431000008,18.176381942000035],[120.55983641500006,18.176306950000026],[120.56011495400003,18.17627481100004],[120.56112197900006,18.17627481100004],[120.56132552700001,18.176210533000074],[120.56160406600009,18.175964133000036],[120.56190560000005,18.175634256000023],[120.56266465600004,18.174732134000067],[120.56326458600006,18.174153630000035],[120.56346813400012,18.17389651700006],[120.56365025600007,18.173767961000067],[120.56386451600008,18.17382152600004],[120.56401449900011,18.173950082000033],[120.56421804700005,18.174067926000077],[120.56443230700006,18.17414291700004],[120.56460371600008,18.174089352000067],[120.56501081100009,18.17389651700006],[120.56524649800008,18.17367154300007],[120.56546075900008,18.17361797800004],[120.56579286300007,18.17367154300007],[120.56610354100007,18.17377867400006],[120.5663713670001,18.173789387000056],[120.56669275800004,18.173746535000078],[120.56709985300006,18.17361797800004],[120.56735696600003,18.173489422000046],[120.56786047900005,18.173221596000076],[120.56823543500002,18.17313589200006],[120.56849254800011,18.173103753000078],[120.56866395700001,18.17302876100007],[120.56880322600011,18.172921631000065],[120.56897463500002,18.172771648000037],[120.56922103500006,18.17246097000003],[120.56944600800011,18.172128866000037],[120.5698745300001,18.171603927000035],[120.570281625,18.17136824100004],[120.57061372900012,18.171196832000078],[120.57086012900004,18.171143267000048],[120.5710636770001,18.17117540600003],[120.5711600940001,18.171336102000055],[120.57124579800006,18.171603927000035],[120.5715886160001,18.171903892000046],[120.57179216300005,18.171978884000055],[120.5720171370001,18.171957458000065],[120.57228496300002,18.171850327000072],[120.5725635020001,18.171721771000023],[120.57284204100006,18.17157178800005],[120.57313129300007,18.17132538900006],[120.57335626700001,18.17104685000004],[120.57390263100001,18.170146955000064],[120.57435707500008,18.169234095000036],[120.57460547300002,18.168426802000056],[120.57456407300003,18.167950705000067],[120.57450762000008,18.16747090900003],[120.57450483700006,18.167378099000075],[120.57452158700005,18.167314460000057],[120.57456903400009,18.167279991000044],[120.57463880700004,18.167261434000068],[120.57474206800009,18.16725083500006],[120.57484532800004,18.167250843000033],[120.57503863500006,18.167229924000026],[120.57497197000009,18.16717838900007],[120.57449099100006,18.16680653000003],[120.57421700700002,18.166486882000072],[120.57418088400004,18.16645036600005],[120.57405523300008,18.166323351000074],[120.57404630700012,18.166314328000055],[120.57394302400007,18.166207190000023],[120.57377749200009,18.166087322000067],[120.57353204800006,18.166007410000077],[120.57323523200012,18.166030242000033],[120.57287562800002,18.16607590600006],[120.57248748400002,18.166115862000026],[120.57198518000007,18.166081614000063],[120.57169407200001,18.16604165800004],[120.57139154800007,18.16599599400007],[120.57114610400004,18.165938914000037],[120.57095203200004,18.16586471000005],[120.57079220900005,18.165756259000034],[120.57070658900011,18.165630683000074],[120.57063238500007,18.165448027000025],[120.57052964100001,18.16519687500005],[120.5704896850001,18.16500280300005],[120.57047826900009,18.164751651000074],[120.57052393300012,18.164118063000046],[120.57050680900011,18.16389545100003],[120.57046114500008,18.163724211000044],[120.57043260500006,18.16355867900006],[120.57041583900002,18.163450571000055],[120.57038588600005,18.163303115000076],[120.57033143000001,18.163171181000052],[120.57027153000001,18.16308839900006],[120.57019801800004,18.16302114000007],[120.57011906100001,18.162971990000074],[120.56999109600008,18.162886623000077],[120.56986313200002,18.162806430000046],[120.56979506500011,18.162739170000066],[120.56975967000005,18.16268743200004],[120.56974061000005,18.162625345000038],[120.5697487760001,18.162555497000028],[120.56977872300001,18.16248823600006],[120.56982500700008,18.16243390900007],[120.56993118700007,18.162382168000022],[120.57012993600006,18.162338185000067],[120.57029873700003,18.162299377000068],[120.57043831300007,18.162245840000026],[120.57052393300012,18.162165928000036],[120.57057530500003,18.16205747600003],[120.57057530500003,18.161949024000023],[120.57054105700001,18.161823448000064],[120.57044402100007,18.161709288000054],[120.57031844500011,18.161549464000075],[120.57018145300003,18.161412472000052],[120.57002162900005,18.16132685200006],[120.56987322100008,18.161258356000076],[120.56975906100001,18.161241232000066],[120.56961636100004,18.161167028000023],[120.56956498900001,18.161092824000036],[120.56955928100001,18.161007204000043],[120.56955928100001,18.16079030000003],[120.56953644900011,18.16066472400007],[120.56950840000002,18.160542835000058],[120.56946680800002,18.160438185000032],[120.56945630900009,18.160385819000055],[120.56945482100002,18.160356053000044],[120.5694586620001,18.16032212700003],[120.56947119200004,18.160282382000048],[120.56948965100003,18.16025669100003],[120.56953441300004,18.16022070100007],[120.56959294700005,18.160171623000053],[120.56965836900008,18.160122545000036],[120.56975133600008,18.16006038000006],[120.56981675700001,18.160034204000056],[120.5698960530001,18.160019720000037],[120.56998167300003,18.160002596000027],[120.57009012500009,18.159991180000077],[120.57019286900004,18.15996264000006],[120.57027278100009,18.159922684000037],[120.57033556900001,18.159842772000047],[120.57039835700004,18.159745736000048],[120.5704896850001,18.159625869000024],[120.57058101300004,18.159488877000058],[120.57064950900008,18.15937471700005],[120.57071800500012,18.159237725000025],[120.57075225300002,18.159112149000066],[120.57076366900003,18.158963741000036],[120.57074178800008,18.158759204000035],[120.57069120000006,18.158523591000062],[120.57066552300012,18.15837722400005],[120.57066918800001,18.15830403900003],[120.57068385700006,18.158248280000066],[120.570720531,18.158175095000047],[120.57090390300004,18.157844019000038],[120.57096991700007,18.15772901300005],[120.5710395970001,18.15756870200005],[120.57109948900006,18.157389285000022],[120.57113754200009,18.157244682000055],[120.5711641800001,18.157088663000025],[120.5711603740001,18.156970698000066],[120.57114134800008,18.156856538000056],[120.57105763000004,18.15673096200004],[120.57024709500001,18.155848125000034],[120.5692196550001,18.154641835000064],[120.56911586600006,18.154538742000057],[120.5686526610001,18.154078646000073],[120.56832920700003,18.15371333400003],[120.56815796700005,18.153549704000056],[120.56801717000008,18.153427934000035],[120.56783070900008,18.15334421700004],[120.56764044200008,18.153260499000055],[120.56750658500005,18.15321747400003],[120.56742734400007,18.153192003000072],[120.56715716500003,18.153123507000032],[120.56591662700009,18.152830497000025],[120.56585261100008,18.152811256000064],[120.56561600600003,18.152723947000027],[120.56545237600005,18.152651646000038],[120.56531919000008,18.15256031800004],[120.565178392,18.152461379000044],[120.56510536200005,18.152398086000062],[120.56506423200005,18.152362441000037],[120.5649462670001,18.152252086000033],[120.56483210700003,18.15215695300003],[120.56469892100006,18.152099873000054],[120.56453909700008,18.152019961000065],[120.56429936100005,18.151959076000026],[120.56404059800002,18.151924828000062],[120.56353068400006,18.15190199600005],[120.56328333700003,18.151940049000075],[120.56315395600006,18.15198951800005],[120.56294846800006,18.152046598000027],[120.56270112100003,18.152073236000035],[120.56248421700002,18.152065625000034],[120.56215695900005,18.151993324000046],[120.56199713500007,18.151947660000076],[120.56188297500012,18.151928633000068],[120.56170412400002,18.15190960600006],[120.56155571600004,18.15191721700006],[120.56137306000005,18.151890580000043],[120.56115235100003,18.151833500000066],[120.55711885100004,18.15263929100007],[120.55353235500002,18.153626717000066],[120.55336867100004,18.153673624000078],[120.55056942600004,18.15498413200004],[120.5496905550001,18.155423662000032],[120.54981768300001,18.155804930000045],[120.55005362000009,18.156516017000058],[120.55034198700002,18.157390950000035],[120.55037596600005,18.157500896000045],[120.55063690800011,18.158295374000033],[120.55068276400004,18.158437117000062],[120.55106618200011,18.159576642000047],[120.55114155100011,18.15979291800005],[120.55155771700004,18.160952941000062],[120.55176088500002,18.161496906000025],[120.55188868400012,18.161804935000077],[120.55208202100005,18.162214547000076],[120.55220982100002,18.162450484000033],[120.55249163400003,18.162991173000023],[120.55279310900005,18.163564630000053],[120.55314046000001,18.164174134000064],[120.55320599800007,18.164285548000066],[120.55361888800007,18.16505889700005],[120.55383516300003,18.165455402000077],[120.55406782300008,18.16590433700003],[120.55445449700005,18.166615425000032],[120.55457105000005,18.166839457000037],[120.55498248800006,18.167614197000034],[120.55521801500004,18.16806709100007],[120.55545067500009,18.16853896500004],[120.55591599500008,18.169449944000064],[120.55668720400001,18.170924854000077],[120.55716449400006,18.171832250000023],[120.55747580000002,18.17242864600007],[120.55774778200009,18.17293984300005],[120.5578231510001,18.173077472000045],[120.55836384000008,18.174090035000063],[120.55847525400009,18.174312864000058],[120.5585539000001,18.17448326300007],[120.55863582200004,18.174679877000074],[120.55880949800007,18.175200904000064],[120.55907820400012,18.176066006000042],[120.55917323400001,18.176354373000038],[120.55922298100006,18.17648247900007],[120.55950431000008,18.176381942000035]]]},"properties":{"brgy_name":"Bgy. No. 40, Balatong","name":"Bgy. No. 40, Balatong","brgy_code":"102812006","psgc_code":"102812006","adm4_pcode":"PH0102812006","adm3_pcode":"PH0102812","city_name":"Laoag City","prov_name":"Ilocos Norte","reg_name":"Region I","shape_sqkm":4.49032392993,"boundary_source":"altcoder/philippines-psgc-shapefiles; sourced from PSA/NAMRIA/OCHA public administrative boundaries","boundary_granularity":"barangay"}},{"type":"Feature","geometry":{"type":"Polygon","coordinates":[[[120.60357194100004,18.228813374000026],[120.60542593600007,18.228199396000036],[120.6088455260001,18.22811480100006],[120.60977493400003,18.22804337200006],[120.61226475700005,18.227250264000077],[120.61737955000001,18.225166459000036],[120.6177440140001,18.225026926000055],[120.61843439800009,18.224796798000057],[120.62013007700011,18.224070078000068],[120.62080834900007,18.223549262000063],[120.62111114900006,18.22323435100003],[120.6212807170001,18.222943663000024],[120.62160774000006,18.22255607900007],[120.62164407600005,18.22201103900005],[120.62145028400005,18.221538671000076],[120.62096580500008,18.221284319000063],[120.62038442900007,18.220993631000056],[120.61959714900001,18.22047281600004],[120.6188583180001,18.22031536000003],[120.61801047800009,18.220254800000077],[120.61754265200011,18.21726767900003],[120.61688860400011,18.216995159000078],[120.61609829700001,18.21688615100004],[120.6155805090001,18.216967907000026],[120.61503546900008,18.217131419000054],[120.61465394100003,18.21726767900003],[120.61413615400011,18.21759470300003],[120.61383186300009,18.217752934000032],[120.61345485400011,18.217948979000028],[120.61269179800001,18.218112491000056],[120.61138370300012,18.218221499000038],[120.61051163900004,18.218276003000028],[120.60923079600002,18.218276003000028],[120.60865850400012,18.21808523900006],[120.60828151800001,18.217856625000024],[120.60794238200003,18.217590161000032],[120.60776070200006,18.21726313700003],[120.60763958200005,18.216911889000073],[120.60711876700009,18.216633313000045],[120.60675540700004,18.21665753700006],[120.60579855900005,18.216378961000032],[120.60475692800003,18.21643952100004],[120.60458519400004,18.216434202000073],[120.60448981200011,18.216175461000034],[120.60433244400008,18.215750193000076],[120.6041039160001,18.215145939000024],[120.60390905000008,18.21462801100006],[120.60371796100003,18.21415965500006],[120.6034088450001,18.213363449000042],[120.6030210460001,18.21238177400005],[120.60300980600005,18.21235180000002],[120.60273441200002,18.211638024000024],[120.60256344800007,18.211246750000043],[120.60249633300009,18.211052863000077],[120.60241181800006,18.210791861000075],[120.60230741700002,18.210419001000048],[120.60211601600008,18.209755310000048],[120.60201410100001,18.209305392000033],[120.60197681500006,18.209089133000077],[120.60195450900005,18.208942085000047],[120.60186048300011,18.208928370000024],[120.60178921600004,18.208908806000068],[120.60171375800007,18.208879461000038],[120.60157681500004,18.208815182000023],[120.60146962100009,18.20877301200005],[120.60137710900005,18.208753871000056],[120.60127821800006,18.208750681000026],[120.60118251600011,18.20876663200005],[120.6010198240001,18.208817672000066],[120.60081566000008,18.208903804000045],[120.60069443800012,18.208970795000027],[120.60061542000005,18.209021994000068],[120.60056092200011,18.209087671000077],[120.60052536500007,18.209149438000054],[120.60048070500011,18.20926428000007],[120.600457516,18.209367146000034],[120.60043604400005,18.209478013000023],[120.60041140300007,18.209817101000056],[120.60040721100006,18.209879983000064],[120.60039044200005,18.20993448100006],[120.600347123,18.209983389000058],[120.60028004900005,18.21001273400003],[120.60020319400007,18.210018324000032],[120.60012022900003,18.210001182000042],[120.60005961800005,18.209969281000042],[120.59999900700006,18.209924621000027],[120.59993520600005,18.209854439000026],[120.59987140500004,18.209765118000064],[120.5998267440001,18.20971088700003],[120.59975656300003,18.20965665600005],[120.59971131700001,18.209622866000075],[120.59967778000009,18.209587931000044],[120.59965681900007,18.209534831000042],[120.59965821700007,18.209471949000033],[120.59967358800009,18.209414657000025],[120.59969734300012,18.20932662200005],[120.59987459500007,18.208661360000065],[120.59988735500008,18.20854651800005],[120.59987140500004,18.208447626000066],[120.59983312400004,18.20836468500005],[120.59976932300003,18.208297694000066],[120.59968319200004,18.20823708300003],[120.59957792000012,18.20820518200003],[120.59949178900001,18.20820837200006],[120.59941203700009,18.208233893000056],[120.59934504600005,18.208291314000064],[120.59927805500001,18.208358305000047],[120.59884857100008,18.208716088000074],[120.59881865900002,18.208741006000025],[120.59875582000006,18.208777662000045],[120.59867378100012,18.208796863000032],[120.59857603300009,18.208788135000077],[120.59851144900006,18.208751479000057],[120.59845035600006,18.208693878000076],[120.59841020900001,18.208620566000036],[120.59828668600005,18.208300998000027],[120.59824509000009,18.20821226100003],[120.59820773000001,18.20814404200007],[120.59813616400004,18.208079458000043],[120.59806634300003,18.208051530000034],[120.59798954100006,18.208032329000048],[120.59792146600012,18.208028838000075],[120.59783745200002,18.20803478600004],[120.59775148800009,18.208065289000047],[120.59765165800002,18.20812352300004],[120.59730780000007,18.20834536700005],[120.59719687800009,18.20840637400005],[120.59716049500003,18.208418809000023],[120.59711923300006,18.208425786000078],[120.59708023300004,18.208425832000046],[120.59704436100003,18.208420239000077],[120.5970019770001,18.208404763000033],[120.59696394200012,18.20838419000006],[120.59692372100005,18.208348580000063],[120.5968946160001,18.20831209100004],[120.59680310600004,18.208165119000057],[120.59672546000002,18.208004282000047],[120.59665613400011,18.20779907700006],[120.59659512700011,18.20750513400003],[120.59656462400005,18.20739698500006],[120.59650639000006,18.207294382000043],[120.59639269500008,18.207194553000022],[120.59616807800012,18.20709472300007],[120.5960411960001,18.20707111400003],[120.59596564500009,18.20704758100004],[120.59583531200008,18.207044808000035],[120.5957243900001,18.20706144600007],[120.59567074200004,18.20709577300005],[120.59564674500007,18.207111361000045],[120.59557741900005,18.207191780000073],[120.59553582300009,18.207322113000032],[120.59551641200005,18.207438581000076],[120.59552473100007,18.20756614100003],[120.59572993600011,18.208215034000034],[120.59576875900007,18.20832318300006],[120.59576598600006,18.208456289000026],[120.59574380200002,18.20858107600003],[120.59567447500001,18.208691998000063],[120.595549688,18.208833423000044],[120.5954165820001,18.208911069000067],[120.59487306500012,18.20909686300007],[120.59473441300008,18.20912459300007],[120.59464290200003,18.209160643000075],[120.5945597110001,18.209210558000052],[120.5944321500001,18.20932148000003],[120.59421585300004,18.20958214600006],[120.59423690000006,18.209881006000046],[120.5942419920001,18.210145784000076],[120.59426745100006,18.210690616000022],[120.59457350000002,18.211788152000054],[120.59540284500008,18.21241622200006],[120.59608146000005,18.213166269000055],[120.59663066600001,18.21394629400004],[120.59651477800003,18.21399699500006],[120.59642061900001,18.214036831000044],[120.59636629600004,18.214102018000062],[120.5963228380001,18.214159962000053],[120.5962612730001,18.214692324000055],[120.59624678700004,18.214764754000043],[120.59616349200007,18.214931343000046],[120.59612003400002,18.215050852000047],[120.59609106200003,18.215123282000036],[120.59608381900011,18.215257278000024],[120.59607657600009,18.215434732000062],[120.5960801980001,18.215554241000063],[120.59609830500006,18.215738938000072],[120.59608744100001,18.215862069000025],[120.59602587500001,18.216082981000056],[120.59600414600004,18.21625681300003],[120.59601138900007,18.216376323000077],[120.59603674000005,18.21644151000004],[120.5961707350001,18.216698637000036],[120.59618522100004,18.216760202000046],[120.59700621800005,18.218469759000072],[120.59712876000003,18.219754883000064],[120.59773495800005,18.221851316000027],[120.59927571000003,18.22341732600006],[120.59938346600006,18.22351406200005],[120.60000819900006,18.22407404100005],[120.60073391300011,18.225308598000026],[120.60137492700005,18.227064492000068],[120.60261094600003,18.229338351000024],[120.60357194100004,18.228813374000026]]]},"properties":{"brgy_name":"Bgy. No. 55-A, Barit-Pandan","name":"Bgy. No. 55-A, Barit-Pandan","brgy_code":"102812007","psgc_code":"102812007","adm4_pcode":"PH0102812007","adm3_pcode":"PH0102812","city_name":"Laoag City","prov_name":"Ilocos Norte","reg_name":"Region I","shape_sqkm":3.2041426316,"boundary_source":"altcoder/philippines-psgc-shapefiles; sourced from PSA/NAMRIA/OCHA public administrative boundaries","boundary_granularity":"barangay"}},{"type":"Feature","geometry":{"type":"Polygon","coordinates":[[[120.55582958200011,18.208232507000048],[120.55769888000009,18.202575547000038],[120.55874441200001,18.199616915000036],[120.56074371300008,18.199569644000064],[120.56511164000005,18.19134983200007],[120.56602420500008,18.18996799200005],[120.56846007100012,18.18973441600002],[120.57201184200005,18.18926934700005],[120.57335121400001,18.18726506300004],[120.5724663090001,18.187023725000074],[120.57206408000002,18.18693178700005],[120.57162162700001,18.186845595000023],[120.57108149100009,18.186747910000065],[120.57055284600006,18.18666171800004],[120.57031584200001,18.18660999900004],[120.57016450900005,18.18657823800004],[120.5699380100001,18.18651231900003],[120.56971391100001,18.18642038100006],[120.56932317300004,18.186225012000023],[120.56905885100002,18.186064120000026],[120.56889795900008,18.18596069000006],[120.56871408300003,18.18581129000006],[120.56855893700003,18.18567912900005],[120.56782913000006,18.185006995000037],[120.56779923700003,18.184990180000057],[120.56776187100002,18.184969629000022],[120.56770955900004,18.18495281400004],[120.56765724600007,18.184939736000047],[120.56760867000003,18.184930394000048],[120.56753037900012,18.18492063900004],[120.56745920600008,18.18491918500007],[120.56738634200008,18.184922921000066],[120.56729479500007,18.18493599900006],[120.56693293400008,18.185057821000044],[120.56634964600005,18.185238050000066],[120.56381262900004,18.18608135900007],[120.56318494000004,18.18629720100006],[120.56281854800011,18.18642612700006],[120.56187043600005,18.186736418000066],[120.56138776000012,18.18690880200006],[120.56061777800005,18.187115663000043],[120.56014084900005,18.18720760100007],[120.55955474300004,18.187299539000037],[120.55902035200006,18.187362747000066],[120.55876211000009,18.187371550000023],[120.55851469200002,18.187379985000064],[120.55808947800006,18.187368493000065],[120.55786834500009,18.18734427800007],[120.55756658000007,18.187374239000064],[120.55734822700003,18.18740297000005],[120.55698622000011,18.187494908000076],[120.5565667520001,18.187655800000073],[120.5556014020001,18.188063775000046],[120.55530260300009,18.188190190000057],[120.55508597300002,18.188269519000073],[120.55469066600006,18.18839177900003],[120.55361323900001,18.188672866000047],[120.5532569500001,18.18877148000007],[120.55301161900002,18.188818051000055],[120.55284840600007,18.188825252000072],[120.55234908900002,18.18879353500006],[120.55221276100008,18.18877484500007],[120.55209625900011,18.188759058000073],[120.55130007600008,18.188663202000043],[120.55188009800008,18.190457010000046],[120.55231388900006,18.190656233000027],[120.55278172400006,18.19088811200004],[120.55273369700001,18.190922327000067],[120.55269527400003,18.190965668000047],[120.55260734400008,18.19117104000003],[120.55252328800009,18.191346689000056],[120.55247285600001,18.191435653000042],[120.5524512400001,18.19149724400006],[120.55244403200004,18.191556556000023],[120.55245123200007,18.191613587000063],[120.55248484300012,18.19169571300006],[120.5524663440001,18.19171731600005],[120.55239977500003,18.19176169600007],[120.55234588600001,18.191787055000077],[120.55228411700011,18.191788342000052],[120.55214121800009,18.19183978600006],[120.5520840580001,18.19191980900007],[120.55208977400002,18.19202841300006],[120.55210692200001,18.192199892000076],[120.55208977400002,18.192348507000077],[120.55210692200001,18.192605726000068],[120.552146934,18.192731477000052],[120.55215265000004,18.192868661000034],[120.5521812290001,18.192994412000075],[120.55218694500002,18.193103016000066],[120.55211835400007,18.193194471000027],[120.55201546600006,18.193245915000034],[120.55198211900006,18.19331119700007],[120.55198211900006,18.193383495000035],[120.55202067800008,18.193489533000047],[120.55205441800001,18.19358593100003],[120.55206887700001,18.193740168000033],[120.55206887700001,18.194010083000023],[120.55204451000009,18.194113711000057],[120.55203379900001,18.19417797600005],[120.55199657900005,18.19425589800005],[120.55196765900007,18.194361936000064],[120.55188572100008,18.194458334000046],[120.55186644100002,18.194569192000074],[120.55188384600001,18.194696383000064],[120.55187956200007,18.194794924000064],[120.55182600800003,18.194861331000027],[120.5517103300001,18.195034848000034],[120.55170818800002,18.19508626000004],[120.55172318300004,18.19514409900006],[120.55172746700009,18.195238355000072],[120.55174032000002,18.195463284000027],[120.55177245300001,18.195767473000046],[120.55180458600012,18.195932421000066],[120.5518131550001,18.196337293000056],[120.55180458600012,18.196480819000044],[120.55177888000003,18.196579359000054],[120.55173389400011,18.196637198000076],[120.55163650000009,18.196662144000072],[120.55338759300002,18.19774311200007],[120.55347875500001,18.19775581700003],[120.55353591500011,18.197852988000022],[120.55363880200002,18.198018752000053],[120.55381599700002,18.198184515000037],[120.55399319300011,18.19833884600007],[120.55417610400002,18.198441734000028],[120.5543075710001,18.198521757000037],[120.5543875950001,18.198578917000077],[120.55463338100003,18.198721816000045],[120.55439331100001,18.199064774000078],[120.55423326300001,18.19936200500007],[120.55418182000005,18.199504904000037],[120.55415324000012,18.199704963000045],[120.55413692200011,18.19989054900003],[120.554123462,18.200004958000022],[120.5540741100001,18.200222558000064],[120.55368453000006,18.201848453000025],[120.55358735900006,18.201934192000067],[120.55346732300006,18.20201993200004],[120.553318708,18.202185695000026],[120.5532158200001,18.202385754000034],[120.55124001900003,18.20820477500007],[120.55205809800009,18.208246373000065],[120.55319509000003,18.20821864100003],[120.55434594700012,18.208274104000054],[120.55582958200011,18.208232507000048]]]},"properties":{"brgy_name":"Bgy. No. 47, Bengcag","name":"Bgy. No. 47, Bengcag","brgy_code":"102812008","psgc_code":"102812008","adm4_pcode":"PH0102812008","adm3_pcode":"PH0102812","city_name":"Laoag City","prov_name":"Ilocos Norte","reg_name":"Region I","shape_sqkm":2.40369353006,"boundary_source":"altcoder/philippines-psgc-shapefiles; sourced from PSA/NAMRIA/OCHA public administrative boundaries","boundary_granularity":"barangay"}},{"type":"Feature","geometry":{"type":"Polygon","coordinates":[[[120.57602891300007,18.18767303800007],[120.57723858200006,18.187579223000057],[120.57736201700004,18.187569608000047],[120.5781434910001,18.187506400000075],[120.57838482900002,18.187512146000074],[120.57859169000005,18.18752938500006],[120.57883302800008,18.18755811500006],[120.57905138100011,18.187592592000044],[120.57927548000009,18.18762706900003],[120.57959151700004,18.18766729200007],[120.57987882400005,18.187696023000058],[120.58001673100011,18.18769027700006],[120.58026956100002,18.187644308000074],[120.58060858300007,18.18755811500006],[120.5807135120001,18.187530215000038],[120.58182676400008,18.187219094000056],[120.58226347000004,18.187086932000057],[120.58232033600007,18.187064484000075],[120.58309091400008,18.186759403000053],[120.58317175200011,18.186729658000047],[120.58325022100007,18.18669602800003],[120.58315120100008,18.18655777400005],[120.58302976100003,18.186382153000068],[120.58291953100002,18.186206533000075],[120.58261499800005,18.185739457000068],[120.58252226900004,18.185621380000043],[120.58238621900011,18.185446764000062],[120.5823011230001,18.18533403500004],[120.58218105000003,18.185160171000064],[120.58214979000002,18.185107971000036],[120.58201013500002,18.18488377400007],[120.58186580800009,18.184556821000058],[120.5817948130001,18.184431645000075],[120.5815945700001,18.184076436000055],[120.58144357200001,18.183833788000072],[120.58135389300003,18.18370113800006],[120.58129971200003,18.183618933000048],[120.58122684800003,18.18352365000004],[120.58096154900011,18.18328824300005],[120.58074856300004,18.18312570100005],[120.58065888400006,18.18304910100005],[120.5805990990001,18.182979973000045],[120.58055425900011,18.182910846000027],[120.58047765900005,18.182809958000064],[120.58042161000003,18.182709070000044],[120.58034687800011,18.18258576200003],[120.58020862300009,18.182337277000045],[120.5800199250001,18.182010324000032],[120.57970605000003,18.181498409000028],[120.57932491600002,18.180990231000067],[120.57916611000007,18.180745483000067],[120.57905774900007,18.180601624000076],[120.57895499200004,18.180478316000062],[120.57882047400005,18.18031203700002],[120.57863738000003,18.180119601000058],[120.57855517500002,18.180035528000076],[120.57838702800007,18.179878590000044],[120.578228222,18.179751546000034],[120.5778732440001,18.179469432000076],[120.57777422400011,18.179377885000065],[120.5776826770001,18.17927886500007],[120.57755563300009,18.179123796000056],[120.57743232500002,18.178948175000073],[120.57732209500011,18.17878937000006],[120.577223075,18.17863616900007],[120.57451864900008,18.17969154000002],[120.57280751100006,18.17999809300005],[120.57268916500004,18.180017587000066],[120.57138262300009,18.18025043600005],[120.56973698500008,18.180095187000063],[120.56784295000011,18.180560934000027],[120.56726630300011,18.18077011300005],[120.56638231600004,18.17998715400006],[120.56539730200006,18.179608302000076],[120.5641023710001,18.179170432000035],[120.56190560000005,18.175634256000023],[120.56160406600009,18.175964133000036],[120.56132552700001,18.176210533000074],[120.56112197900006,18.17627481100004],[120.56011495400003,18.17627481100004],[120.55983641500006,18.176306950000026],[120.55950431000008,18.176381942000035],[120.55922298100006,18.17648247900007],[120.55935346400008,18.176852462000056],[120.55938951000007,18.17694093800003],[120.55943210900011,18.17702613700004],[120.55947470900003,18.177091675000042],[120.5595042010001,18.17714410600007],[120.55957629300008,18.177222751000045],[120.55976963,18.177406258000076],[120.56027031300005,18.177798667000047],[120.56060524000009,18.178117345000032],[120.56129338900007,18.178805494000073],[120.56178492400011,18.179336352000064],[120.56208606200005,18.17967861900007],[120.5627745480001,18.180470160000027],[120.5632949400001,18.181042105000074],[120.56389524800011,18.18169899800006],[120.56441955200012,18.182318332000023],[120.56513719300006,18.18322931000006],[120.56624806200011,18.184625270000026],[120.56639224600008,18.18478583800004],[120.56649055300011,18.184857930000078],[120.56659213700004,18.18492674500004],[120.56669372100009,18.18496606700006],[120.56683790400007,18.185031605000063],[120.56693293400008,18.185057821000044],[120.56729479500007,18.18493599900006],[120.56738634200008,18.184922921000066],[120.56745920600008,18.18491918500007],[120.56753037900012,18.18492063900004],[120.56760867000003,18.184930394000048],[120.56765724600007,18.184939736000047],[120.56770955900004,18.18495281400004],[120.56776187100002,18.184969629000022],[120.56779923700003,18.184990180000057],[120.56782913000006,18.185006995000037],[120.56855893700003,18.18567912900005],[120.56871408300003,18.18581129000006],[120.56889795900008,18.18596069000006],[120.56905885100002,18.186064120000026],[120.56932317300004,18.186225012000023],[120.56971391100001,18.18642038100006],[120.5699380100001,18.18651231900003],[120.57016450900005,18.18657823800004],[120.57031584200001,18.18660999900004],[120.57055284600006,18.18666171800004],[120.57108149100009,18.186747910000065],[120.57162162700001,18.186845595000023],[120.57206408000002,18.18693178700005],[120.5724663090001,18.187023725000074],[120.57335121400001,18.18726506300004],[120.57365001300002,18.18740297000005],[120.57390054400003,18.187473055000055],[120.57439126500003,18.187598338000043],[120.57477051000001,18.18767878400007],[120.57513826200011,18.187713261000056],[120.57553474600002,18.187724753000055],[120.57602891300007,18.18767303800007]]]},"properties":{"brgy_name":"Bgy. No. 50, Buttong","name":"Bgy. No. 50, Buttong","brgy_code":"102812009","psgc_code":"102812009","adm4_pcode":"PH0102812009","adm3_pcode":"PH0102812","city_name":"Laoag City","prov_name":"Ilocos Norte","reg_name":"Region I","shape_sqkm":1.4545069409,"boundary_source":"altcoder/philippines-psgc-shapefiles; sourced from PSA/NAMRIA/OCHA public administrative boundaries","boundary_granularity":"barangay"}},{"type":"Feature","geometry":{"type":"Polygon","coordinates":[[[120.56068704500001,18.259053711000035],[120.56105398900002,18.258596649000026],[120.56108289200006,18.258528641000055],[120.56112539700007,18.258470834000036],[120.56154367800002,18.25804184900005],[120.56234946100005,18.257312004000028],[120.56253930500009,18.257147472000042],[120.56263633600008,18.25702090900006],[120.56270383600008,18.256890128000066],[120.56273336800007,18.256738252000048],[120.56272071100011,18.256586377000076],[120.56269118000012,18.256442939000067],[120.56251129800012,18.253772733000062],[120.56248677400004,18.253269987000067],[120.56248677400004,18.252460688000042],[120.56241320100003,18.251982466000072],[120.56233962800002,18.25149198200006],[120.56218470700003,18.248299072000066],[120.56031891900011,18.248701071000028],[120.5575293820001,18.249578573000065],[120.55658380000011,18.250057929000036],[120.55688584200004,18.250669148000043],[120.55742105000002,18.25176293000004],[120.55792968800006,18.253005186000053],[120.55826541600004,18.253798069000027],[120.55872705400009,18.254815020000024],[120.55873461600004,18.254862039000045],[120.55874898400009,18.25489552600004],[120.5587609910001,18.25493212200007],[120.5587651730001,18.254939716000024],[120.55876783000008,18.254951938000033],[120.55877201300007,18.254959533000033],[120.55877550700006,18.254973274000065],[120.55880195500004,18.255047189000038],[120.5588191280001,18.255100563000042],[120.55883775400002,18.25514547800003],[120.55885950400011,18.255184972000052],[120.5588985280001,18.25524103400005],[120.55893701000002,18.255310907000023],[120.55894279200004,18.255317707000074],[120.55899967900007,18.255420998000034],[120.55900226200004,18.25542938700005],[120.55901564700002,18.255453690000024],[120.55902917900005,18.255485659000044],[120.5590358720001,18.255497811000055],[120.5590528240001,18.255539687000066],[120.55906119000008,18.255554877000066],[120.55906293700002,18.255561748000048],[120.55907890500009,18.255594441000028],[120.55913500300005,18.255740682000066],[120.55914373700011,18.255775034000067],[120.55914297400011,18.25577734700005],[120.55914919800011,18.255807142000037],[120.55914934500004,18.255814807000036],[120.55918019900002,18.255907815000057],[120.55923935400006,18.256018923000056],[120.55933922700001,18.256174374000068],[120.55940866200001,18.256300449000037],[120.55942135800001,18.256330898000044],[120.55944401900001,18.256375743000035],[120.55946522800002,18.25642904700004],[120.5594713050001,18.25645117700003],[120.55947396200008,18.25646339900004],[120.5594744770001,18.25649022600004],[120.55947826600004,18.25651929600002],[120.55949056700001,18.25657122100006],[120.55949900600001,18.256590243000062],[120.55951185000004,18.256628357000068],[120.55952447200002,18.25665497400007],[120.55952880200005,18.25667023400007],[120.55955586700009,18.256734171000062],[120.55956172300012,18.25674480400005],[120.55956347000006,18.256751674000043],[120.55956932600009,18.25676230700003],[120.55957532900004,18.256780605000074],[120.55959890100007,18.256830801000035],[120.55960657700007,18.256852136000077],[120.55962338300003,18.256886348000023],[120.55964801200003,18.256949560000066],[120.55965470400008,18.256961712000077],[120.55966238100007,18.256983048000052],[120.55969020900011,18.257044671000074],[120.55972662400006,18.25713298200003],[120.55978503200004,18.257244872000058],[120.55978768900002,18.257257094000067],[120.55979361900006,18.25727155900006],[120.559805331,18.257292825000036],[120.55982730300002,18.25734381500007],[120.55985833000011,18.25740385000006],[120.55986768000002,18.257428223000034],[120.55989117800004,18.257474587000047],[120.55993709000006,18.257594936000032],[120.55993891000003,18.257605639000076],[120.55994833300008,18.257633844000054],[120.55995455800007,18.257663639000043],[120.55996122400006,18.257716429000027],[120.55997837200005,18.25781044000007],[120.55998786900011,18.257842479000033],[120.55999325700009,18.257870754000066],[120.55999835000011,18.257883701000026],[120.56000981500006,18.25793410700004],[120.5600319350001,18.25799276200007],[120.56005558000004,18.258046790000037],[120.56007907800006,18.25809315400005],[120.56008333500006,18.258104581000055],[120.56013436700005,18.258197239000026],[120.5601361140001,18.258204109000076],[120.56014364300006,18.258217780000052],[120.56015110500005,18.25825379300005],[120.56023567400007,18.258411042000034],[120.56025727800011,18.258442870000067],[120.56026739100002,18.25846493000006],[120.56028412300009,18.258495310000058],[120.56030776800003,18.258549338000023],[120.56031544500001,18.258570674000055],[120.56032213800006,18.258582826000065],[120.56032723100009,18.258595772000035],[120.56032988800007,18.258607994000045],[120.56033490700008,18.258617107000077],[120.560356264,18.258678076000024],[120.56037602200001,18.258739839000043],[120.56038741300006,18.258786413000053],[120.56039075900003,18.25879248900003],[120.56040124100002,18.258833711000023],[120.56040458700011,18.258839787000056],[120.56042304000005,18.25891767400003],[120.5604240240001,18.258926858000052],[120.56043603100011,18.258963453000035],[120.56043767100005,18.259003102000065],[120.56044443700011,18.259019086000023],[120.56047049300003,18.259114477000026],[120.5604821280001,18.259149131000072],[120.5605115510001,18.259134430000074],[120.56056478500011,18.259250032000068],[120.56068704500001,18.259053711000035]]]},"properties":{"brgy_name":"Bgy. No. 60-A, Caaoacan","name":"Bgy. No. 60-A, Caaoacan","brgy_code":"102812010","psgc_code":"102812010","adm4_pcode":"PH0102812010","adm3_pcode":"PH0102812","city_name":"Laoag City","prov_name":"Ilocos Norte","reg_name":"Region I","shape_sqkm":0.457488064343,"boundary_source":"altcoder/philippines-psgc-shapefiles; sourced from PSA/NAMRIA/OCHA public administrative boundaries","boundary_granularity":"barangay"}},{"type":"Feature","geometry":{"type":"Polygon","coordinates":[[[120.55301161900002,18.188818051000055],[120.5532569500001,18.18877148000007],[120.55361323900001,18.188672866000047],[120.55469066600006,18.18839177900003],[120.55508597300002,18.188269519000073],[120.55530260300009,18.188190190000057],[120.5556014020001,18.188063775000046],[120.5565667520001,18.187655800000073],[120.55698622000011,18.187494908000076],[120.55734822700003,18.18740297000005],[120.55756658000007,18.187374239000064],[120.55786834500009,18.18734427800007],[120.55808947800006,18.187368493000065],[120.55851469200002,18.187379985000064],[120.55876211000009,18.187371550000023],[120.55902035200006,18.187362747000066],[120.55955474300004,18.187299539000037],[120.56014084900005,18.18720760100007],[120.56061777800005,18.187115663000043],[120.56138776000012,18.18690880200006],[120.56187043600005,18.186736418000066],[120.56281854800011,18.18642612700006],[120.56318494000004,18.18629720100006],[120.56381262900004,18.18608135900007],[120.56634964600005,18.185238050000066],[120.56693293400008,18.185057821000044],[120.56683790400007,18.185031605000063],[120.56669372100009,18.18496606700006],[120.56659213700004,18.18492674500004],[120.56649055300011,18.184857930000078],[120.56639224600008,18.18478583800004],[120.56624806200011,18.184625270000026],[120.56513719300006,18.18322931000006],[120.56441955200012,18.182318332000023],[120.56389524800011,18.18169899800006],[120.56231888700006,18.18264998500007],[120.56197122800006,18.18276918300006],[120.56142490600007,18.182957912000063],[120.55980580800008,18.183593631000065],[120.55947801500008,18.18373269500006],[120.55922968700008,18.183891625000058],[120.55886216200008,18.18409028700006],[120.55853436900009,18.18436841500005],[120.55803157900004,18.184872821000056],[120.55468685500011,18.18624115500006],[120.55385070700004,18.18624115500006],[120.55327444500006,18.18612128700005],[120.55300953400001,18.186094796000077],[120.55237374800004,18.185935849000032],[120.5521088370001,18.186306725000065],[120.55224129200008,18.186571636000053],[120.5519196030001,18.18687822000004],[120.55157901500002,18.18691602000007],[120.55102270100008,18.18696900200007],[120.55060565600002,18.187017578000052],[120.55025445900003,18.187074967000058],[120.54991007500007,18.18691602000007],[120.54966996700011,18.18659950400007],[120.5492742890001,18.186306725000065],[120.5489532680001,18.185942531000023],[120.54879744900006,18.185511992000045],[120.54914183300002,18.18508813400007],[120.54969814600008,18.184584803000064],[120.55020147700009,18.184266910000076],[120.55070480800009,18.18421392700003],[120.55131410400008,18.18413445400006],[120.55147305000003,18.183710597000072],[120.55136708600003,18.18328673900004],[120.55104919300004,18.18302182800005],[120.55075779000003,18.182730426000035],[120.55041340600008,18.182306568000058],[120.55033393300005,18.18193569300007],[120.55025445900003,18.181617799000037],[120.5498835840001,18.181458853000038],[120.54945972600001,18.181617799000037],[120.54919481500008,18.18204165700007],[120.54877095800009,18.18233305900003],[120.54810868000004,18.182571479000046],[120.54760534900004,18.18296884600005],[120.54694307200009,18.18312779200005],[120.54365169500011,18.182691920000025],[120.54259110400005,18.18453991900003],[120.54231790100005,18.18493875400003],[120.54212259500002,18.185162002000027],[120.54238376100011,18.185245013000042],[120.54287857300005,18.185382643000025],[120.54299326500006,18.185408859000063],[120.54379282900004,18.185612026000058],[120.54455962300005,18.185861071000033],[120.54487092900001,18.185992147000036],[120.5452215570001,18.18614943800003],[120.5457587730001,18.18645350500003],[120.54596213700006,18.186565604000066],[120.5463029340001,18.18676221800007],[120.547708725,18.187538844000073],[120.54794138500006,18.187686304000067],[120.5484525810001,18.188017271000035],[120.54892117800011,18.18830891500005],[120.5490129310001,18.18835479200004],[120.54918660700002,18.188439991000052],[120.54934062100006,18.188492422000024],[120.54948480500002,18.188525191000053],[120.54962898800011,18.188548129000026],[120.5498229210001,18.188575955000033],[120.55000747100007,18.18858488500007],[120.55016344100011,18.188596106000034],[120.55048734100001,18.188615404000075],[120.55130007600008,18.188663202000043],[120.55209625900011,18.188759058000073],[120.55221276100008,18.18877484500007],[120.55234908900002,18.18879353500006],[120.55284840600007,18.188825252000072],[120.55301161900002,18.188818051000055]]]},"properties":{"brgy_name":"Bry. No. 48-A, Cabungaan North","name":"Bry. No. 48-A, Cabungaan North","brgy_code":"102812011","psgc_code":"102812011","adm4_pcode":"PH0102812011","adm3_pcode":"PH0102812","city_name":"Laoag City","prov_name":"Ilocos Norte","reg_name":"Region I","shape_sqkm":0.894875473568,"boundary_source":"altcoder/philippines-psgc-shapefiles; sourced from PSA/NAMRIA/OCHA public administrative boundaries","boundary_granularity":"barangay"}},{"type":"Feature","geometry":{"type":"Polygon","coordinates":[[[120.55060565600002,18.187017578000052],[120.55102270100008,18.18696900200007],[120.55157901500002,18.18691602000007],[120.5519196030001,18.18687822000004],[120.55224129200008,18.186571636000053],[120.5521088370001,18.186306725000065],[120.55237374800004,18.185935849000032],[120.55300953400001,18.186094796000077],[120.55327444500006,18.18612128700005],[120.55385070700004,18.18624115500006],[120.55468685500011,18.18624115500006],[120.55803157900004,18.184872821000056],[120.55853436900009,18.18436841500005],[120.55886216200008,18.18409028700006],[120.55922968700008,18.183891625000058],[120.55947801500008,18.18373269500006],[120.55980580800008,18.183593631000065],[120.56142490600007,18.182957912000063],[120.56197122800006,18.18276918300006],[120.56231888700006,18.18264998500007],[120.56389524800011,18.18169899800006],[120.5632949400001,18.181042105000074],[120.5627745480001,18.180470160000027],[120.56208606200005,18.17967861900007],[120.56178492400011,18.179336352000064],[120.56129338900007,18.178805494000073],[120.56060524000009,18.178117345000032],[120.56027031300005,18.177798667000047],[120.55976963,18.177406258000076],[120.55957629300008,18.177222751000045],[120.5595042010001,18.17714410600007],[120.55947470900003,18.177091675000042],[120.55943210900011,18.17702613700004],[120.55938951000007,18.17694093800003],[120.55935346400008,18.176852462000056],[120.55922298100006,18.17648247900007],[120.55887224100002,18.176617629000077],[120.55854013700002,18.17669262000004],[120.5582458770001,18.17670292300005],[120.55794020700012,18.17669262000004],[120.55771523300007,18.176660481000056],[120.55735099000003,18.176617629000077],[120.55710459000011,18.176521211000022],[120.55687961700005,18.176381942000035],[120.55645109500006,18.176189107000027],[120.55614041700005,18.176114116000065],[120.55586187800009,18.176114116000065],[120.55556191300002,18.17614625500005],[120.55528337400006,18.176210533000074],[120.55512267900008,18.176306950000026],[120.55494055700001,18.176414081000075],[120.55480128700003,18.176628342000072],[120.5547691480001,18.176864028000068],[120.55476047500008,18.177143812000054],[120.55472472800011,18.177310634000037],[120.55460384000003,18.17762659500005],[120.55456386300011,18.177840892000063],[120.55458769500001,18.178037505000077],[120.55461152600003,18.178186453000023],[120.554695648,18.178339449000077],[120.55478205400004,18.178431256000067],[120.55483605800009,18.178512263000073],[120.55485225900009,18.178609470000026],[120.55484685900001,18.17872827900004],[120.55479285500007,18.178895692000026],[120.55470487000002,18.178963784000075],[120.55453346200011,18.179049488000032],[120.55420135700001,18.179092340000068],[120.55398709700012,18.179103053000063],[120.55377283600001,18.17914590500004],[120.5536749690001,18.179187314000046],[120.55361214000004,18.17926374900003],[120.55353455900001,18.179316924000034],[120.55341034900005,18.17936012800004],[120.5532907490001,18.179349453000043],[120.55311934100007,18.179328027000054],[120.55301611900006,18.179295323000076],[120.55294051300007,18.17925211900007],[120.55287294100003,18.17916733100003],[120.55247655900007,18.178653105000024],[120.55230515000005,18.178363853000064],[120.55223305900006,18.178231441000037],[120.5521358520001,18.177988423000045],[120.55205875000001,18.177903193000077],[120.55197924000004,18.177864213000078],[120.5518873420001,18.177849628000047],[120.55176322300008,18.17786961400003],[120.55168761700008,18.17791821700007],[120.55161741200004,18.17799922300003],[120.55133119000004,18.178323248000027],[120.55110437300004,18.17849066100007],[120.55089375700004,18.178560866000055],[120.55079114900002,18.17857706800004],[120.55069934200003,18.178566267000065],[120.55047792500011,18.17854466500006],[120.55031051200001,18.178496061000033],[120.55011069700004,18.178415055000073],[120.54975812600003,18.17825672300006],[120.5492599690001,18.178047819000028],[120.54912782200006,18.17801002400006],[120.54897071700009,18.178015680000044],[120.54881459800004,18.178042427000037],[120.5486171870001,18.178128167000068],[120.54835556300009,18.17826384400007],[120.54824755400011,18.178328649000036],[120.54809634300011,18.178436657000077],[120.54798293400006,18.17855006600007],[120.5477815700001,18.178770949000068],[120.5476913120001,18.178938895000044],[120.54765301400005,18.179092340000068],[120.54741589100001,18.18051041600006],[120.54739428900007,18.18060222300005],[120.54736188700008,18.180721032000065],[120.54728088000002,18.180856042000073],[120.54713506900009,18.18097485100003],[120.54692988400006,18.181117104000066],[120.5468326460001,18.181147664000036],[120.54665670200006,18.181165313000065],[120.54648161900002,18.181158465000067],[120.54630317100009,18.18110103400005],[120.54617919600003,18.181050457000026],[120.54606212800002,18.180972478000058],[120.5457471630001,18.180769635000047],[120.54559611100001,18.18073143500004],[120.54542853900011,18.180715631000055],[120.5452104420001,18.18073143500004],[120.54499650600007,18.180775036000057],[120.54480870300006,18.180859991000034],[120.54418199000008,18.18147063400005],[120.54365169500011,18.182691920000025],[120.54694307200009,18.18312779200005],[120.54760534900004,18.18296884600005],[120.54810868000004,18.182571479000046],[120.54877095800009,18.18233305900003],[120.54919481500008,18.18204165700007],[120.54945972600001,18.181617799000037],[120.5498835840001,18.181458853000038],[120.55025445900003,18.181617799000037],[120.55033393300005,18.18193569300007],[120.55041340600008,18.182306568000058],[120.55075779000003,18.182730426000035],[120.55104919300004,18.18302182800005],[120.55136708600003,18.18328673900004],[120.55147305000003,18.183710597000072],[120.55131410400008,18.18413445400006],[120.55070480800009,18.18421392700003],[120.55020147700009,18.184266910000076],[120.54969814600008,18.184584803000064],[120.54914183300002,18.18508813400007],[120.54879744900006,18.185511992000045],[120.5489532680001,18.185942531000023],[120.5492742890001,18.186306725000065],[120.54966996700011,18.18659950400007],[120.54991007500007,18.18691602000007],[120.55025445900003,18.187074967000058],[120.55060565600002,18.187017578000052]]]},"properties":{"brgy_name":"Bgy. No. 48-B, Cabungaan South","name":"Bgy. No. 48-B, Cabungaan South","brgy_code":"102812012","psgc_code":"102812012","adm4_pcode":"PH0102812012","adm3_pcode":"PH0102812","city_name":"Laoag City","prov_name":"Ilocos Norte","reg_name":"Region I","shape_sqkm":1.28686833776,"boundary_source":"altcoder/philippines-psgc-shapefiles; sourced from PSA/NAMRIA/OCHA public administrative boundaries","boundary_granularity":"barangay"}},{"type":"Feature","geometry":{"type":"Polygon","coordinates":[[[120.53588323500003,18.160372746000064],[120.54142717700006,18.160364412000035],[120.54005767600006,18.15608070600007],[120.53890605100003,18.152803727000048],[120.53857475200005,18.15185168100004],[120.53186357200002,18.132565948000035],[120.53084116800005,18.133377446000054],[120.52890590200002,18.133953017000067],[120.52843617400003,18.134094423000022],[120.52701838500002,18.13446371200007],[120.52376949500001,18.135327549000067],[120.52315185900011,18.13549661600007],[120.51920859800009,18.13714232800004],[120.51409518100002,18.13927367900004],[120.51422623600001,18.139547599000025],[120.51468311600001,18.140572640000073],[120.51509006800006,18.141684592000047],[120.51537368200002,18.14256648500003],[120.51578885600009,18.14370195300006],[120.51613051700008,18.144663646000026],[120.51643075800007,18.145488416000035],[120.51661352200006,18.146396071000026],[120.51678671800005,18.147233061000065],[120.51705938000009,18.148076079000077],[120.51726020700005,18.14890580100007],[120.51748940100003,18.149865972000043],[120.51765818000001,18.150926888000072],[120.5178065560001,18.15194026200004],[120.51811674100009,18.152943467000057],[120.51816673100006,18.153180767000038],[120.51817156200002,18.153209912000023],[120.5181711780001,18.153218754000022],[120.5182007300001,18.15339705300005],[120.51820034700006,18.15340589500005],[120.51820887200006,18.15345732800006],[120.5182087720001,18.153467885000055],[120.51821920100008,18.153508491000025],[120.51821881700005,18.153517333000025],[120.51822430200002,18.153572734000022],[120.51822363400004,18.153579862000072],[120.51822808100007,18.153617849000057],[120.51822948900008,18.153659805000075],[120.5182320460001,18.153675235000037],[120.51823278500001,18.153724319000048],[120.51823609600001,18.153755448000027],[120.51823476100003,18.15376970400007],[120.51823589800006,18.15377656100003],[120.51823484700003,18.153792531000022],[120.51823626700002,18.153801103000035],[120.51823444900003,18.153834757000027],[120.51823587000001,18.15384332900004],[120.51823405200003,18.153876984000078],[120.51823547300012,18.153885556000034],[120.5182313680001,18.153938878000076],[120.518243858,18.153991919000077],[120.51824145800003,18.15405552800007],[120.51824259400007,18.154062386000078],[120.51824040700001,18.154071498000064],[120.51823954000008,18.15409973900006],[120.51823535000005,18.154130234000036],[120.51822698300009,18.15415784000004],[120.51821443900008,18.15418255800006],[120.51820949500006,18.154197354000075],[120.51820882700008,18.154204481000022],[120.51821461000009,18.154228213000067],[120.51822456900004,18.154254834000028],[120.51823197100009,18.154266025000027],[120.51824951700007,18.154316107000056],[120.51825728800009,18.15435184000006],[120.51825690500004,18.15436068200006],[120.51827669700003,18.154491248000056],[120.51827631300011,18.154500090000056],[120.51828029100011,18.15452409200003],[120.51828246500008,18.15454836400005],[120.51828179800009,18.154555492000043],[120.51828463900006,18.15457263600007],[120.5182870970001,18.154598622000037],[120.5182864300001,18.15460575000003],[120.51828927100007,18.154622894000056],[120.51828832000001,18.154628307000053],[120.51829059300007,18.154642022000075],[120.51829057900011,18.154675406000024],[120.51829332200009,18.154703107000046],[120.51829261300009,18.154810387000055],[120.51829431800002,18.154820673000074],[120.51829647800002,18.15487832900004],[120.51830263000011,18.154926603000035],[120.51830196300011,18.15493373000004],[120.51830764600004,18.154968019000023],[120.51830697900004,18.154975146000027],[120.51831237700003,18.15500772000007],[120.518312562,18.155019991000074],[120.51832506500011,18.15509542500007],[120.51832468200007,18.15510426800006],[120.51833064900006,18.15514027000006],[120.51833359000011,18.155146858000023],[120.51833898900009,18.155179432000068],[120.51833889000011,18.155189989000064],[120.51834230000009,18.155210562000036],[120.51834210100003,18.15523167500004],[120.51834531300005,18.15527336100007],[120.51834490200008,18.155348971000024],[120.51834660700001,18.155359258000033],[120.51834510600008,18.155439443000034],[120.51834936800003,18.155465159000073],[120.51835259300003,18.155473461000042],[120.5183554350001,18.155490606000058],[120.51835837600004,18.15549719300003],[120.51836235400003,18.155521195000063],[120.51836529500008,18.155527783000025],[120.51836955700003,18.155553499000064],[120.51838036900006,18.155585263000035],[120.51838235800005,18.15559726400005],[120.51839022900003,18.15562244000006],[120.51839278600005,18.155637870000078],[120.51840615600008,18.155685063000078],[120.5184196240001,18.155721700000072],[120.51842104500008,18.155730273000074],[120.51843185700011,18.155762036000056],[120.51843327800009,18.155770609000058],[120.51844029600011,18.155790641000067],[120.5184422850001,18.155802642000026],[120.5184487350001,18.155819247000068],[120.51846731900002,18.155886743000053],[120.51848095900004,18.155969035000055],[120.51848390000009,18.155975623000074],[120.51848588900009,18.155987624000034],[120.51848550500006,18.155996466000033],[120.51849289300003,18.156041041000037],[120.5184925100001,18.156049883000037],[120.51849827900003,18.15610699900003],[120.51849883400007,18.15614381200004],[120.51850157600006,18.15617151200007],[120.51850109300005,18.156190911000067],[120.51850383600004,18.156218612000032],[120.5185049590001,18.156258853000054],[120.51851129600004,18.15631939800005],[120.518564749,18.15731121500005],[120.51860374500006,18.158092230000022],[120.51857348700003,18.15895200600005],[120.51856753100003,18.159172642000044],[120.5185599030001,18.15924933200006],[120.51855721900006,18.159311227000046],[120.51855341200007,18.159332880000022],[120.51855426400004,18.15933802400002],[120.51854930700006,18.159386203000054],[120.51854777300002,18.159421571000053],[120.51854329800005,18.15945035200002],[120.51854109700002,18.15949284800007],[120.51854240500006,18.159545361000028],[120.51856268000006,18.159656528000028],[120.51856201200007,18.159663656000077],[120.51856485400003,18.159680800000046],[120.51856796600009,18.159733042000028],[120.51857080800005,18.159750186000053],[120.51857335200009,18.159799000000078],[120.51857619400005,18.159816144000047],[120.51857524200011,18.159821557000043],[120.51857808400007,18.15983870200006],[120.51857968900003,18.159859545000074],[120.51857873800009,18.15986495800007],[120.51858157900006,18.15988210200004],[120.51858091200006,18.159889230000033],[120.51858346900008,18.159904659000063],[120.51858582800003,18.159941202000027],[120.51859463800008,18.159994349000044],[120.51859757900002,18.160000937000063],[120.51860184100008,18.160026653000045],[120.51861701500002,18.16007357700005],[120.5186223290001,18.160083323000038],[120.51864575700006,18.16014658100005],[120.51865078700007,18.16015461300003],[120.5187197250001,18.16022534600006],[120.51872512500006,18.16025792000005],[120.51872549400002,18.160282462000055],[120.51872719900007,18.160292748000074],[120.51872671700005,18.16031214700007],[120.51872424500004,18.16031954500005],[120.5187228100001,18.160344357000042],[120.5187196710001,18.160358882000025],[120.51871766800002,18.16038026500007],[120.51870682800006,18.160415269000055],[120.5186927640001,18.16044197100007],[120.51867519000007,18.16045865700005],[120.51865400700001,18.16047588200007],[120.51864555400005,18.160480661000065],[120.51863339300007,18.16049653700003],[120.51862664500004,18.160511602000042],[120.51862350600004,18.160526128000072],[120.51861940100002,18.160579450000057],[120.51862110600007,18.160589737000066],[120.51862147600002,18.16061427900007],[120.51863341100011,18.160686284000064],[120.51863434900008,18.160714255000073],[120.51864315800003,18.160767402000033],[120.5186427750001,18.160776244000033],[120.51864504800005,18.160789959000056],[120.51864371300007,18.16080421500004],[120.51863686600007,18.16082983700005],[120.51863135400004,18.160841203000075],[120.51862203400003,18.160874223000064],[120.51860701800001,18.160906338000075],[120.5185983660001,18.16093223000007],[120.51859113500007,18.160966694000024],[120.51858980000009,18.160980949000077],[120.51858893400004,18.161009190000073],[120.51859166300005,18.161070275000043],[120.51860274600006,18.161137137000026],[120.51860595700009,18.161178823000057],[120.51860566000005,18.161210493000056],[120.51860117100011,18.16127265800003],[120.51860095900008,18.161315999000067],[120.51859449500012,18.161332779000077],[120.518588883,18.16135470200004],[120.51857726300011,18.161440774000027],[120.5185780170001,18.161456474000033],[120.51857619900011,18.161490128000025],[120.51857865700003,18.16151611400005],[120.51857742100003,18.16151981300004],[120.51857750700003,18.16154264100004],[120.518579681,18.16156691200007],[120.5185799510001,18.16160201100007],[120.51858127300011,18.161621139000033],[120.51858752500004,18.161658857000077],[120.51858714100001,18.161667699000077],[120.51858998300008,18.161684843000046],[120.51859177400001,18.161717957000064],[120.51859575200001,18.16174195900004],[120.51859811100007,18.16177850100007],[120.51860180500012,18.16180078900004],[120.51860784500002,18.161893003000046],[120.51864233000003,18.16208989100005],[120.51864726000008,18.16210848000003],[120.51865371000008,18.162125084000024],[120.51867107200007,18.16216289600004],[120.51867316100004,18.16216434000006],[120.51869916100009,18.16220964400003],[120.51871025800006,18.162243122000064],[120.51871452000012,18.162268839000035],[120.51871702300002,18.16236202700003],[120.51873208400002,18.162452891000044],[120.51877115600007,18.162577057000078],[120.51877996600001,18.16263020400004],[120.518780719,18.162645904000044],[120.51877928400006,18.162670716000036],[120.51877395700001,18.162694353000063],[120.51875732100007,18.162739009000063],[120.51875379800003,18.162762377000035],[120.51875132600003,18.162769775000072],[120.51874817300006,18.16281768400006],[120.51874921100011,18.162835098000073],[120.51875792100009,18.16289880200003],[120.51875753800005,18.16290764400003],[120.51876037900001,18.162924788000055],[120.51875971200002,18.162931916000048],[120.51876397400008,18.16295763200003],[120.51876444400011,18.16297161700004],[120.51877524200006,18.163036765000072],[120.51877514300008,18.163047322000068],[120.51877798500004,18.163064466000037],[120.51877674900004,18.163068165000027],[120.51880701700009,18.163273080000067],[120.51881584000012,18.163292843000022],[120.51881991800008,18.163306288000058],[120.51883270600001,18.16338343700005],[120.51883678400009,18.163396883000075],[120.5188449630001,18.163446227000065],[120.53588323500003,18.160372746000064]]]},"properties":{"brgy_name":"Bgy. No. 37, Calayab","name":"Bgy. No. 37, Calayab","brgy_code":"102812013","psgc_code":"102812013","adm4_pcode":"PH0102812013","adm3_pcode":"PH0102812","city_name":"Laoag City","prov_name":"Ilocos Norte","reg_name":"Region I","shape_sqkm":6.24047987388,"boundary_source":"altcoder/philippines-psgc-shapefiles; sourced from PSA/NAMRIA/OCHA public administrative boundaries","boundary_granularity":"barangay"}},{"type":"Feature","geometry":{"type":"Polygon","coordinates":[[[120.62351239000009,18.19565830700003],[120.62378796900009,18.195624844000065],[120.62386473700008,18.195609097000045],[120.62394937900001,18.195581539000045],[120.62403205300006,18.195548076000023],[120.62413441000001,18.195483118000027],[120.62427416800006,18.19538863400004],[120.62437455700001,18.195345329000077],[120.62451234700006,18.19528824500003],[120.6249296520001,18.195097308000072],[120.62536073600006,18.194884719000072],[120.62565796700005,18.19472330800005],[120.62590205100003,18.194579614000077],[120.62602999800004,18.19452646600007],[120.62612154300007,18.194451660000027],[120.62579338400008,18.19386520100005],[120.625512748,18.193365092000022],[120.6254299960001,18.193167207000045],[120.6252932750001,18.192846994000035],[120.62519613200004,18.192649109000058],[120.62509539000007,18.192429636000043],[120.62492988700001,18.192242545000056],[120.62473560000001,18.192069846000038],[120.62459168300006,18.191922331000058],[120.62449813800004,18.19180360100006],[120.62441178800009,18.19169206500004],[120.62433623200002,18.19153375800005],[120.62429665500008,18.19140783100005],[120.62427147000005,18.19129269800004],[120.62430025300011,18.19099766900007],[120.62429305700005,18.190907722000077],[120.62427506800009,18.190806980000048],[120.62426067600006,18.190717033000055],[120.62421750100009,18.190627085000074],[120.62418871800003,18.19054073500007],[120.62412035700004,18.190389623000044],[120.62411316200007,18.19031406700003],[120.6241383470001,18.190162955000062],[120.62412755300011,18.190058616000044],[120.62410596600012,18.189965070000028],[120.62397644100008,18.18964485600003],[120.62385411200012,18.189396601000055],[120.62342596100007,18.188569082000072],[120.62323887000002,18.18819849700003],[120.62315252000008,18.188018602000056],[120.62070543100003,18.183541121000076],[120.61786809400007,18.181499194000025],[120.6169580190001,18.179358059000037],[120.6156084590001,18.17796425100005],[120.6142810230001,18.174734157000046],[120.61242089600012,18.17439315000007],[120.61170334400003,18.174611536000043],[120.61111058300003,18.17486111900007],[120.61039129800008,18.17498244500007],[120.61015558000008,18.175024042000075],[120.60985053400009,18.17498244500007],[120.6095454870001,18.174954713000034],[120.60906018600008,18.174926982000045],[120.6087551390001,18.175024042000075],[120.6098423840001,18.176533651000057],[120.61021603400002,18.17704597900007],[120.61048873200002,18.177492792000066],[120.61055910100004,18.177593009000077],[120.61062067400007,18.177680699000064],[120.61067343900004,18.177722449000044],[120.61073938000004,18.17772660600002],[120.61090200900003,18.177659731000062],[120.61100311200005,18.177647171000046],[120.61107345900007,18.177680563000024],[120.61109037800009,18.177749537000068],[120.61114400500003,18.17788478700004],[120.61118604900003,18.177989341000057],[120.6112517900001,18.17811821600003],[120.61135265900009,18.17830973200006],[120.61148810500003,18.178501238000024],[120.61167519600008,18.178735102000076],[120.6117579480001,18.17883584300006],[120.61198821400001,18.179148861000044],[120.61206377000008,18.179249603000073],[120.61213932600003,18.179296375000035],[120.61214292400007,18.179361138000047],[120.61303160700004,18.180595220000043],[120.61308197800008,18.180674374000034],[120.6131755240001,18.180803899000068],[120.61322806200008,18.180876402000024],[120.61326153100003,18.180913058000044],[120.61329818800004,18.18092421500006],[120.61333325100009,18.180922621000036],[120.61334835600007,18.180915466000044],[120.61336353200011,18.18090827700007],[120.6134448140001,18.180854089000036],[120.61348465800006,18.18084133900004],[120.61353087700002,18.180852495000067],[120.61356594000006,18.180881183000054],[120.61365404500009,18.181026969000072],[120.61369344100001,18.181072435000033],[120.61373328500008,18.181091560000027],[120.61377637400005,18.18109892700005],[120.613843255,18.18108996600006],[120.6138878800001,18.18108996600006],[120.6139261300001,18.181102716000055],[120.61394844300003,18.18113140400004],[120.61398145500004,18.18122125600007],[120.6141361650001,18.181505490000063],[120.61416891800002,18.18154310600005],[120.61420503900001,18.181566501000077],[120.61424966400011,18.181580845000042],[120.61430385200003,18.181580845000042],[120.614483113,18.18204587100007],[120.61429584300004,18.182165230000066],[120.61403654600008,18.182338095000034],[120.6129726040001,18.18298222100003],[120.61297054600004,18.18303572700006],[120.61296025700005,18.18306659600006],[120.61293144600006,18.183109812000055],[120.61281826100003,18.183342356000026],[120.61279974000001,18.183418499000027],[120.61279974000001,18.183467889000042],[120.6128059130001,18.183506989000023],[120.61299935700004,18.18402558400004],[120.61416523200012,18.185620261000054],[120.61579173000007,18.187638814000024],[120.61617318900005,18.188037227000052],[120.61650808500008,18.18824167200006],[120.61675809300004,18.188138949000063],[120.6170431270001,18.188385838000045],[120.61739330300009,18.189745402000028],[120.61822975000007,18.190153425000062],[120.61871937700005,18.191091878000066],[120.61912740000002,18.191785517000028],[120.6197802370001,18.19207113300007],[120.62053507900009,18.192805574000033],[120.62269760100003,18.195070102000045],[120.62302991900003,18.195710105000046],[120.62304390600002,18.195737044000055],[120.62351239000009,18.19565830700003]]]},"properties":{"brgy_name":"Bgy. No. 54-B, Camangaan","name":"Bgy. No. 54-B, Camangaan","brgy_code":"102812014","psgc_code":"102812014","adm4_pcode":"PH0102812014","adm3_pcode":"PH0102812","city_name":"Laoag City","prov_name":"Ilocos Norte","reg_name":"Region I","shape_sqkm":1.35926144812,"boundary_source":"altcoder/philippines-psgc-shapefiles; sourced from PSA/NAMRIA/OCHA public administrative boundaries","boundary_granularity":"barangay"}},{"type":"Feature","geometry":{"type":"Polygon","coordinates":[[[120.57088746700003,18.22560851700007],[120.5708941580001,18.225374319000025],[120.57090977200005,18.22518473100007],[120.57092538500001,18.225039751000054],[120.57093430700002,18.224943842000073],[120.57095774100003,18.224826302000054],[120.57172678100005,18.22309596100007],[120.57186707900007,18.222804973000052],[120.57196580700008,18.22269585300006],[120.57204375000003,18.22264389000003],[120.57258415700005,18.222389276000058],[120.57266729700007,18.222332117000064],[120.57298946200001,18.222129465000023],[120.57350908400008,18.221724160000065],[120.57378448400004,18.221505919000037],[120.57389880000005,18.22135522800005],[120.57399752800006,18.221162968000044],[120.57408586400004,18.220955119000052],[120.57411184500006,18.220804429000054],[120.57414821900011,18.22071089700006],[120.57428851700001,18.220482264000054],[120.57457430900001,18.219843129000026],[120.57463146700002,18.219739204000064],[120.57528099400008,18.21908448100004],[120.57561355200005,18.21883506200004],[120.57574865400011,18.218715549000024],[120.57579948300008,18.218642467000052],[120.57582252100008,18.218591273000072],[120.57583532000001,18.21852088000003],[120.5758404390001,18.218451767000033],[120.57585195800004,18.218367296000054],[120.57587883500003,18.218289224000046],[120.57592532500007,18.218201124000075],[120.57601545500006,18.218057127000066],[120.57612278200008,18.217925724000054],[120.5762275720001,18.21782902900003],[120.57630893200007,18.21777963200003],[120.57641934900005,18.217738952000047],[120.57650942600003,18.217720065000037],[120.57659659700005,18.21770553600004],[120.57669103300009,18.21767212000003],[120.57676222300006,18.217625629000054],[120.5768377710001,18.21753119300007],[120.57693836100009,18.21734385700006],[120.57700888900001,18.217243103000044],[120.57708949200003,18.217145707000043],[120.57721543500008,18.21706342500005],[120.577351453,18.21704159500007],[120.57752945300001,18.217039915000043],[120.57765203700001,18.217058387000066],[120.57776958300008,18.217088613000044],[120.57786194200003,18.21713395300003],[120.57796773400003,18.217199443000027],[120.57807352500004,18.21728844200004],[120.57813891400008,18.217364533000023],[120.57818695500009,18.21744497900005],[120.57820978400002,18.217514668000035],[120.57821459000002,18.21758796200004],[120.57815550200007,18.217808760000025],[120.57813891400008,18.217925724000054],[120.5779789400001,18.21821473500006],[120.57789726600004,18.21837808400005],[120.57787734500005,18.218521511000063],[120.57788929800006,18.218658963000053],[120.57794308300004,18.218814343000076],[120.57795503500006,18.218953787000032],[120.5779390990001,18.219091239000022],[120.57787136900004,18.219270524000024],[120.57784547200004,18.219394031000036],[120.57785742500005,18.21949363400006],[120.57788929800006,18.219567340000026],[120.5779530430001,18.219635070000038],[120.57806061400004,18.219690847000038],[120.57820802600008,18.21973865600006],[120.57833551800002,18.21974861700005],[120.57845588400005,18.21974440100007],[120.57858054000008,18.219756585000027],[120.57871569500003,18.21978077400007],[120.57881958700011,18.21977451300006],[120.57894309400001,18.219740648000027],[120.5791781580001,18.219630084000073],[120.57945355800007,18.219489786000054],[120.57969082000011,18.219364490000032],[120.57991602100003,18.21924556400006],[120.58013426200012,18.219188405000068],[120.58030054100004,18.21912085400004],[120.58045642800005,18.21904810700005],[120.58058113700008,18.21897536000006],[120.58066947300006,18.218845455000064],[120.5807214350001,18.218710353000063],[120.58079937800005,18.21839858000004],[120.58082016300011,18.218201124000075],[120.5808513400001,18.21804004100005],[120.58088251800007,18.21796729400006],[120.58096171800003,18.217831880000062],[120.58104879700011,18.217702287000066],[120.58113193600002,18.217551597000067],[120.58193215400001,18.21665784700002],[120.58288825800003,18.215654977000042],[120.58294022000007,18.215577034000034],[120.58343905700008,18.214459847000057],[120.58349621500008,18.214293568000073],[120.58358455100006,18.214174055000058],[120.58395151400009,18.21209592200006],[120.5842734250001,18.210314681000057],[120.58515331500007,18.209928388000037],[120.58553749300006,18.210008327000025],[120.58567061200006,18.20957266700003],[120.5857946540001,18.209155160000023],[120.58588239100004,18.20871950000003],[120.58590356900004,18.20853797500007],[120.58590962000005,18.208447213000056],[120.5859005430001,18.20835039900004],[120.58589146700001,18.20826266200004],[120.58586726400006,18.208126519000075],[120.58578557800001,18.207893562000038],[120.58570994200011,18.207715062000034],[120.58560707800007,18.207445800000073],[120.58542807300012,18.207882145000042],[120.5851449600001,18.208165258000065],[120.58481466,18.20837759400007],[120.58441358300001,18.20877867100006],[120.58401250500003,18.20922693500006],[120.5837765770001,18.209533641000064],[120.58332831400003,18.209863941000037],[120.58271490100003,18.210453761000053],[120.58229123700005,18.210741343000052],[120.58203584600005,18.21052998500005],[120.58195952300002,18.21049182300004],[120.58188173100007,18.21046246800006],[120.5817599070001,18.21041990300006],[120.5812520610001,18.21028633700007],[120.58121536700003,18.210274594000055],[120.58099391300004,18.210223115000076],[120.58055433200002,18.21013769900003],[120.58049391600002,18.210123116000034],[120.58044079100011,18.21010749100003],[120.58030225100003,18.21005957500006],[120.57984496200004,18.209878326000023],[120.57951712400006,18.210259086000065],[120.57893583300006,18.210358029000076],[120.57871321100004,18.21054767000004],[120.57825559900004,18.21079915100006],[120.57705591400008,18.211227904000054],[120.57462987600002,18.212921403000053],[120.57441850000009,18.213202702000046],[120.5741087670001,18.213271531000032],[120.57197928300002,18.213088369000047],[120.570539198,18.214069297000037],[120.5698108900001,18.216129177000028],[120.57066226600011,18.216109552000034],[120.57151709900006,18.216459256000064],[120.57197365700006,18.216857530000027],[120.57237193200001,18.217683221000073],[120.5727216360001,18.21844091400004],[120.57254678400011,18.21890718700007],[120.57233307600006,18.21928603300006],[120.57195422900008,18.219528883000066],[120.57136653100008,18.21971830700005],[120.57114557400007,18.21978650400007],[120.57107591600004,18.219823167000072],[120.57100625800001,18.219837832000053],[120.57091460200002,18.219874494000067],[120.57085960900008,18.219914822000078],[120.57078628400006,18.21996981600006],[120.57073862300001,18.22001014400007],[120.57067996300009,18.220039474000032],[120.57062130400004,18.220072470000048],[120.57051498300007,18.220156793000058],[120.57044165900004,18.220215453000037],[120.5704049960001,18.220263114000034],[120.5704049960001,18.220347437000044],[120.57038666500011,18.220409763000077],[120.57033167200007,18.220453758000076],[120.57018813600007,18.220516117000045],[120.56978540400007,18.220681064000075],[120.56956176400001,18.220754389000035],[120.56951410300007,18.220813048000025],[120.56957078900007,18.22092855300002],[120.56982791600001,18.221754256000054],[120.56991626500007,18.222126383000045],[120.5699403210001,18.222162466000043],[120.56998642700012,18.222274725000034],[120.57002852400001,18.222376961000066],[120.5700505750001,18.222433090000038],[120.57006059800005,18.222501247000025],[120.57006260300011,18.22253933500002],[120.57004857000004,18.222579428000074],[120.57000647300003,18.22262954300004],[120.56996237200008,18.222643575000063],[120.56971780800006,18.222707723000042],[120.56962559500005,18.222751825000046],[120.5695895120001,18.222781894000036],[120.56957347500008,18.222819982000033],[120.5695855030001,18.222886135000067],[120.56964163200007,18.22314072200004],[120.56967571100006,18.223325147000025],[120.56969375200003,18.223405332000027],[120.56969575700009,18.22350756700007],[120.56969575700009,18.22358775200007],[120.56970177100004,18.22367996500003],[120.56970177100004,18.223750127000073],[120.56967170200005,18.22380024200004],[120.56960554900002,18.22385035800005],[120.56952536400001,18.223868399000025],[120.56945921200008,18.223886441000047],[120.56940107800006,18.22391450500004],[120.56937501800007,18.223956603000033],[120.56937902700008,18.224002709000047],[120.56940909600007,18.224088908000056],[120.56945520200009,18.22427934700005],[120.56949128600002,18.22444372600006],[120.56950732300004,18.22454195200004],[120.56950732300004,18.224610109000025],[120.56949730000008,18.22470432600005],[120.56948727600002,18.22479453400007],[120.56948727600002,18.22487672400007],[120.56949128600002,18.224950895000063],[120.56950130900009,18.225025066000057],[120.5695133370001,18.225095228000043],[120.56953939700009,18.225171403000047],[120.56956144700007,18.225225528000067],[120.56957147100002,18.225291681000044],[120.56956545700007,18.22533578200006],[120.5695474150001,18.225379884000063],[120.56949930400003,18.225470092000023],[120.56958515300005,18.22547975200007],[120.56967095100003,18.225528246000067],[120.56970825400003,18.225614043000064],[120.56991740100011,18.225640758000054],[120.5704008570001,18.225756787000023],[120.5708941580001,18.225856097000076],[120.57088746700003,18.22560851700007]]]},"properties":{"brgy_name":"Bgy. No. 58, Casili","name":"Bgy. No. 58, Casili","brgy_code":"102812015","psgc_code":"102812015","adm4_pcode":"PH0102812015","adm3_pcode":"PH0102812","city_name":"Laoag City","prov_name":"Ilocos Norte","reg_name":"Region I","shape_sqkm":1.23485543663,"boundary_source":"altcoder/philippines-psgc-shapefiles; sourced from PSA/NAMRIA/OCHA public administrative boundaries","boundary_granularity":"barangay"}},{"type":"Feature","geometry":{"type":"Polygon","coordinates":[[[120.5575293820001,18.249578573000065],[120.56031891900011,18.248701071000028],[120.56218470700003,18.248299072000066],[120.56224584200004,18.248132648000023],[120.56229339200002,18.24790848500004],[120.56236471700004,18.24739902400006],[120.56236471700004,18.24675710300005],[120.56247724500008,18.24628122000007],[120.56252423300009,18.245941860000073],[120.56257122200009,18.245691255000054],[120.56261298900006,18.245592057000067],[120.56269130300007,18.24549808000006],[120.56285837300004,18.245315348000076],[120.56299933800005,18.245148278000045],[120.56307243100002,18.24499687100007],[120.56311942000002,18.24477759100006],[120.56314030400006,18.24454264900004],[120.56315074500003,18.244349475000035],[120.5631611870001,18.244093649000035],[120.56312279800011,18.243960037000022],[120.5630584910001,18.24385480600006],[120.56299418300011,18.24375542100006],[120.56298005600001,18.24371456700004],[120.56297079800004,18.243661882000026],[120.56297009500008,18.243611490000035],[120.56297664400006,18.24356834300005],[120.56302341300011,18.24346895800005],[120.56314618300007,18.243398804000037],[120.56338003000008,18.243276035000065],[120.56351449200008,18.243194188000075],[120.5651732880001,18.242267817000027],[120.56603792200008,18.24180688000007],[120.56611623600008,18.241953067000054],[120.56615851400011,18.242039973000033],[120.56617777100007,18.242091326000036],[120.56621307700004,18.24212021200003],[120.56627726900001,18.242133051000053],[120.56633504100012,18.242133051000053],[120.56648589200006,18.242075278000073],[120.56659134000006,18.24207314800003],[120.56691503800005,18.242156683000076],[120.56712139000001,18.242213290000052],[120.56721446800009,18.24223896700005],[120.5672818700001,18.24223896700005],[120.56734606200007,18.242210081000053],[120.56747367800006,18.242177567000056],[120.56756243400002,18.242193230000055],[120.56767729500007,18.242224555000064],[120.56772950400011,18.24232897400003],[120.56777127100008,18.242496044000063],[120.56773121200001,18.24273324400008],[120.56773763100011,18.242813483000077],[120.56776330800005,18.24284878900005],[120.56783391900001,18.242877675000045],[120.56796444600002,18.24292416000003],[120.5680688650001,18.242934602000048],[120.56815762000008,18.242934602000048],[120.56838212100001,18.242971149000027],[120.5685817530001,18.24298359100004],[120.56866841200008,18.24298038200004],[120.56871976500008,18.242951496000046],[120.56873902300003,18.242871256000058],[120.56877432800002,18.242839160000074],[120.56884814900002,18.242823112000053],[120.56917048200012,18.242746648000036],[120.56926445800002,18.242699660000028],[120.56937409800003,18.24264745100004],[120.56949417900012,18.242590020000023],[120.56961426100008,18.24256391600005],[120.56973434200006,18.242527369000072],[120.56982309800003,18.242501265000044],[120.56994840100003,18.242449055000066],[120.57002170500004,18.242407134000075],[120.57007553100004,18.242386554000063],[120.57015310200006,18.242370723000022],[120.57029399800001,18.24237230600005],[120.57043394700008,18.24234985800007],[120.57053836600005,18.24234463700003],[120.5706845520001,18.242365520000078],[120.57091932100002,18.242421382000032],[120.57108396400008,18.24244671200006],[120.57124385600002,18.24245779300003],[120.57138475200009,18.242462543000045],[120.57188501100006,18.242472041000042],[120.57191669200006,18.242313311000032],[120.56844661600007,18.236956297000063],[120.5680478590001,18.236455438000064],[120.56798030800007,18.236315140000045],[120.5678919720001,18.236200824000036],[120.56771010400007,18.23605013300005],[120.56733078100001,18.235821500000043],[120.56699302600009,18.23547335300003],[120.56641624600002,18.234855003000064],[120.56625981700006,18.234617619000062],[120.56608453400008,18.234338781000076],[120.56587583900011,18.23398723500003],[120.56563161700001,18.23351437900004],[120.56557965500008,18.233187017000034],[120.56557965500008,18.23308309300006],[120.56319459100007,18.233748209000055],[120.5629763500001,18.233498790000056],[120.56281526700002,18.23334290400004],[120.56265938000001,18.233202606000077],[120.56251908200011,18.23309348500004],[120.56240887600006,18.233033937000073],[120.56231913400006,18.23299093600002],[120.56213030200001,18.232909607000067],[120.56197138400012,18.23286193200005],[120.56181759300011,18.232828478000044],[120.56166102600002,18.232816126000046],[120.56151145600006,18.232825474000038],[120.56135908200008,18.232854454000062],[120.56120016400007,18.232889042000068],[120.56106414100009,18.232932402000074],[120.56079393800007,18.233051915000033],[120.56047696900009,18.233254568000064],[120.56027951200008,18.233420847000048],[120.5599625430001,18.23376899400006],[120.55961439700002,18.234252242000025],[120.55931821200011,18.23476666700003],[120.55908438200004,18.235197954000057],[120.55889731800005,18.23558247400007],[120.55867388100012,18.236143665000043],[120.55856476000008,18.23650740100004],[120.55837769700008,18.237380365000035],[120.55831014600005,18.237629784000035],[120.55822700600004,18.237879202000045],[120.55812827800003,18.238081855000075],[120.55797239200001,18.238310488000025],[120.5576762070001,18.238648242000068],[120.55688118600006,18.239417283000023],[120.55672529900005,18.239874550000025],[120.55651745000011,18.240534470000057],[120.5564187220001,18.240908597000043],[120.55629401300007,18.241204782000068],[120.55615891100001,18.24149577000003],[120.55590949300006,18.241890683000065],[120.55571203700003,18.242098531000067],[120.55536389000008,18.242332361000024],[120.55497417400011,18.242540210000072],[120.55477152100002,18.242685704000053],[120.55462083100008,18.242820806000054],[120.55447014100002,18.243018262000078],[120.55341161600006,18.242995988000075],[120.55359663000002,18.24328672200005],[120.55356011700007,18.243303078000054],[120.55363768600012,18.243454634000045],[120.55369789100007,18.24354967000005],[120.55375637800012,18.243625743000052],[120.55377547700004,18.24365589100006],[120.55378153600009,18.243662205000078],[120.55379881500005,18.243689481000047],[120.5538048740001,18.243695795000065],[120.55389430800005,18.24384021700007],[120.55389825300006,18.243849694000062],[120.55391644200006,18.24387840600002],[120.55394737600011,18.243936984000072],[120.5539564710001,18.243951340000024],[120.55396527100004,18.243971730000055],[120.55397345600011,18.243984650000073],[120.55400682300001,18.244053570000062],[120.55402564000008,18.244099521000066],[120.55403595100006,18.244119047000027],[120.55404718500006,18.244149778000065],[120.55406569400009,18.24419199400006],[120.55407024100009,18.244199172000037],[120.55407843900002,18.244221861000028],[120.55407783700002,18.244224160000044],[120.55408147500009,18.244229903000075],[120.55410030400003,18.244285623000053],[120.5545379780001,18.245285442000068],[120.55457869500003,18.245391960000063],[120.55458991600005,18.24541292200007],[120.55461024400006,18.24545800900006],[120.55463936000001,18.24551371700005],[120.55470976000004,18.245676837000076],[120.55474220600001,18.245734552000044],[120.55474524100009,18.245742593000045],[120.55481890900012,18.245858875000067],[120.55482678600004,18.245868060000078],[120.55484952300003,18.24590395000007],[120.55485922000003,18.245916006000073],[120.5549883650001,18.246119858000043],[120.55499140100005,18.246127899000044],[120.55500777200007,18.246153740000068],[120.55501080800002,18.24616178100007],[120.55503567100004,18.24620427700006],[120.55505933000006,18.246251371000028],[120.55507298500004,18.246282674000042],[120.55508149000002,18.24630909800004],[120.55508816400004,18.246322882000072],[120.55511275800006,18.246390950000034],[120.55540612100003,18.247430717000043],[120.55580933600004,18.24831098100003],[120.55626696400009,18.249416774000053],[120.55658380000011,18.250057929000036],[120.5575293820001,18.249578573000065]]]},"properties":{"brgy_name":"Bgy. No. 61, Cataban","name":"Bgy. No. 61, Cataban","brgy_code":"102812016","psgc_code":"102812016","adm4_pcode":"PH0102812016","adm3_pcode":"PH0102812","city_name":"Laoag City","prov_name":"Ilocos Norte","reg_name":"Region I","shape_sqkm":1.79529589015,"boundary_source":"altcoder/philippines-psgc-shapefiles; sourced from PSA/NAMRIA/OCHA public administrative boundaries","boundary_granularity":"barangay"}},{"type":"Feature","geometry":{"type":"Polygon","coordinates":[[[120.53511415500009,18.199164308000036],[120.53569704200004,18.19910304900003],[120.53609862300004,18.199081114000023],[120.5375406610001,18.19901178500004],[120.53868089200012,18.19904206500007],[120.53962052300005,18.199067248000063],[120.54022457000008,18.19216619900004],[120.54051032100006,18.19216619900004],[120.54090446100008,18.192116932000033],[120.5412000660001,18.192097225000055],[120.54162376600004,18.192008543000043],[120.5418799570001,18.191831180000065],[120.54217556200001,18.191624257000058],[120.54242189900003,18.191506015000073],[120.5426780900001,18.191249824000067],[120.54291457400006,18.191003487000046],[120.54315105800003,18.190786710000054],[120.54344666200006,18.19053051900005],[120.54376197400006,18.19023491400003],[120.54212259500002,18.185162002000027],[120.54093646400008,18.18480891300004],[120.53990314800001,18.184497880000038],[120.53928053700008,18.18431765100007],[120.53888730900007,18.184216067000023],[120.53865464900002,18.18418657500007],[120.53837611200004,18.18416691300007],[120.53810085200007,18.18418329800005],[120.53786819200002,18.18420295900006],[120.53759293300004,18.18425211300007],[120.53738976500006,18.184284882000043],[120.5372122660001,18.18431922800005],[120.53687638400004,18.18437308500006],[120.53667390500004,18.184404786000073],[120.53653067100004,18.184427366000023],[120.53525595700012,18.184640365000064],[120.53496758900008,18.184696072000065],[120.53487255900006,18.184709180000027],[120.53476442200008,18.184686241000065],[120.53463006900006,18.184640365000064],[120.53422502400008,18.185060599000053],[120.53391463900005,18.185326643000053],[120.53338255100005,18.18550400600003],[120.53234054400002,18.18557051700003],[120.53154241100003,18.185348813000076],[120.53095503100008,18.18488565800004],[120.53104595900004,18.187583021000023],[120.53118850400006,18.18778455100005],[120.53138511800012,18.188099133000037],[120.53164071600008,18.18866439800007],[120.53190123000002,18.189224748000072],[120.53310811300003,18.19525802100003],[120.53437936500006,18.199359266000044],[120.53511415500009,18.199164308000036]]]},"properties":{"brgy_name":"Bgy. No. 43, Cavit","name":"Bgy. No. 43, Cavit","brgy_code":"102812017","psgc_code":"102812017","adm4_pcode":"PH0102812017","adm3_pcode":"PH0102812","city_name":"Laoag City","prov_name":"Ilocos Norte","reg_name":"Region I","shape_sqkm":1.50703404716,"boundary_source":"altcoder/philippines-psgc-shapefiles; sourced from PSA/NAMRIA/OCHA public administrative boundaries","boundary_granularity":"barangay"}},{"type":"Feature","geometry":{"type":"Polygon","coordinates":[[[120.56784295000011,18.180560934000027],[120.56973698500008,18.180095187000063],[120.57138262300009,18.18025043600005],[120.57268916500004,18.180017587000066],[120.57280751100006,18.17999809300005],[120.57451864900008,18.17969154000002],[120.577223075,18.17863616900007],[120.57703250800012,18.178298006000034],[120.57659345700006,18.177369459000033],[120.57641223100006,18.177012613000045],[120.57638366900005,18.17696492700003],[120.57637555200006,18.176949508000064],[120.57636662800007,18.176934195000058],[120.57630387000006,18.17681270500003],[120.57718811500001,18.176459401000045],[120.57757934900008,18.176314337000065],[120.57779254900004,18.176244003000022],[120.57791783100004,18.176208836000058],[120.57806289500002,18.176184659000057],[120.57819477200007,18.176169273000028],[120.57848929500005,18.176149492000036],[120.57868271400002,18.176125315000036],[120.57886074700002,18.176096741000038],[120.57904757200004,18.17605498000006],[120.57982829500008,18.175881812000057],[120.58071525600008,18.17563543400007],[120.58146251900007,18.17545480900003],[120.57930948500007,18.172996786000056],[120.57852619900007,18.172138675000042],[120.57817347500009,18.17175486700006],[120.57747146700001,18.17077992800006],[120.57542314800003,18.16878756600005],[120.57456407300003,18.167950705000067],[120.57460547300002,18.168426802000056],[120.57435707500008,18.169234095000036],[120.57390263100001,18.170146955000064],[120.57335626700001,18.17104685000004],[120.57313129300007,18.17132538900006],[120.57284204100006,18.17157178800005],[120.5725635020001,18.171721771000023],[120.57228496300002,18.171850327000072],[120.5720171370001,18.171957458000065],[120.57179216300005,18.171978884000055],[120.5715886160001,18.171903892000046],[120.57124579800006,18.171603927000035],[120.5711600940001,18.171336102000055],[120.5710636770001,18.17117540600003],[120.57086012900004,18.171143267000048],[120.57061372900012,18.171196832000078],[120.570281625,18.17136824100004],[120.5698745300001,18.171603927000035],[120.56944600800011,18.172128866000037],[120.56922103500006,18.17246097000003],[120.56897463500002,18.172771648000037],[120.56880322600011,18.172921631000065],[120.56866395700001,18.17302876100007],[120.56849254800011,18.173103753000078],[120.56823543500002,18.17313589200006],[120.56786047900005,18.173221596000076],[120.56735696600003,18.173489422000046],[120.56709985300006,18.17361797800004],[120.56669275800004,18.173746535000078],[120.5663713670001,18.173789387000056],[120.56610354100007,18.17377867400006],[120.56579286300007,18.17367154300007],[120.56546075900008,18.17361797800004],[120.56524649800008,18.17367154300007],[120.56501081100009,18.17389651700006],[120.56460371600008,18.174089352000067],[120.56443230700006,18.17414291700004],[120.56421804700005,18.174067926000077],[120.56401449900011,18.173950082000033],[120.56386451600008,18.17382152600004],[120.56365025600007,18.173767961000067],[120.56346813400012,18.17389651700006],[120.56326458600006,18.174153630000035],[120.56266465600004,18.174732134000067],[120.56190560000005,18.175634256000023],[120.5641023710001,18.179170432000035],[120.56539730200006,18.179608302000076],[120.56638231600004,18.17998715400006],[120.56726630300011,18.18077011300005],[120.56784295000011,18.180560934000027]]]},"properties":{"brgy_name":"Bgy. No. 49-A, Darayday","name":"Bgy. No. 49-A, Darayday","brgy_code":"102812019","psgc_code":"102812019","adm4_pcode":"PH0102812019","adm3_pcode":"PH0102812","city_name":"Laoag City","prov_name":"Ilocos Norte","reg_name":"Region I","shape_sqkm":1.45774731793,"boundary_source":"altcoder/philippines-psgc-shapefiles; sourced from PSA/NAMRIA/OCHA public administrative boundaries","boundary_granularity":"barangay"}},{"type":"Feature","geometry":{"type":"Polygon","coordinates":[[[120.5829286820001,18.252187513000024],[120.58328696900003,18.251981226000055],[120.58377554200001,18.251850940000054],[120.58415554300007,18.251058366000052],[120.58430730100008,18.250511515000028],[120.58444868700008,18.25002693500005],[120.58442961100002,18.24763948700007],[120.5842097530001,18.244598121000024],[120.58479604100012,18.243535475000044],[120.5855289000001,18.24338890300004],[120.5870312620001,18.242692687000044],[120.58791069300003,18.241593398000077],[120.58820383700004,18.240274251000073],[120.5890099820001,18.238771889000077],[120.58904662500004,18.237379456000042],[120.59091541600003,18.235767166000073],[120.58776413300006,18.22954892300004],[120.5874572350001,18.229686498000035],[120.58716092000009,18.229707663000056],[120.58660003800003,18.22964416700006],[120.5860056780001,18.229605282000023],[120.58557628800008,18.22958002400003],[120.58520312300004,18.229686498000035],[120.5851396270001,18.230014561000075],[120.58501801000011,18.230297411000038],[120.58489172500003,18.230389606000074],[120.58469515500008,18.230533113000035],[120.58431337700006,18.23064087000006],[120.58407077600009,18.23054369500005],[120.58329367900001,18.229024860000038],[120.58311833500011,18.228861049000045],[120.58288551600003,18.22872347400005],[120.58266328000002,18.228607064000073],[120.58233521600005,18.228427159000034],[120.5820494840001,18.228501238000035],[120.58186957800001,18.228585899000052],[120.58172142100011,18.22877638700004],[120.58146364200002,18.229088193000052],[120.58137219200012,18.22921027700005],[120.5810758770001,18.22930552100007],[120.58076531400002,18.229281361000062],[120.58066315300005,18.229146781000054],[120.58058907400005,18.228945710000062],[120.58055732600008,18.22853298600006],[120.5805996570001,18.227802781000037],[120.58066315300005,18.227241898000045],[120.58069490100002,18.22683975600006],[120.58058907400005,18.226585772000078],[120.5803774200001,18.226490528000056],[120.58021868000003,18.226522276000026],[120.5799958120001,18.226569781000023],[120.57977420700001,18.226670434000027],[120.57966838000004,18.226882087000035],[120.57966813600001,18.22710947300004],[120.57964721500002,18.22727364600007],[120.57950964000008,18.227453552000043],[120.57927682100001,18.227569962000075],[120.57894875800002,18.22763345800007],[120.57869477400004,18.227675788000056],[120.5784831200001,18.22764404000003],[120.57829263200006,18.227474717000064],[120.57819738800004,18.227294812000025],[120.57812913200007,18.22714611600003],[120.57793282000011,18.22694558300003],[120.57765066200011,18.22678963900006],[120.57712853700002,18.226723347000075],[120.57644355500008,18.226779686000043],[120.57601735500009,18.226998497000068],[120.57552748100011,18.227256045000047],[120.57517074000009,18.227696954000066],[120.57482151200009,18.228141426000036],[120.5752506980001,18.228289584000038],[120.57570575400007,18.22851182000005],[120.57590682500006,18.228913962000036],[120.57607614800008,18.229252608000024],[120.57621372300002,18.22959125400007],[120.576393628,18.229887569000027],[120.57678518700004,18.23039553800004],[120.57696509300001,18.23088234100004],[120.57709208500012,18.231273900000076],[120.57719791200009,18.231612546000065],[120.57731432100002,18.23216284600005],[120.57743073100005,18.23252265700006],[120.57755772300004,18.232945964000066],[120.57786462100012,18.233189366000033],[120.57808685700002,18.233453933000078],[120.5784678340001,18.233792579000067],[120.57904988100006,18.234649776000026],[120.57939911000005,18.235041335000062],[120.58000232300003,18.235633966000023],[120.58047457500004,18.236135320000074],[120.58084893700004,18.236374753000064],[120.58105000800003,18.236766313000032],[120.58126166200009,18.237274281000055],[120.58166380400007,18.237962156000037],[120.58208785400006,18.23922042600003],[120.5818141520001,18.239379228000075],[120.58179247300006,18.239421039000035],[120.5817522100001,18.239458205000062],[120.5816918160001,18.239490725000053],[120.5814880050001,18.239558474000034],[120.5813189480001,18.23963488000004],[120.58112265000011,18.23975143100006],[120.58047612600001,18.240115741000068],[120.57788068100001,18.241687976000037],[120.57670269500011,18.242325578000077],[120.57749914800002,18.24267476800003],[120.57766046200004,18.24275909100004],[120.57821039600003,18.24301206100006],[120.57826905600007,18.24306705500004],[120.57882632300004,18.243767304000073],[120.57887053600007,18.24383485900006],[120.57890698000006,18.243906621000065],[120.57894375600006,18.244010410000044],[120.57896930600009,18.24411193000003],[120.57899496900006,18.24430624000007],[120.57901330000004,18.244441890000076],[120.5790609610001,18.244687528000043],[120.57908662500006,18.244808513000066],[120.5791131310001,18.244890809000026],[120.57913959600012,18.244949914000074],[120.57915988600007,18.244992258000025],[120.57919661200003,18.245039486000053],[120.57927726900004,18.245120143000065],[120.57940925300011,18.24528512300003],[120.5800471770001,18.24603303300006],[120.58024148700008,18.246293336000065],[120.5805054550001,18.246722284000043],[120.58058244600011,18.246905596000033],[120.58069609900008,18.24716223200005],[120.58079508700007,18.247437199000046],[120.58084641500011,18.24758751400003],[120.58088674300006,18.247712166000042],[120.58091607300003,18.24778549100006],[120.5809527350001,18.24786614800007],[120.58097473300006,18.24793947200004],[120.58101506100002,18.248031128000036],[120.58110305100001,18.248174111000026],[120.58132619500009,18.248498476000066],[120.58149924700001,18.248755994000078],[120.58164996200003,18.249004588000048],[120.58173364200002,18.24914199500006],[120.5817835470001,18.24921746600006],[120.58188066600007,18.249365418000025],[120.5819026050001,18.24938552900005],[120.5819272870001,18.249391014000025],[120.58196385200006,18.24939924100005],[120.58198761900007,18.24941569500004],[120.5820077300001,18.24944403300003],[120.58201687100006,18.249474199000076],[120.58201778500006,18.249504365000064],[120.58202327000004,18.249529960000075],[120.58203423900011,18.249556470000073],[120.58204795100005,18.249582066000073],[120.58214792600006,18.249809249000066],[120.58218458800002,18.249882573000036],[120.58223847800002,18.249967640000023],[120.58230924000009,18.25005855200004],[120.58208182200008,18.250732651000078],[120.58203839400005,18.251221224000062],[120.5821361080001,18.251807512000028],[120.58235325200008,18.25219837000003],[120.58261382400008,18.252404656000067],[120.5829286820001,18.252187513000024]]]},"properties":{"brgy_name":"Bgy. No. 59-B, Dibua North","name":"Bgy. No. 59-B, Dibua North","brgy_code":"102812020","psgc_code":"102812020","adm4_pcode":"PH0102812020","adm3_pcode":"PH0102812","city_name":"Laoag City","prov_name":"Ilocos Norte","reg_name":"Region I","shape_sqkm":2.10786346123,"boundary_source":"altcoder/philippines-psgc-shapefiles; sourced from PSA/NAMRIA/OCHA public administrative boundaries","boundary_granularity":"barangay"}},{"type":"Feature","geometry":{"type":"Polygon","coordinates":[[[120.5753844090001,18.243128128000023],[120.57545588400001,18.243115875000058],[120.57553961200006,18.243075033000025],[120.57580100700011,18.24290349200004],[120.57613203100004,18.242704597000056],[120.57648192700003,18.242471952000074],[120.57655973800001,18.24242559700002],[120.57670269500011,18.242325578000077],[120.57788068100001,18.241687976000037],[120.58047612600001,18.240115741000068],[120.58112265000011,18.23975143100006],[120.5813189480001,18.23963488000004],[120.5814880050001,18.239558474000034],[120.5816918160001,18.239490725000053],[120.5817522100001,18.239458205000062],[120.58179247300006,18.239421039000035],[120.5818141520001,18.239379228000075],[120.58208785400006,18.23922042600003],[120.58166380400007,18.237962156000037],[120.58126166200009,18.237274281000055],[120.58105000800003,18.236766313000032],[120.58084893700004,18.236374753000064],[120.58047457500004,18.236135320000074],[120.58000232300003,18.235633966000023],[120.57939911000005,18.235041335000062],[120.57904988100006,18.234649776000026],[120.5784678340001,18.233792579000067],[120.57808685700002,18.233453933000078],[120.57786462100012,18.233189366000033],[120.57755772300004,18.232945964000066],[120.57743073100005,18.23252265700006],[120.57731432100002,18.23216284600005],[120.57719791200009,18.231612546000065],[120.57709208500012,18.231273900000076],[120.57696509300001,18.23088234100004],[120.57678518700004,18.23039553800004],[120.576393628,18.229887569000027],[120.57621372300002,18.22959125400007],[120.57607614800008,18.229252608000024],[120.57590682500006,18.228913962000036],[120.57570575400007,18.22851182000005],[120.5752506980001,18.228289584000038],[120.57482151200009,18.228141426000036],[120.57452519700007,18.228353080000034],[120.5742770920001,18.22856473400003],[120.57388553200008,18.228829301000076],[120.57362096500003,18.228966876000072],[120.57329290200005,18.22910445100007],[120.57283357600011,18.229274265000072],[120.57303103200002,18.229378189000045],[120.5730933860001,18.229523683000025],[120.57309858300005,18.229622411000037],[120.5730777980001,18.229741924000052],[120.57300505100011,18.229913400000044],[120.57274004400006,18.230152426000075],[120.57251660600002,18.230292724000037],[120.5722360100001,18.230443414000035],[120.57196580700008,18.230625282000062],[120.57184629400001,18.230692832000045],[120.57165403400006,18.230661655000063],[120.5714773630001,18.230682440000066],[120.57122274800008,18.230724010000074],[120.57101489900003,18.23074999100004],[120.57083303200011,18.230796757000064],[120.57070832200009,18.230843523000033],[120.57057322100002,18.230942251000045],[120.57047968900008,18.231030587000078],[120.5703497830001,18.23117088400005],[120.57019389700008,18.231321575000038],[120.56999124400011,18.231415107000032],[120.56984575000001,18.231477461000054],[120.56964309800003,18.23151903100006],[120.56928975500011,18.231586582000034],[120.56897278500003,18.231643740000038],[120.56861424600004,18.23166972100006],[120.5682920810001,18.231680114000028],[120.56796471900009,18.23166972100006],[120.56781922500011,18.231659329000024],[120.56756461000009,18.231612563000056],[120.56732558400006,18.23156060100007],[120.5670917540001,18.231503442000076],[120.5669774380001,18.23148265800006],[120.56685272800007,18.231498246000058],[120.56668125300007,18.231576189000066],[120.56621359400003,18.231965906000028],[120.56585505500004,18.232324445000074],[120.56568357900005,18.23249072400006],[120.56562122500009,18.232688180000025],[120.56559004700011,18.23292201000004],[120.56557965500008,18.23308309300006],[120.56557965500008,18.233187017000034],[120.56563161700001,18.23351437900004],[120.56587583900011,18.23398723500003],[120.56608453400008,18.234338781000076],[120.56625981700006,18.234617619000062],[120.56641624600002,18.234855003000064],[120.56699302600009,18.23547335300003],[120.56733078100001,18.235821500000043],[120.56771010400007,18.23605013300005],[120.5678919720001,18.236200824000036],[120.56798030800007,18.236315140000045],[120.5680478590001,18.236455438000064],[120.56844661600007,18.236956297000063],[120.57191669200006,18.242313311000032],[120.57224216500003,18.242140509000023],[120.5723819530001,18.24202924900004],[120.57246183200004,18.241917989000058],[120.57251603600002,18.241778201000045],[120.57254741700001,18.241641266000045],[120.57258450300003,18.24140163000004],[120.57260732600002,18.241039322000063],[120.57261873700008,18.24079968600006],[120.57263014800003,18.240368911000076],[120.57322508000004,18.240225390000035],[120.57380846400008,18.24025455900005],[120.57486978800011,18.24309545400007],[120.5749316990001,18.243061633000025],[120.57504246500002,18.243002992000072],[120.57507270600001,18.242994284000076],[120.57510871900001,18.242991305000032],[120.57514878100005,18.24299971800008],[120.57518711300008,18.243017327000075],[120.57521447900001,18.24304208600006],[120.57529127100008,18.243107793000036],[120.57531179900002,18.243119265000075],[120.57534500700001,18.24312832100003],[120.5753844090001,18.243128128000023]]]},"properties":{"brgy_name":"Bgy. No. 59-A, Dibua South","name":"Bgy. No. 59-A, Dibua South","brgy_code":"102812021","psgc_code":"102812021","adm4_pcode":"PH0102812021","adm3_pcode":"PH0102812","city_name":"Laoag City","prov_name":"Ilocos Norte","reg_name":"Region I","shape_sqkm":1.5423150834,"boundary_source":"altcoder/philippines-psgc-shapefiles; sourced from PSA/NAMRIA/OCHA public administrative boundaries","boundary_granularity":"barangay"}},{"type":"Feature","geometry":{"type":"Polygon","coordinates":[[[120.52865372800011,18.196055122000075],[120.53310811300003,18.19525802100003],[120.53190123000002,18.189224748000072],[120.53164071600008,18.18866439800007],[120.53138511800012,18.188099133000037],[120.53118850400006,18.18778455100005],[120.53104595900004,18.187583021000023],[120.53095503100008,18.18488565800004],[120.53039263000005,18.184987913000043],[120.53016080000009,18.185057822000033],[120.53009951600006,18.185071072000028],[120.53004154500002,18.185089292000043],[120.52983660000007,18.185170608000078],[120.52963507100003,18.18522959200004],[120.52892726100004,18.185431122000068],[120.52889776800009,18.18556875200005],[120.52883632700002,18.185789942000042],[120.528809292,18.185966895000035],[120.52877980000005,18.186188086000072],[120.5287684750001,18.18636748600005],[120.52877488500008,18.18654199100007],[120.52878963100011,18.186689451000063],[120.52882501700003,18.186855534000074],[120.52888453600008,18.187022185000046],[120.52892726100004,18.187146579000057],[120.52865691600005,18.187210479000044],[120.52813398,18.187298639000062],[120.52766893100011,18.187328447000027],[120.5270322670001,18.18741840000007],[120.52700368600006,18.187418802000025],[120.52697953200004,18.18741598400004],[120.52654232000009,18.187433378000037],[120.52644998000005,18.196195786000033],[120.52865372800011,18.196055122000075]]]},"properties":{"brgy_name":"Bgy. No. 34-B, Gabu Norte East","name":"Bgy. No. 34-B, Gabu Norte East","brgy_code":"102812022","psgc_code":"102812022","adm4_pcode":"PH0102812022","adm3_pcode":"PH0102812","city_name":"Laoag City","prov_name":"Ilocos Norte","reg_name":"Region I","shape_sqkm":0.632344298153,"boundary_source":"altcoder/philippines-psgc-shapefiles; sourced from PSA/NAMRIA/OCHA public administrative boundaries","boundary_granularity":"barangay"}},{"type":"Feature","geometry":{"type":"Polygon","coordinates":[[[120.52644998000005,18.196195786000033],[120.52654232000009,18.187433378000037],[120.52697953200004,18.18741598400004],[120.52700368600006,18.187418802000025],[120.5270322670001,18.18741840000007],[120.52766893100011,18.187328447000027],[120.52813398,18.187298639000062],[120.52865691600005,18.187210479000044],[120.52892726100004,18.187146579000057],[120.52888453600008,18.187022185000046],[120.52882501700003,18.186855534000074],[120.52878963100011,18.186689451000063],[120.52877488500008,18.18654199100007],[120.5287684750001,18.18636748600005],[120.52877980000005,18.186188086000072],[120.528809292,18.185966895000035],[120.52883632700002,18.185789942000042],[120.52863130000003,18.18578271000007],[120.52817275400002,18.185770281000032],[120.52809385100011,18.185766655000066],[120.52802202400005,18.18575942900003],[120.52781395200009,18.185726059000046],[120.52774721200001,18.18570643000004],[120.52766893100011,18.185676889000035],[120.52763728800005,18.185647541000037],[120.52762233600004,18.18563417400003],[120.52759017700009,18.185608283000022],[120.52729377300011,18.185366841000075],[120.52724077300002,18.185339360000057],[120.5271759960001,18.185323656000037],[120.52712888600001,18.18532169300005],[120.52707588600003,18.18532954500006],[120.52671822000002,18.18539077500003],[120.52672477400006,18.18547925100006],[120.526766898,18.185868108000022],[120.52665552300004,18.18587038100003],[120.52657597000007,18.185874927000043],[120.52647823300003,18.185888564000038],[120.52627821300007,18.185936296000023],[120.52618502300004,18.18596357200005],[120.52605773700009,18.185981755000057],[120.52598045700006,18.18598630100007],[120.52592590600011,18.185988574000078],[120.52583271500009,18.18599766600005],[120.5256030600001,18.186033679000047],[120.52547226700005,18.186047447000078],[120.5251521670001,18.186081866000052],[120.52315345000011,18.186071018000064],[120.52293336100001,18.196945998000047],[120.52644998000005,18.196195786000033]]]},"properties":{"brgy_name":"Bgy. No. 34-A, Gabu Norte West","name":"Bgy. No. 34-A, Gabu Norte West","brgy_code":"102812023","psgc_code":"102812023","adm4_pcode":"PH0102812023","adm3_pcode":"PH0102812","city_name":"Laoag City","prov_name":"Ilocos Norte","reg_name":"Region I","shape_sqkm":0.470867559292,"boundary_source":"altcoder/philippines-psgc-shapefiles; sourced from PSA/NAMRIA/OCHA public administrative boundaries","boundary_granularity":"barangay"}},{"type":"Feature","geometry":{"type":"Polygon","coordinates":[[[120.52293336100001,18.196945998000047],[120.52315345000011,18.186071018000064],[120.5251521670001,18.186081866000052],[120.52547226700005,18.186047447000078],[120.5256030600001,18.186033679000047],[120.52583271500009,18.18599766600005],[120.52592590600011,18.185988574000078],[120.52598045700006,18.18598630100007],[120.52605773700009,18.185981755000057],[120.52618502300004,18.18596357200005],[120.52627821300007,18.185936296000023],[120.52647823300003,18.185888564000038],[120.52657597000007,18.185874927000043],[120.52665552300004,18.18587038100003],[120.526766898,18.185868108000022],[120.52672477400006,18.18547925100006],[120.52671822000002,18.18539077500003],[120.52707588600003,18.18532954500006],[120.52712888600001,18.18532169300005],[120.5271759960001,18.185323656000037],[120.52724077300002,18.185339360000057],[120.52729377300011,18.185366841000075],[120.52759017700009,18.185608283000022],[120.52762233600004,18.18563417400003],[120.52763728800005,18.185647541000037],[120.52766893100011,18.185676889000035],[120.52774721200001,18.18570643000004],[120.52781395200009,18.185726059000046],[120.52802202400005,18.18575942900003],[120.52809385100011,18.185766655000066],[120.52817275400002,18.185770281000032],[120.52863130000003,18.18578271000007],[120.52883632700002,18.185789942000042],[120.52889776800009,18.18556875200005],[120.52892726100004,18.185431122000068],[120.52963507100003,18.18522959200004],[120.52983660000007,18.185170608000078],[120.53004154500002,18.185089292000043],[120.53009951600006,18.185071072000028],[120.53016080000009,18.185057822000033],[120.53039263000005,18.184987913000043],[120.53095503100008,18.18488565800004],[120.53064826700006,18.181025540000064],[120.53061125600004,18.178409491000025],[120.5294583970001,18.178298639000047],[120.52897064900003,18.177766550000058],[120.52890413800003,18.177190121000024],[120.52897064900003,18.175216959000068],[120.52903716000003,18.174330145000056],[120.5283915010001,18.174410000000023],[120.52817237600004,18.17443746200007],[120.52807089400005,18.17442965500004],[120.52746437500002,18.174383000000034],[120.52708314400002,18.17400176900003],[120.5238336000001,18.17325746000006],[120.51880951500004,18.173062306000077],[120.51828831900002,18.17305226600007],[120.51827097400007,18.17318109200005],[120.51825610800006,18.173345854000047],[120.51825646400005,18.173403780000058],[120.51825474500004,18.173426877000054],[120.518255683,18.173454848000063],[120.51825377900002,18.173465675000045],[120.51825491600005,18.173472532000062],[120.51825271400003,18.173515028000054],[120.51824975900001,18.17354182500003],[120.5182499440001,18.173554096000032],[120.51824051100004,18.173631056000033],[120.51823070800003,18.17368347400003],[120.51822509700003,18.17370539700005],[120.5182035150001,18.173764849000065],[120.5182028480001,18.17377197600007],[120.5181991390001,18.17378307300004],[120.51819970800011,18.17378650200004],[120.51819448000003,18.17379958300006],[120.51819504800005,18.173803011000075],[120.5181854440001,18.173834317000058],[120.51818354000011,18.17384514300005],[120.51816718700002,18.173891514000047],[120.51815253900008,18.173948171000063],[120.51814265100006,18.17397776200005],[120.51813855900002,18.17399770000003],[120.51812249000011,18.174045785000033],[120.51811716300006,18.17406942300005],[120.5181038500001,18.174111824000022],[120.51810071000011,18.17412635000005],[120.51809767000009,18.174130319000028],[120.51808302200004,18.174186976000044],[120.51808359100005,18.174190405000047],[120.51808045100006,18.17420493000003],[120.51808130300003,18.17421007300004],[120.51807263700005,18.174269349000042],[120.51806510800009,18.17433548300005],[120.5180619680001,18.174350008000033],[120.51805566100006,18.174445827000056],[120.51805364400002,18.17450059400005],[120.51804639900001,18.174568443000055],[120.5179811800001,18.17545796400003],[120.51797639300003,18.176302559000078],[120.51796611800012,18.176396750000038],[120.51796677200002,18.17642300600005],[120.51796458400008,18.176432118000037],[120.51796381700001,18.176449803000025],[120.51795638700003,18.176505380000037],[120.51795657200012,18.17651765100004],[120.51795094600004,18.176572958000065],[120.5179507470001,18.176594071000068],[120.51794884300011,18.17660489700006],[120.51794492300007,18.17667049100004],[120.5179408890001,18.176780025000028],[120.51793012000007,18.176871240000025],[120.51792279000006,18.17691626000004],[120.51790994600003,18.17697264800006],[120.5178597360001,18.17713828600006],[120.517859068,18.177145413000062],[120.51785288700012,18.177163908000068],[120.51784118000012,18.177227152000057],[120.51783735900005,18.177282190000028],[120.51783781400002,18.177329559000043],[120.51783409300003,18.177374040000075],[120.51783034100004,18.17747375500005],[120.5178307110001,18.177498297000056],[120.51782813900002,18.177516251000043],[120.51781928800006,18.17756325600004],[120.51781053600007,18.177599704000045],[120.51780091800003,18.177664394000033],[120.51779692500008,18.177673776000063],[120.51778588600007,18.17772989300005],[120.51778284600005,18.177733862000025],[120.5177806580001,18.17774297400007],[120.51775981500009,18.17785150900005],[120.51773669900001,18.177946329000065],[120.51773297700004,18.17799080900005],[120.51772536200008,18.17803411600005],[120.51772431100005,18.178050085000052],[120.51771631200006,18.17810223300006],[120.51770403700004,18.178162049000036],[120.51770393700008,18.178172606000032],[120.51769385000011,18.178223310000078],[120.51768015300001,18.17827455300005],[120.51767415800009,18.17830531900006],[120.51767016500003,18.178314701000033],[120.51766103000011,18.178359991000036],[120.51764952100007,18.17840212300007],[120.51763259900008,18.178445065000062],[120.51759732100004,18.17855576000005],[120.51758905200006,18.17857281000005],[120.51757117800003,18.178621165000038],[120.51756651800008,18.17863767500006],[120.51755178400003,18.178671505000068],[120.51754436700003,18.178693698000075],[120.51749051400009,18.17882438600003],[120.51747596400003,18.17887048600005],[120.5174731090001,18.17888672600003],[120.51746816400009,18.178901522000046],[120.51745303300004,18.17897757700007],[120.51743913700011,18.179049934000034],[120.51743685000008,18.179069603000073],[120.51743219000002,18.17908611300004],[120.5174318060001,18.17909495500004],[120.51741592100007,18.179155311000045],[120.51740802200004,18.179196903000047],[120.51740307700004,18.179211698000074],[120.51739013400004,18.179278642000043],[120.51738975,18.179287484000042],[120.51738318600007,18.17931482000006],[120.51737423500003,18.179372381000064],[120.51737280100008,18.179397193000057],[120.51737032800008,18.179404591000036],[120.51736956100001,18.179422275000036],[120.517363466,18.17946359700005],[120.51735717300005,18.17952603200007],[120.51735374800012,18.179538843000046],[120.51735136200011,18.179569068000035],[120.51734755400003,18.179590721000068],[120.5173484070001,18.179595864000078],[120.51734459900001,18.179617517000054],[120.51734545200009,18.179622660000064],[120.51733240900012,18.179700161000028],[120.51730815600001,18.179788123000037],[120.51730387900011,18.17979579100006],[120.5172989350001,18.17981058600003],[120.51729360700006,18.179834224000047],[120.51728933000004,18.179841891000024],[120.51728866200006,18.179849019000073],[120.5172834330001,18.179862100000037],[120.51727220900011,18.179905946000076],[120.5171253530001,18.180693406000046],[120.51712128700001,18.180828845000065],[120.51712317700003,18.180851403000077],[120.5171313190001,18.18091167700004],[120.51713036700005,18.180917091000026],[120.51713377700003,18.180937664000055],[120.51713453000002,18.18095336300007],[120.51715442300008,18.18107337300006],[120.51715602900003,18.181094216000076],[120.51715915500006,18.181113074000052],[120.51716323300002,18.181126520000078],[120.51718596900002,18.181263673000046],[120.51719668200008,18.18130599400007],[120.51720986900011,18.181340916000067],[120.51722646500002,18.181396412000026],[120.51723823000009,18.181422763000057],[120.51725198500003,18.181461115000047],[120.51725340600001,18.18146968700006],[120.51726099300004,18.18149314900006],[120.51726336600007,18.181496308000078],[120.51726858100005,18.181516610000074],[120.51727095400008,18.181519769000033],[120.51728024700003,18.181553518000044],[120.51729286500006,18.181585012000028],[120.51731297100002,18.181650524000077],[120.5173158130001,18.181667668000046],[120.51732311600006,18.18168941600004],[120.51733486800003,18.181749151000076],[120.5173601890001,18.181834966000054],[120.51736995100009,18.181882700000074],[120.51764731500009,18.182897531000037],[120.51765470400005,18.18294210600004],[120.51765878200001,18.182955551000077],[120.5176621920001,18.18297612400005],[120.51767670000004,18.183030175000056],[120.51767954200011,18.18304732000007],[120.51769149200004,18.18308594100006],[120.51769405000005,18.183101371000078],[120.51770220600008,18.183128262000025],[120.51770760600004,18.18316083600007],[120.51771140000005,18.183172566000053],[120.51772229900007,18.183227158000022],[120.51773159200002,18.183260906000044],[120.51775265000003,18.18332100500004],[120.51777029800007,18.183360531000062],[120.51778624100007,18.183389771000066],[120.51781376500003,18.18343309000005],[120.51784347600005,18.18346729700005],[120.51784613300003,18.183472170000073],[120.51786844100002,18.183495186000073],[120.5178723350001,18.18349636100004],[120.51787708100005,18.183502678000025],[120.51790214500011,18.18352001100004],[120.5179299670001,18.183531661000075],[120.51794554000003,18.183536359000072],[120.51797431300008,18.183542595000063],[120.51799890900008,18.183545942000023],[120.51802226900008,18.183552989000077],[120.5180468640001,18.183556336000038],[120.51807563800003,18.183562573000074],[120.51812843900007,18.18356872800007],[120.51818750600012,18.183579216000055],[120.51819472400007,18.18357813600005],[120.51820972900009,18.183579405000046],[120.51826727500008,18.183591878000072],[120.51830829700009,18.18360506600004],[120.51834865100011,18.18362538200006],[120.51836298800004,18.183633779000047],[120.51838862200009,18.183654540000077],[120.51840295900001,18.183662937000065],[120.51842441500003,18.183680810000055],[120.51842830800001,18.18368198400003],[120.51843305400007,18.183688302000064],[120.51845897200008,18.183710778000034],[120.5185031210001,18.183742825000024],[120.51852571400002,18.183767556000078],[120.51859939200006,18.183835041000066],[120.51862694500005,18.183867857000052],[120.51862697700005,18.183870311000078],[120.51863220700011,18.18387516000007],[120.5186493000001,18.18389827900006],[120.51866371400001,18.183914066000057],[120.51870048300009,18.18396027400007],[120.51870702100007,18.183966334000047],[120.51875039100003,18.184023511000078],[120.51877660500008,18.184052661000067],[120.51880549700002,18.18408914200006],[120.51882121900007,18.18410614100003],[120.51882386600005,18.184111019000056],[120.51888544600001,18.184177802000022],[120.51891692100003,18.18421425400004],[120.51894437900012,18.184239707000074],[120.5189900470001,18.184274765000055],[120.51905905900003,18.184316915000068],[120.51906559700001,18.184322975000043],[120.51910989400005,18.184351913000057],[120.51913735100004,18.184377366000035],[120.5191530730001,18.18439436500006],[120.51920049300008,18.18446499500004],[120.51921245200003,18.184490629000038],[120.51923263600008,18.18455298600003],[120.51924086300005,18.18458971000007],[120.51924519800002,18.184625251000057],[120.51924529400003,18.184632614000066],[120.51924280600008,18.18464000700004],[120.51924181600009,18.184663337000075],[120.51924222900004,18.18469524300002],[120.5192436320001,18.18470381800006],[120.51924270500001,18.184732057000076],[120.519245479,18.184746752000024],[120.51927127700003,18.184812213000043],[120.51928189600005,18.184834181000042],[120.51928460600004,18.184843968000052],[120.51929120800003,18.184854936000022],[120.51931381700001,18.184904992000043],[120.51932038600012,18.184913507000033],[120.51933234400008,18.18493914000004],[120.51843627500011,18.185485752000034],[120.51841031100003,18.18542767100007],[120.51839951800002,18.185405342000024],[120.51839416900009,18.185397919000025],[120.51839135000012,18.18538298200002],[120.51838596900006,18.18537306500002],[120.51837780100004,18.18535070400003],[120.51835420600003,18.185252425000044],[120.51834843800009,18.185212571000022],[120.51835654800004,18.185128892000023],[120.51838268300003,18.185017557000037],[120.51838378600007,18.185001326000076],[120.51839234700003,18.184952572000043],[120.51839812100002,18.184891376000053],[120.5183963400001,18.184855218000052],[120.51839031300005,18.184795407000024],[120.5183803970001,18.184739384000068],[120.51837634500009,18.184730698000067],[120.51837488700005,18.18471948800004],[120.5183652930001,18.184688411000025],[120.51834078900004,18.184621331000073],[120.51833271800001,18.18460645400006],[120.51831774300001,18.184565460000044],[120.5182948910001,18.184524559000067],[120.51827349700011,18.18449486700007],[120.51824558700002,18.18446899500003],[120.51823103200002,18.184460432000037],[120.51822049700002,18.184458060000054],[120.51821129000007,18.18445692000006],[120.51819955500002,18.184463295000057],[120.51818914800003,18.184470902000044],[120.51818140000012,18.184480972000074],[120.51817368400009,18.184493538000027],[120.51816609600007,18.184516082000073],[120.51816223900005,18.184522365000078],[120.51815604500007,18.184551131000035],[120.51815500600003,18.184572351000043],[120.51815694900006,18.18462098200007],[120.51815607100002,18.184654676000036],[120.51814624600001,18.184707187000072],[120.51813609800001,18.184734751000065],[120.51808347800011,18.184828931000027],[120.51804489800008,18.18489175800005],[120.51801909100004,18.184926990000065],[120.51799078800002,18.184972232000064],[120.51798313600011,18.184989786000074],[120.51797412300004,18.18500361400004],[120.51797415600004,18.185006109000028],[120.5179587560001,18.185033735000047],[120.5179345040001,18.185087662000058],[120.51792818100012,18.185106448000056],[120.51791702700007,18.185157727000046],[120.51791585900003,18.185168969000074],[120.5179045750001,18.185210269000038],[120.51788158800002,18.185260439000047],[120.51787387200011,18.185273004000067],[120.51784809800006,18.185310731000072],[120.51783772300007,18.18532083200006],[120.51781321300007,18.185354802000063],[120.51780543300004,18.185362378000036],[120.51778614200009,18.185393791000024],[120.51777845800007,18.185408851000034],[120.51777087100004,18.185431395000023],[120.51775968400011,18.18548018000007],[120.51775744500003,18.18551014600007],[120.5177606200001,18.18555252500005],[120.51776334200008,18.18555997900006],[120.51777880100008,18.185638393000033],[120.51778985300007,18.185680680000075],[120.51781980200008,18.185762667000063],[120.51783740200005,18.185803630000066],[120.51784018900003,18.18581607300007],[120.51784968600009,18.18583966500006],[120.51785111200002,18.185848382000074],[120.51786466100009,18.185880659000077],[120.51789208100001,18.185970161000057],[120.5178947390001,18.185972626000023],[120.51790293900001,18.185997481000072],[120.51792737900007,18.186059572000033],[120.51793681100003,18.186078175000034],[120.51793823700007,18.18608689100006],[120.51795467000011,18.186139096000034],[120.51795612800004,18.186150307000048],[120.51796303100002,18.186176424000053],[120.51827767700001,18.187317086000064],[120.51839859400002,18.18772559300004],[120.51841807100004,18.187811389000046],[120.5184203120001,18.18782791900003],[120.51843536700005,18.187890521000043],[120.51844770700006,18.187958654000056],[120.5184525200001,18.187995485000044],[120.51846103500009,18.18803809900004],[120.51846115800004,18.188057834000062],[120.51846333800006,18.188064496000038],[120.51846761600007,18.18811352000006],[120.51846708200003,18.188125712000044],[120.5184719560001,18.18817241000005],[120.51847115400005,18.188190699000074],[120.51847298500002,18.188239155000076],[120.51847119600006,18.188246131000028],[120.51847072300006,18.18826819000003],[120.5184660750001,18.188306526000076],[120.51845361200003,18.188365221000026],[120.51845367400006,18.188375088000043],[120.51844651700003,18.188402990000043],[120.51844094300009,18.188439879000043],[120.51844160100006,18.188447421000035],[120.51843609000002,18.18849417800004],[120.51843779700005,18.188522900000066],[120.51843660400004,18.18852755100005],[120.51845742900002,18.188659420000022],[120.51846024700001,18.18871918900004],[120.5184587870001,18.188729936000072],[120.51845983600003,18.18875111600005],[120.51845823200006,18.18878769300005],[120.51845483900001,18.188831245000074],[120.51845582600004,18.188842558000033],[120.51845467400005,18.188902640000038],[120.51845208300006,18.188927904000025],[120.51845303000005,18.189030347000028],[120.51846444400007,18.189097033000053],[120.5184697300001,18.18911180500004],[120.51847038800008,18.18911934700003],[120.518477587,18.18914687700004],[120.51848815800008,18.189176420000024],[120.51848881600006,18.189183962000072],[120.51849535600002,18.189203951000025],[120.51849634400003,18.18921526400004],[120.51849944900005,18.189223372000072],[120.51850142400008,18.189245999000036],[120.51850253500004,18.18927704600003],[120.51850113600005,18.189297660000022],[120.51849424700004,18.18931946500004],[120.51848577300007,18.189332283000056],[120.51848246200007,18.189340138000034],[120.51848052900004,18.18937294400007],[120.5184827710001,18.189389474000052],[120.51847458800012,18.189467101000048],[120.5184752460001,18.18947464300004],[120.51847345700003,18.18948161800006],[120.51847884600011,18.189561689000072],[120.51848670200002,18.189596761000075],[120.51849085700007,18.189626050000072],[120.51849270800005,18.18962894200007],[120.51849462100006,18.189641701000028],[120.51850829800003,18.18967935300003],[120.51851880700008,18.189699028000064],[120.51855233100002,18.189735117000055],[120.51855477900006,18.189735683000038],[120.51858671900004,18.189762784000038],[120.51859564500012,18.189773471000024],[120.51861137900005,18.189798051000025],[120.51863060900007,18.189844378000032],[120.51864784400004,18.189913644000058],[120.51866435900001,18.189965500000028],[120.51866627200002,18.189978259000043],[120.5186690490001,18.18998259600005],[120.51869784300004,18.190092718000074],[120.51870966900003,18.190127478000022],[120.5187327860001,18.190209190000076],[120.51873556300006,18.190213527000026],[120.51874553800008,18.190245395000034],[120.51875670600009,18.190272613000047],[120.51877229600007,18.190323024000065],[120.51917281200008,18.19125813000005],[120.51950038300004,18.192098460000068],[120.51968113600003,18.192622820000054],[120.51968086900001,18.192628916000047],[120.51968708000004,18.192645133000042],[120.51969652100001,18.192689193000035],[120.51970775100006,18.192726278000066],[120.51971435300004,18.192756134000035],[120.51972928500004,18.192799002000072],[120.51975657900005,18.192864438000072],[120.51976001300011,18.19287631700007],[120.5198145380001,18.192997321000064],[120.51984401200002,18.19306942000003],[120.51986476400009,18.193114867000077],[120.51987124300001,18.193124988000022],[120.51988426300011,18.193155098000034],[120.51988769800005,18.193166977000033],[120.51990567400003,18.193208087000073],[120.51991472400005,18.193238509000025],[120.51992589200006,18.19326572700004],[120.51992747600002,18.19327471500003],[120.51994551400003,18.19332569200003],[120.52003892700009,18.193556299000022],[120.52004633100012,18.193567866000024],[120.52004573500005,18.19357019200004],[120.52005531900011,18.193588421000072],[120.52006932600011,18.193629844000043],[120.52007395400005,18.193637073000048],[120.52011393700002,18.193728847000045],[120.52012537300004,18.193749969000066],[120.52013740500001,18.193768765000073],[120.52015009500008,18.19379510300007],[120.52017263700009,18.193833575000042],[120.52017666900008,18.19384313000006],[120.52024053100001,18.193942895000077],[120.52024271200003,18.193949557000053],[120.5202649250001,18.193984258000057],[120.52028767200011,18.194006767000076],[120.5203630530001,18.194091956000022],[120.52039637200005,18.194144007000034],[120.52039947800006,18.194152116000055],[120.52041428700011,18.194175250000058],[120.52042387200004,18.194193480000024],[120.52044184800002,18.194234590000065],[120.52044740100007,18.19424326500007],[120.52047214600009,18.194350314000076],[120.52048397300007,18.194385074000024],[120.5204889910001,18.19440594200006],[120.52050762600004,18.194454593000046],[120.52052031700009,18.194480932000033],[120.52052467700003,18.19449425700003],[120.52054602700002,18.194537380000043],[120.52057860600007,18.19461758600005],[120.52062011300006,18.194708481000077],[120.52064681000002,18.194776242000046],[120.52066042600006,18.194804026000043],[120.5206647870001,18.19481735100004],[120.5206789990001,18.19484281000007],[120.52068924200012,18.194868582000026],[120.5207205050001,18.19493370500004],[120.52072791000012,18.19494527200004],[120.52073815300002,18.194971044000056],[120.52076075700006,18.195019383000044],[120.52078342300001,18.19507758900005],[120.52081223900007,18.195142145000034],[120.5208830150001,18.195321102000037],[120.5209199200001,18.195445908000067],[120.52095091700005,18.195517127000073],[120.52098137900009,18.195600538000065],[120.52099419300009,18.19564661100003],[120.52101023700004,18.19572052700005],[120.5210167780001,18.195740515000068],[120.52103162900005,18.195819081000025],[120.52103473500006,18.195827189000056],[120.52103948600006,18.195854153000028],[120.52104259200007,18.19586226200005],[120.52104483400001,18.19587879200003],[120.52106953700002,18.195969491000028],[120.52109259500003,18.196041335000075],[120.5211010490001,18.196074082000052],[120.52110600600008,18.19608508300007],[120.5211110250001,18.19610595000006],[120.52112529900012,18.19614127600005],[120.52113891500005,18.196169061000035],[120.52115940100009,18.196220604000075],[120.52133200800006,18.197030347000066],[120.52135174500006,18.19709593500005],[120.52137687800007,18.19714539100005],[120.52141816900007,18.19721701700007],[120.52168728100003,18.197836927000026],[120.52182702200002,18.19781272800003],[120.52186886000004,18.197932109000078],[120.52293336100001,18.196945998000047]]]},"properties":{"brgy_name":"Bgy. No. 35, Gabu Sur","name":"Bgy. No. 35, Gabu Sur","brgy_code":"102812024","psgc_code":"102812024","adm4_pcode":"PH0102812024","adm3_pcode":"PH0102812","city_name":"Laoag City","prov_name":"Ilocos Norte","reg_name":"Region I","shape_sqkm":2.23425954429,"boundary_source":"altcoder/philippines-psgc-shapefiles; sourced from PSA/NAMRIA/OCHA public administrative boundaries","boundary_granularity":"barangay"}},{"type":"Feature","geometry":{"type":"Polygon","coordinates":[[[120.54464198200003,18.213670482000055],[120.5447617100001,18.21362375900003],[120.54484931700006,18.213556594000067],[120.54492524200009,18.213483589000077],[120.5449836460001,18.213395982000065],[120.54508001300007,18.21329961600003],[120.54527274700001,18.213139004000027],[120.54552972600004,18.213007595000022],[120.54562901300005,18.212943350000046],[120.54575458200009,18.21285282300005],[120.54592687400009,18.212709733000054],[120.54602324100006,18.212657169000067],[120.54616341100007,18.212595845000067],[120.54638242700003,18.212531600000034],[120.5465430380001,18.212508239000044],[120.54662772400002,18.212479037000037],[120.54684325100004,18.212248689000035],[120.54699249700002,18.212029045000065],[120.54705163200003,18.211972726000056],[120.5471304780001,18.211922039000058],[120.54726564400005,18.21184882500006],[120.54787107300001,18.211530622000055],[120.54794992000006,18.211502463000045],[120.54800060700006,18.21150527900005],[120.54805974200008,18.211524990000044],[120.54811887700009,18.211570046000077],[120.54830472900005,18.211750266000024],[120.5483835760001,18.21182066500006],[120.54845397400004,18.21184882500006],[120.5485356370001,18.211834745000033],[120.54861448400004,18.211803769000028],[120.54869614600011,18.211750266000024],[120.54876654500003,18.21168268400004],[120.5488425750001,18.211581309000053],[120.54894676600009,18.21150527900005],[120.54913543400005,18.21141516800003],[120.5493691580001,18.211336322000022],[120.54974649500002,18.211226500000066],[120.55000556300001,18.21082381900004],[120.55047220900008,18.210170737000055],[120.55205809800009,18.208246373000065],[120.55124001900003,18.20820477500007],[120.55036647700001,18.208052252000073],[120.5497286530001,18.207816534000074],[120.54903536500001,18.207497622000062],[120.54778744800001,18.20672114000007],[120.54690004000008,18.206027853000023],[120.546456336,18.205653478000045],[120.54604036400008,18.205209774000025],[120.54577588100005,18.204773412000065],[120.54549300500003,18.204355832000033],[120.54511135900009,18.20378160200005],[120.5448599,18.203318618000026],[120.54444580300003,18.202686208000046],[120.54398433000006,18.202133230000072],[120.54348906700011,18.20161854500003],[120.54263729900003,18.201015195000025],[120.5420715460001,18.200664966000033],[120.5414115000001,18.200274327000045],[120.54151505800007,18.20285391400006],[120.54154399900006,18.20337828600003],[120.54180684800008,18.20639477700007],[120.54180296600009,18.20881660200007],[120.54235584100002,18.214783131000047],[120.54464198200003,18.213670482000055]]]},"properties":{"brgy_name":"Bgy. No. 32-C La Paz East","name":"Bgy. No. 32-C La Paz East","brgy_code":"102812026","psgc_code":"102812026","adm4_pcode":"PH0102812026","adm3_pcode":"PH0102812","city_name":"Laoag City","prov_name":"Ilocos Norte","reg_name":"Region I","shape_sqkm":0.834618726892,"boundary_source":"altcoder/philippines-psgc-shapefiles; sourced from PSA/NAMRIA/OCHA public administrative boundaries","boundary_granularity":"barangay"}},{"type":"Feature","geometry":{"type":"Polygon","coordinates":[[[120.5364250770001,18.203245896000055],[120.53689687600001,18.203219190000027],[120.53710161900005,18.203201386000046],[120.5371847030001,18.203198419000046],[120.53727965600001,18.203201386000046],[120.53762089400004,18.203225125000074],[120.53770101100008,18.203234026000075],[120.53776035700002,18.203234026000075],[120.53782563700008,18.203216223000027],[120.53846063700007,18.203026316000035],[120.53851755800008,18.203011711000045],[120.5385381100001,18.20297060000007],[120.53851931200006,18.20277087900007],[120.53852401200004,18.202719186000024],[120.53851755000005,18.202626962000068],[120.5385281230001,18.202528276000066],[120.53851755000005,18.202429590000065],[120.53851755000005,18.202330905000053],[120.53854574600007,18.20224279200005],[120.53861623600005,18.202161729000068],[120.53858263900008,18.202137236000056],[120.53856293000001,18.20211562000003],[120.53851404800002,18.20205304600006],[120.5384309640001,18.20190468100003],[120.5384696320001,18.20177995000006],[120.5385064410001,18.201676017000068],[120.53857139900003,18.20153960700003],[120.53868089200012,18.19904206500007],[120.5375406610001,18.19901178500004],[120.53609862300004,18.199081114000023],[120.53569704200004,18.19910304900003],[120.53511415500009,18.199164308000036],[120.53437936500006,18.199359266000044],[120.5348572040001,18.20138715300004],[120.53491769400011,18.201510032000044],[120.53500374600003,18.201738513000066],[120.53506812900002,18.201853036000045],[120.53514914300001,18.201978863000022],[120.53522178900005,18.202080781000063],[120.53526294800008,18.202145950000045],[120.53532421300008,18.202251854000053],[120.53535388600005,18.202311200000054],[120.53536310100003,18.202336652000042],[120.53536575500004,18.202367578000064],[120.53535829900011,18.202405936000048],[120.53534457900003,18.202438177000033],[120.53532331400004,18.20247247700007],[120.53522629200006,18.202625732000058],[120.53521218500009,18.20268032900003],[120.53520255400008,18.20273552200007],[120.53519661900009,18.20280970400006],[120.53519915100003,18.20287171700005],[120.53520463900009,18.202910818000078],[120.53521904500008,18.202958151000075],[120.53523825200011,18.20299588000006],[120.5352636340001,18.203031551000038],[120.53531827800009,18.203082695000035],[120.53540136200002,18.203171713000074],[120.53550521700004,18.203242928000066],[120.53566248400011,18.203248863000056],[120.53611351100005,18.203248863000056],[120.5364250770001,18.203245896000055]]]},"properties":{"brgy_name":"Bgy. No. 33-B, La Paz Proper","name":"Bgy. No. 33-B, La Paz Proper","brgy_code":"102812027","psgc_code":"102812027","adm4_pcode":"PH0102812027","adm3_pcode":"PH0102812","city_name":"Laoag City","prov_name":"Ilocos Norte","reg_name":"Region I","shape_sqkm":0.179513957446,"boundary_source":"altcoder/philippines-psgc-shapefiles; sourced from PSA/NAMRIA/OCHA public administrative boundaries","boundary_granularity":"barangay"}},{"type":"Feature","geometry":{"type":"Polygon","coordinates":[[[120.5318679830001,18.211095460000024],[120.53332570000009,18.210232346000055],[120.5337362890001,18.209951944000068],[120.5344423030001,18.20959142600003],[120.5348498950001,18.209449406000033],[120.53515081900002,18.209076521000043],[120.53549464600007,18.208328781000034],[120.53568491900012,18.20786144400006],[120.53584514900001,18.20753097000005],[120.53609217000007,18.20702023700005],[120.5361489180001,18.206896726000025],[120.53620900500005,18.206686424000054],[120.53629913400005,18.206392669000024],[120.53612936800005,18.206003434000024],[120.53597404900006,18.205649399000038],[120.5359206380001,18.205492133000064],[120.53587909600003,18.205320030000053],[120.5357861540001,18.204955406000067],[120.53574853500004,18.204800755000065],[120.53571292800007,18.204601946000025],[120.5356802870001,18.20436456300007],[120.53566248400011,18.204139049000048],[120.53565061400002,18.203946176000045],[120.53565094100009,18.203790850000075],[120.53565106600001,18.203774743000054],[120.53566248400011,18.203248863000056],[120.53550521700004,18.203242928000066],[120.53540136200002,18.203171713000074],[120.53531827800009,18.203082695000035],[120.5352636340001,18.203031551000038],[120.53523825200011,18.20299588000006],[120.53521904500008,18.202958151000075],[120.53520463900009,18.202910818000078],[120.53519915100003,18.20287171700005],[120.53519661900009,18.20280970400006],[120.53520255400008,18.20273552200007],[120.53521218500009,18.20268032900003],[120.53522629200006,18.202625732000058],[120.53532331400004,18.20247247700007],[120.53534457900003,18.202438177000033],[120.53535829900011,18.202405936000048],[120.53536575500004,18.202367578000064],[120.53536310100003,18.202336652000042],[120.53535388600005,18.202311200000054],[120.53532421300008,18.202251854000053],[120.53526294800008,18.202145950000045],[120.53522178900005,18.202080781000063],[120.53514914300001,18.201978863000022],[120.53506812900002,18.201853036000045],[120.53500374600003,18.201738513000066],[120.53491769400011,18.201510032000044],[120.5348572040001,18.20138715300004],[120.53437936500006,18.199359266000044],[120.53310811300003,18.19525802100003],[120.52865372800011,18.196055122000075],[120.52644998000005,18.196195786000033],[120.52293336100001,18.196945998000047],[120.52186886000004,18.197932109000078],[120.52182702200002,18.19781272800003],[120.52168728100003,18.197836927000026],[120.52172877600003,18.197932512000023],[120.52196216200002,18.198479098000064],[120.52236999900003,18.19923355700007],[120.52254435500004,18.199859142000037],[120.52280889300005,18.200570758000026],[120.52290585300011,18.20123015300004],[120.52297228400005,18.20155339200005],[120.52299168200011,18.201611607000075],[120.52302945600002,18.20167379700007],[120.52303836700003,18.201693669000065],[120.52305086100012,18.201713264000034],[120.52306616500005,18.20174463500007],[120.52309769100009,18.201797028000044],[120.52310897500001,18.201823569000055],[120.52311314000008,18.20183010100004],[120.5231204050001,18.201851813000076],[120.52312456900006,18.201858344000073],[120.52312752400007,18.201871822000044],[120.52313212500007,18.201883460000033],[120.52313285200012,18.201891970000077],[120.52313774400011,18.20190701200005],[120.52314646200011,18.201945743000067],[120.52314835200002,18.201967869000043],[120.52315736100002,18.202010005000034],[120.52315983200003,18.202038939000033],[120.52316220600005,18.202045609000038],[120.52316671200003,18.202098370000044],[120.5231752850001,18.20213540000003],[120.52318967000008,18.202177121000034],[120.52320274600004,18.202203525000073],[120.52322386000003,18.202239588000054],[120.52324119900004,18.202294787000028],[120.52324429900011,18.202309967000076],[120.52325258600001,18.202406980000035],[120.52325152100002,18.20241562900003],[120.52325336400008,18.202458317000037],[120.52336990000003,18.20335817600005],[120.52342018400009,18.204200238000055],[120.52343297200002,18.204244376000076],[120.52343704200007,18.20429203200007],[120.52343583200002,18.204298978000054],[120.52343714000006,18.204314296000064],[120.5234360280001,18.204343506000043],[120.5234421340001,18.204414990000032],[120.52344450700002,18.204421660000037],[120.52344916000004,18.204476124000053],[120.52345153300007,18.204482794000057],[120.52346127300007,18.204596827000046],[120.52346393700009,18.204606901000034],[120.52346611700011,18.20463243100005],[120.52346820000002,18.20463569700007],[120.52346921800006,18.20464761100004],[120.52348219900011,18.20471513800004],[120.52348931900008,18.204735148000054],[120.52348990000007,18.204741956000078],[120.52349731100003,18.204765370000075],[120.52351140500002,18.204803687000037],[120.52353087300003,18.204841590000058],[120.52357014900008,18.20490023800005],[120.52358622700001,18.20491955700004],[120.52360574300008,18.204936898000028],[120.52362748700011,18.20495920600007],[120.52368202800005,18.204999747000045],[120.52368811600002,18.205006256000047],[120.52380859700008,18.20509271700007],[120.52382258900002,18.205100618000074],[120.52400726300004,18.20523100500003],[120.52401908800005,18.205241631000035],[120.52406068200003,18.20527148000002],[120.52409724200004,18.20530199600006],[120.52412736200006,18.20532361100004],[120.52413201600007,18.205329091000067],[120.52417753100008,18.205368174000057],[120.52420153300011,18.205391819000056],[120.5242205290001,18.20540759100004],[120.5242223140001,18.20541101200007],[120.52423092000004,18.20541718800007],[120.524267097,18.205453850000026],[120.52427570300006,18.205460026000026],[120.52429575200006,18.205482974000063],[120.52430149000008,18.205487091000066],[120.52432010500002,18.205509009000025],[120.52432584200005,18.205513127000074],[120.52433658300004,18.205525115000057],[120.52436594000005,18.205559022000045],[120.52437594900005,18.20557476500005],[120.52438669100002,18.205586754000024],[120.52441133100001,18.205632257000048],[120.52486819700005,18.206368234000024],[120.52549383400003,18.207369953000068],[120.5259935360001,18.208224950000044],[120.52606671000001,18.208364618000076],[120.52610052300008,18.208410917000037],[120.5261031440001,18.208417503000078],[120.52612261200011,18.208444160000056],[120.526125234,18.20845074600004],[120.5261354810001,18.208464776000028],[120.52613810200012,18.20847136200007],[120.52619650700001,18.20855133400005],[120.5261970790001,18.208555113000045],[120.52625036100005,18.208628071000078],[120.52625605600008,18.20863886500007],[120.5265223450001,18.208997495000062],[120.52653099500003,18.209006343000055],[120.5265453400001,18.20902598500004],[120.52655091500003,18.209030624000036],[120.52656731000002,18.209053073000064],[120.52657288500006,18.20905771100007],[120.5266010040001,18.20909321700003],[120.52661522900007,18.20910670300003],[120.52662342600001,18.209117927000023],[120.52664482400007,18.20914123500006],[120.52668546200005,18.209190099000068],[120.52668981500005,18.20919831300006],[120.52670090100003,18.209212182000044],[120.52674716000001,18.209257867000076],[120.52675135700008,18.20926367000004],[120.52677425200011,18.209282897000037],[120.52681496800005,18.20932164800007],[120.52681916400002,18.209327451000036],[120.52685972400002,18.209363791000044],[120.52692784400006,18.209432393000043],[120.52695208600005,18.20945275100007],[120.52695628200001,18.209458554000037],[120.5269887610001,18.209488108000073],[120.52701331600008,18.20951328700005],[120.52711852100003,18.20960391500006],[120.52712794900003,18.209611832000064],[120.52713587400001,18.209616207000067],[120.52721129400004,18.20967954300005],[120.52722460600012,18.20968844300006],[120.52725692900003,18.209715587000062],[120.5272662000001,18.20972109300004],[120.52730660400005,18.20975502300007],[120.52733457400007,18.209773953000024],[120.52739114000008,18.209821455000053],[120.52805500400007,18.210321966000038],[120.52821806600002,18.210452286000077],[120.52824396800008,18.21047859500004],[120.52828302500006,18.210511394000036],[120.52829260900012,18.210521721000077],[120.52832627900011,18.210549996000054],[120.528333169,18.21055806100003],[120.52847054300003,18.21067342200007],[120.5284744270001,18.210674405000077],[120.52854850200004,18.210736609000037],[120.52855507900006,18.210739853000064],[120.52858320600001,18.210761194000042],[120.52862044800008,18.210785630000032],[120.5286672740001,18.210820394000052],[120.52871497800004,18.210849058000065],[120.52874025500012,18.210865726000065],[120.52875102900009,18.210874773000057],[120.52875491400005,18.210875756000064],[120.52879381500009,18.210906144000035],[120.52880443300012,18.210912782000037],[120.52884887800008,18.210950104000062],[120.52885576800008,18.210958170000026],[120.52886788900003,18.21096834800005],[120.52887208600009,18.210974152000063],[120.52890321900009,18.211002575000066],[120.52891565300001,18.21101757400004],[120.5289452830001,18.21104245600003],[120.52894678500002,18.211045997000042],[120.52958945800003,18.21173086700003],[120.53018312000006,18.212192920000064],[120.53018969800007,18.212198444000023],[120.5318679830001,18.211095460000024]]]},"properties":{"brgy_name":"Bgy. No. 32-B, La Paz West","name":"Bgy. No. 32-B, La Paz West","brgy_code":"102812028","psgc_code":"102812028","adm4_pcode":"PH0102812028","adm3_pcode":"PH0102812","city_name":"Laoag City","prov_name":"Ilocos Norte","reg_name":"Region I","shape_sqkm":1.90026985112,"boundary_source":"altcoder/philippines-psgc-shapefiles; sourced from PSA/NAMRIA/OCHA public administrative boundaries","boundary_granularity":"barangay"}},{"type":"Feature","geometry":{"type":"Polygon","coordinates":[[[120.636533944,18.212492653000027],[120.63666015700005,18.21241318500006],[120.63669755400008,18.212359427000024],[120.63761643300006,18.211522702000025],[120.63932533000002,18.210593594000045],[120.63939169500009,18.210527229000036],[120.6423449340001,18.20893447000003],[120.64355609400002,18.207175800000073],[120.64105162800001,18.198620094000034],[120.64024702300003,18.196474479000074],[120.63803502200005,18.189936044000035],[120.63720429000011,18.18958849300003],[120.63669567800002,18.189554585000053],[120.63571695400003,18.18966029300003],[120.63458493900009,18.189876706000064],[120.63269459800006,18.190215781000063],[120.63129591500001,18.190995652000026],[120.63081816400006,18.191269840000075],[120.63032107600009,18.191555125000036],[120.62998575100005,18.191778847000023],[120.62959925100006,18.19203671100007],[120.62612154300007,18.194451660000027],[120.62602999800004,18.19452646600007],[120.62590205100003,18.194579614000077],[120.62565796700005,18.19472330800005],[120.62536073600006,18.194884719000072],[120.6249296520001,18.195097308000072],[120.62451234700006,18.19528824500003],[120.62437455700001,18.195345329000077],[120.62427416800006,18.19538863400004],[120.62413441000001,18.195483118000027],[120.62403205300006,18.195548076000023],[120.62394937900001,18.195581539000045],[120.62386473700008,18.195609097000045],[120.62378796900009,18.195624844000065],[120.62351239000009,18.19565830700003],[120.62304390600002,18.195737044000055],[120.62302991900003,18.195710105000046],[120.62301295200007,18.195714526000074],[120.62291940600005,18.195728917000054],[120.62267834600004,18.195829659000026],[120.62233294700002,18.196023946000025],[120.62207389800005,18.196146275000046],[120.6220091350001,18.19621103700007],[120.62190839400012,18.19630458300003],[120.6218148480001,18.196387334000065],[120.62169162800001,18.196437799000023],[120.62155579900002,18.19651685900004],[120.62127156400004,18.196718342000054],[120.62101611300011,18.19688384600005],[120.62062394100008,18.197067339000057],[120.62042965400008,18.19715728700004],[120.62024256300003,18.19722204900006],[120.62013822400002,18.197261626000056],[120.6200086990001,18.197286811000026],[120.61981081400006,18.197308399000065],[120.61956255900009,18.197333584000035],[120.61947620900003,18.19734797600006],[120.61939345700011,18.197394748000022],[120.61926033400005,18.197517077000043],[120.61914520100004,18.197578242000077],[120.61891853300006,18.197707766000065],[120.6186486900001,18.197880466000072],[120.61847958800001,18.197984805000033],[120.61834286800001,18.198053165000033],[120.61818456000003,18.198117928000045],[120.61793630400007,18.19821147300007],[120.6176772550001,18.19827983400006],[120.61746497900003,18.198355390000074],[120.61708000300007,18.198535285000048],[120.61671301600006,18.198733170000025],[120.61668423300011,18.198790736000035],[120.6167166140001,18.198841107000078],[120.6169001070001,18.199172115000067],[120.61691449900002,18.199236877000033],[120.61690370500003,18.199474339000062],[120.61686053000005,18.19958947200007],[120.61659788300005,18.199711801000035],[120.61654391400009,18.199722594000036],[120.6164647600001,18.199704605000022],[120.61639280200006,18.199704605000022],[120.61628486500001,18.199744182000074],[120.61601502200006,18.199855717000048],[120.6154933250001,18.20010397300007],[120.61538803000008,18.20015849200007],[120.61535079900011,18.20020095800004],[120.61536198700003,18.20025402500005],[120.61542905400006,18.20035307200004],[120.61547749600004,18.200445048000063],[120.6154849610001,18.20050165500004],[120.61548498600007,18.200586567000073],[120.61534978300006,18.201037470000074],[120.61547972900007,18.201102443000025],[120.6167482520001,18.201752174000035],[120.61776307000002,18.202256489000035],[120.61983602200007,18.203265119000037],[120.62233284600006,18.204406790000064],[120.62471519300004,18.205483487000038],[120.62540205200003,18.20582382200007],[120.62629930000003,18.206284822000043],[120.628233023,18.20733676800006],[120.62998729700007,18.20844131100006],[120.63078863200008,18.208886841000037],[120.63225826200005,18.209836686000074],[120.63370004600006,18.211176369000043],[120.63396922100003,18.21144245000005],[120.63424574100009,18.211676940000075],[120.63506145400004,18.21223788800006],[120.63510118700003,18.212272948000077],[120.63515027000005,18.21231034400006],[120.63520636500004,18.212364102000038],[120.63528817000008,18.21245058100004],[120.63546112900008,18.21264457600006],[120.63550553800007,18.212707683000076],[120.63559435500008,18.212859606000052],[120.63562474000003,18.21298815700004],[120.636533944,18.212492653000027]]]},"properties":{"brgy_name":"Bgy. No. 54-A, Lagui-Sail","name":"Bgy. No. 54-A, Lagui-Sail","brgy_code":"102812029","psgc_code":"102812029","adm4_pcode":"PH0102812029","adm3_pcode":"PH0102812","city_name":"Laoag City","prov_name":"Ilocos Norte","reg_name":"Region I","shape_sqkm":4.16948533474,"boundary_source":"altcoder/philippines-psgc-shapefiles; sourced from PSA/NAMRIA/OCHA public administrative boundaries","boundary_granularity":"barangay"}},{"type":"Feature","geometry":{"type":"Polygon","coordinates":[[[120.54235584100002,18.214783131000047],[120.54180296600009,18.20881660200007],[120.54180684800008,18.20639477700007],[120.54154399900006,18.20337828600003],[120.54151505800007,18.20285391400006],[120.5414115000001,18.200274327000045],[120.54095351000001,18.19995104000003],[120.54050898900005,18.19964122300007],[120.53962052300005,18.199067248000063],[120.53868089200012,18.19904206500007],[120.53857139900003,18.20153960700003],[120.5385064410001,18.201676017000068],[120.5384696320001,18.20177995000006],[120.5384309640001,18.20190468100003],[120.53851404800002,18.20205304600006],[120.53856293000001,18.20211562000003],[120.53858263900008,18.202137236000056],[120.53861623600005,18.202161729000068],[120.53854574600007,18.20224279200005],[120.53851755000005,18.202330905000053],[120.53851755000005,18.202429590000065],[120.5385281230001,18.202528276000066],[120.53851755000005,18.202626962000068],[120.53852401200004,18.202719186000024],[120.53851931200006,18.20277087900007],[120.5385381100001,18.20297060000007],[120.53851755800008,18.203011711000045],[120.53865647800001,18.202972905000024],[120.53872175800007,18.20298180700007],[120.53877220200002,18.202990709000062],[120.53883154800008,18.203002578000053],[120.53887902500003,18.203014447000044],[120.53895023900009,18.203020382000034],[120.53900068300004,18.203020382000034],[120.53907783300008,18.203014447000044],[120.53921136100007,18.20298180700007],[120.539410169,18.20292246100007],[120.5395615010001,18.20288091900005],[120.53962207600011,18.20285683000003],[120.5396801920001,18.20282157300005],[120.53984835000006,18.20267599600004],[120.53989306200003,18.20263314700003],[120.53993834700009,18.20259605900003],[120.53997782800002,18.202568873000075],[120.54002376400001,18.202894377000064],[120.5406893930001,18.215624459000026],[120.54235584100002,18.214783131000047]]]},"properties":{"brgy_name":"Bgy. No. 32-A, La Paz East","name":"Bgy. No. 32-A, La Paz East","brgy_code":"102812030","psgc_code":"102812030","adm4_pcode":"PH0102812030","adm3_pcode":"PH0102812","city_name":"Laoag City","prov_name":"Ilocos Norte","reg_name":"Region I","shape_sqkm":0.342211344364,"boundary_source":"altcoder/philippines-psgc-shapefiles; sourced from PSA/NAMRIA/OCHA public administrative boundaries","boundary_granularity":"barangay"}},{"type":"Feature","geometry":{"type":"Polygon","coordinates":[[[120.5406893930001,18.215624459000026],[120.54002376400001,18.202894377000064],[120.53997782800002,18.202568873000075],[120.53993834700009,18.20259605900003],[120.53989306200003,18.20263314700003],[120.53984835000006,18.20267599600004],[120.5396801920001,18.20282157300005],[120.53962207600011,18.20285683000003],[120.5395615010001,18.20288091900005],[120.539410169,18.20292246100007],[120.53921136100007,18.20298180700007],[120.53907783300008,18.203014447000044],[120.53900068300004,18.203020382000034],[120.53895023900009,18.203020382000034],[120.53887902500003,18.203014447000044],[120.53883154800008,18.203002578000053],[120.53877220200002,18.202990709000062],[120.53872175800007,18.20298180700007],[120.53865647800001,18.202972905000024],[120.53851755800008,18.203011711000045],[120.53846063700007,18.203026316000035],[120.53782563700008,18.203216223000027],[120.53776035700002,18.203234026000075],[120.53770101100008,18.203234026000075],[120.53762089400004,18.203225125000074],[120.53727965600001,18.203201386000046],[120.5371847030001,18.203198419000046],[120.53710161900005,18.203201386000046],[120.53689687600001,18.203219190000027],[120.5364250770001,18.203245896000055],[120.53611351100005,18.203248863000056],[120.53566248400011,18.203248863000056],[120.53565106600001,18.203774743000054],[120.53565094100009,18.203790850000075],[120.53565061400002,18.203946176000045],[120.53566248400011,18.204139049000048],[120.5356802870001,18.20436456300007],[120.53571292800007,18.204601946000025],[120.53574853500004,18.204800755000065],[120.5357861540001,18.204955406000067],[120.53587909600003,18.205320030000053],[120.5359206380001,18.205492133000064],[120.53597404900006,18.205649399000038],[120.53612936800005,18.206003434000024],[120.53629913400005,18.206392669000024],[120.53620900500005,18.206686424000054],[120.5361489180001,18.206896726000025],[120.53609217000007,18.20702023700005],[120.53584514900001,18.20753097000005],[120.53568491900012,18.20786144400006],[120.53549464600007,18.208328781000034],[120.53515081900002,18.209076521000043],[120.5348498950001,18.209449406000033],[120.5344423030001,18.20959142600003],[120.5337362890001,18.209951944000068],[120.53332570000009,18.210232346000055],[120.5318679830001,18.211095460000024],[120.53018969800007,18.212198444000023],[120.53022194800008,18.212225525000065],[120.53024722600003,18.212242193000066],[120.5303199540001,18.21230326600005],[120.53034927200008,18.212323326000046],[120.5304664460001,18.212421721000055],[120.53050042900009,18.212454816000047],[120.53051928500008,18.212470650000057],[120.53055746500002,18.21250954800007],[120.53057497400005,18.212524250000058],[120.53061331000004,18.21256555900004],[120.5306486400001,18.212599785000066],[120.53065972700006,18.212613653000062],[120.5306718490001,18.212623832000077],[120.53069925400007,18.212653682000052],[120.53071406900006,18.212666123000076],[120.53075240600003,18.21270743100007],[120.53078908300006,18.21274278800007],[120.53080975400007,18.21276698400004],[120.53084658700004,18.21280475100002],[120.53091484300012,18.21286890400006],[120.53097742200009,18.212930570000026],[120.53104181700007,18.213000598000065],[120.5310593260001,18.21301530100004],[120.53106082900001,18.213018842000054],[120.5311093150001,18.213059557000065],[120.53111319900006,18.213060540000072],[120.53112801500004,18.21307298000005],[120.53115987000001,18.213092892000077],[120.53118126300001,18.21310857800006],[120.53126336100001,18.21315700400004],[120.53129102000003,18.213171113000044],[120.53139466800008,18.21323763600003],[120.53144014800012,18.213271268000028],[120.53144807300009,18.21327564300003],[120.53146558200001,18.213290346000065],[120.5314735070001,18.213294721000068],[120.53151930000001,18.21333317400007],[120.53152080300003,18.213336715000025],[120.53155178000009,18.21336272800005],[120.53157229500005,18.21338451300005],[120.53158711100002,18.21339695300003],[120.5316214070001,18.213434869000025],[120.53162948800002,18.213441654000064],[120.53165705000004,18.213473915000066],[120.5316637840001,18.21347957000006],[120.5317126430001,18.213545667000062],[120.53171715200006,18.21355629100003],[120.5317386050001,18.213592538000057],[120.5317750800001,18.21364280100005],[120.53180875100009,18.213671075000036],[120.53184211000007,18.213694529000065],[120.53190043400002,18.213729830000034],[120.5319464800001,18.213752541000076],[120.5319490170001,18.21375239300005],[120.53197160100001,18.21376679800005],[120.53198206400009,18.213771025000028],[120.5320006070001,18.213782038000033],[120.53202588500005,18.213798706000034],[120.53203381000003,18.213803081000037],[120.53203634700003,18.213802933000068],[120.532041735,18.21380745700003],[120.53212186100006,18.21384511100007],[120.53213382700005,18.213852879000058],[120.53221141600011,18.213890682000056],[120.532236538,18.21390493900003],[120.53230682700007,18.213948008000045],[120.53237235400002,18.21399619400006],[120.53238027900011,18.214000569000063],[120.53246782500003,18.214074082000025],[120.53247471600002,18.214082147000056],[120.53250165300005,18.214104766000048],[120.53250854300006,18.214112831000023],[120.53261842000006,18.21421649000007],[120.53413258800003,18.215380803000073],[120.5348642240001,18.215935882000053],[120.53590103800002,18.21685887700005],[120.536786,18.21765025600007],[120.5406893930001,18.215624459000026]]]},"properties":{"brgy_name":"Bgy. No. 33-A, La Paz Proper","name":"Bgy. No. 33-A, La Paz Proper","brgy_code":"102812031","psgc_code":"102812031","adm4_pcode":"PH0102812031","adm3_pcode":"PH0102812","city_name":"Laoag City","prov_name":"Ilocos Norte","reg_name":"Region I","shape_sqkm":0.99931121861,"boundary_source":"altcoder/philippines-psgc-shapefiles; sourced from PSA/NAMRIA/OCHA public administrative boundaries","boundary_granularity":"barangay"}},{"type":"Feature","geometry":{"type":"Polygon","coordinates":[[[120.63458493900009,18.189876706000064],[120.63571695400003,18.18966029300003],[120.63669567800002,18.189554585000053],[120.63720429000011,18.18958849300003],[120.63803502200005,18.189936044000035],[120.64643482300005,18.187847318000024],[120.64789077600005,18.186314736000043],[120.64943655200011,18.184987445000047],[120.65068062800003,18.18306478200003],[120.65124611700003,18.18145313800005],[120.64753630700011,18.179964466000058],[120.64482561200009,18.178881713000067],[120.64471329900005,18.17882576100004],[120.64379198100005,18.178440683000076],[120.64248351000003,18.177894025000057],[120.63949577800008,18.17677950600006],[120.63928849700005,18.176685473000077],[120.63913456600005,18.176554602000067],[120.63906165000003,18.176512261000028],[120.63901709000004,18.176508411000043],[120.63894822500004,18.176508408000075],[120.63888746200007,18.17650840600004],[120.63881049600002,18.176500705000024],[120.63872711200008,18.17648338400005],[120.63857009300011,18.176393715000074],[120.63832540400006,18.176234403000024],[120.63799008500007,18.17598035900005],[120.63317351800004,18.178588055000034],[120.63133132100006,18.180031149000058],[120.63082046000011,18.180133322000074],[120.63025851300006,18.18005669200005],[120.62941559300009,18.179571375000023],[120.63269459800006,18.190215781000063],[120.63458493900009,18.189876706000064]]]},"properties":{"brgy_name":"Bgy. No. 52-B, Lataag","name":"Bgy. No. 52-B, Lataag","brgy_code":"102812032","psgc_code":"102812032","adm4_pcode":"PH0102812032","adm3_pcode":"PH0102812","city_name":"Laoag City","prov_name":"Ilocos Norte","reg_name":"Region I","shape_sqkm":2.32990702338,"boundary_source":"altcoder/philippines-psgc-shapefiles; sourced from PSA/NAMRIA/OCHA public administrative boundaries","boundary_granularity":"barangay"}},{"type":"Feature","geometry":{"type":"Polygon","coordinates":[[[120.56223587800002,18.263680529000055],[120.56223610400002,18.263674758000036],[120.56324566700005,18.26283981800003],[120.56453830400005,18.26183904800007],[120.56545540400009,18.260547621000057],[120.567439336,18.260454039000024],[120.56997717800004,18.261317115000054],[120.57039111100005,18.260326345000067],[120.57057540800008,18.25986315600005],[120.57086623300006,18.25954524900004],[120.57096919300011,18.259425618000023],[120.571809185,18.257230974000038],[120.57243346200005,18.256710304000023],[120.57354171500003,18.255741348000072],[120.57450416500001,18.254962084000056],[120.57522303100006,18.25458473900005],[120.57642715600002,18.253936129000067],[120.58020246300009,18.25303391500006],[120.58194019200005,18.252618163000022],[120.58261382400008,18.252404656000067],[120.58235325200008,18.25219837000003],[120.5821361080001,18.251807512000028],[120.58203839400005,18.251221224000062],[120.58208182200008,18.250732651000078],[120.58230924000009,18.25005855200004],[120.58223847800002,18.249967640000023],[120.58218458800002,18.249882573000036],[120.58214792600006,18.249809249000066],[120.58204795100005,18.249582066000073],[120.58203423900011,18.249556470000073],[120.58202327000004,18.249529960000075],[120.58201778500006,18.249504365000064],[120.58201687100006,18.249474199000076],[120.5820077300001,18.24944403300003],[120.58198761900007,18.24941569500004],[120.58196385200006,18.24939924100005],[120.5819272870001,18.249391014000025],[120.5819026050001,18.24938552900005],[120.58188066600007,18.249365418000025],[120.5817835470001,18.24921746600006],[120.58173364200002,18.24914199500006],[120.58164996200003,18.249004588000048],[120.58149924700001,18.248755994000078],[120.58132619500009,18.248498476000066],[120.58110305100001,18.248174111000026],[120.58101506100002,18.248031128000036],[120.58097473300006,18.24793947200004],[120.5809527350001,18.24786614800007],[120.58091607300003,18.24778549100006],[120.58088674300006,18.247712166000042],[120.58084641500011,18.24758751400003],[120.58079508700007,18.247437199000046],[120.58069609900008,18.24716223200005],[120.58058244600011,18.246905596000033],[120.5805054550001,18.246722284000043],[120.58024148700008,18.246293336000065],[120.5800471770001,18.24603303300006],[120.57940925300011,18.24528512300003],[120.57927726900004,18.245120143000065],[120.57919661200003,18.245039486000053],[120.57915988600007,18.244992258000025],[120.57913959600012,18.244949914000074],[120.5791131310001,18.244890809000026],[120.57908662500006,18.244808513000066],[120.5790609610001,18.244687528000043],[120.57901330000004,18.244441890000076],[120.57899496900006,18.24430624000007],[120.57896930600009,18.24411193000003],[120.57894375600006,18.244010410000044],[120.57890698000006,18.243906621000065],[120.57887053600007,18.24383485900006],[120.57882632300004,18.243767304000073],[120.57826905600007,18.24306705500004],[120.57821039600003,18.24301206100006],[120.57766046200004,18.24275909100004],[120.57749914800002,18.24267476800003],[120.57670269500011,18.242325578000077],[120.57655973800001,18.24242559700002],[120.57648192700003,18.242471952000074],[120.57613203100004,18.242704597000056],[120.57580100700011,18.24290349200004],[120.57553961200006,18.243075033000025],[120.57545588400001,18.243115875000058],[120.5753844090001,18.243128128000023],[120.57534500700001,18.24312832100003],[120.57531179900002,18.243119265000075],[120.57529127100008,18.243107793000036],[120.57521447900001,18.24304208600006],[120.57518711300008,18.243017327000075],[120.57514878100005,18.24299971800008],[120.57510871900001,18.242991305000032],[120.57507270600001,18.242994284000076],[120.57504246500002,18.243002992000072],[120.5749316990001,18.243061633000025],[120.57486978800011,18.24309545400007],[120.57380846400008,18.24025455900005],[120.57322508000004,18.240225390000035],[120.57263014800003,18.240368911000076],[120.57261873700008,18.24079968600006],[120.57260732600002,18.241039322000063],[120.57258450300003,18.24140163000004],[120.57254741700001,18.241641266000045],[120.57251603600002,18.241778201000045],[120.57246183200004,18.241917989000058],[120.5723819530001,18.24202924900004],[120.57224216500003,18.242140509000023],[120.57191669200006,18.242313311000032],[120.57188501100006,18.242472041000042],[120.57138475200009,18.242462543000045],[120.57124385600002,18.24245779300003],[120.57108396400008,18.24244671200006],[120.57091932100002,18.242421382000032],[120.5706845520001,18.242365520000078],[120.57053836600005,18.24234463700003],[120.57043394700008,18.24234985800007],[120.57029399800001,18.24237230600005],[120.57015310200006,18.242370723000022],[120.57007553100004,18.242386554000063],[120.57002170500004,18.242407134000075],[120.56994840100003,18.242449055000066],[120.56982309800003,18.242501265000044],[120.56973434200006,18.242527369000072],[120.56961426100008,18.24256391600005],[120.56949417900012,18.242590020000023],[120.56937409800003,18.24264745100004],[120.56926445800002,18.242699660000028],[120.56917048200012,18.242746648000036],[120.56884814900002,18.242823112000053],[120.56877432800002,18.242839160000074],[120.56873902300003,18.242871256000058],[120.56871976500008,18.242951496000046],[120.56866841200008,18.24298038200004],[120.5685817530001,18.24298359100004],[120.56838212100001,18.242971149000027],[120.56815762000008,18.242934602000048],[120.5680688650001,18.242934602000048],[120.56796444600002,18.24292416000003],[120.56783391900001,18.242877675000045],[120.56776330800005,18.24284878900005],[120.56773763100011,18.242813483000077],[120.56773121200001,18.24273324400008],[120.56777127100008,18.242496044000063],[120.56772950400011,18.24232897400003],[120.56767729500007,18.242224555000064],[120.56756243400002,18.242193230000055],[120.56747367800006,18.242177567000056],[120.56734606200007,18.242210081000053],[120.5672818700001,18.24223896700005],[120.56721446800009,18.24223896700005],[120.56712139000001,18.242213290000052],[120.56691503800005,18.242156683000076],[120.56659134000006,18.24207314800003],[120.56648589200006,18.242075278000073],[120.56633504100012,18.242133051000053],[120.56627726900001,18.242133051000053],[120.56621307700004,18.24212021200003],[120.56617777100007,18.242091326000036],[120.56615851400011,18.242039973000033],[120.56611623600008,18.241953067000054],[120.56603792200008,18.24180688000007],[120.5651732880001,18.242267817000027],[120.56351449200008,18.243194188000075],[120.56338003000008,18.243276035000065],[120.56314618300007,18.243398804000037],[120.56302341300011,18.24346895800005],[120.56297664400006,18.24356834300005],[120.56297009500008,18.243611490000035],[120.56297079800004,18.243661882000026],[120.56298005600001,18.24371456700004],[120.56299418300011,18.24375542100006],[120.5630584910001,18.24385480600006],[120.56312279800011,18.243960037000022],[120.5631611870001,18.244093649000035],[120.56315074500003,18.244349475000035],[120.56314030400006,18.24454264900004],[120.56311942000002,18.24477759100006],[120.56307243100002,18.24499687100007],[120.56299933800005,18.245148278000045],[120.56285837300004,18.245315348000076],[120.56269130300007,18.24549808000006],[120.56261298900006,18.245592057000067],[120.56257122200009,18.245691255000054],[120.56252423300009,18.245941860000073],[120.56247724500008,18.24628122000007],[120.56236471700004,18.24675710300005],[120.56236471700004,18.24739902400006],[120.56229339200002,18.24790848500004],[120.56224584200004,18.248132648000023],[120.56218470700003,18.248299072000066],[120.56233962800002,18.25149198200006],[120.56241320100003,18.251982466000072],[120.56248677400004,18.252460688000042],[120.56248677400004,18.253269987000067],[120.56251129800012,18.253772733000062],[120.56269118000012,18.256442939000067],[120.56272071100011,18.256586377000076],[120.56273336800007,18.256738252000048],[120.56270383600008,18.256890128000066],[120.56263633600008,18.25702090900006],[120.56253930500009,18.257147472000042],[120.56234946100005,18.257312004000028],[120.56154367800002,18.25804184900005],[120.56112539700007,18.258470834000036],[120.56108289200006,18.258528641000055],[120.56105398900002,18.258596649000026],[120.56068704500001,18.259053711000035],[120.56056478500011,18.259250032000068],[120.5605115510001,18.259134430000074],[120.5604821280001,18.259149131000072],[120.5604927600001,18.259180797000056],[120.56051204900007,18.259260203000053],[120.56053795700007,18.259347929000057],[120.56055946200001,18.25941656200007],[120.56058682200012,18.25949582900006],[120.56063007900002,18.259603955000046],[120.56066354300003,18.259664714000053],[120.56066848900002,18.25966999600007],[120.5606810380001,18.259692780000023],[120.56068765700002,18.25970110000003],[120.56070606200001,18.259734517000027],[120.56071100800011,18.259739798000055],[120.56076629800009,18.25984388300003],[120.56079594800008,18.25991620900004],[120.56080264100001,18.25992836100005],[120.56082522500003,18.25999258300004],[120.56082907200005,18.259998634000056],[120.56083331500008,18.260011742000074],[120.56084259900001,18.260028759000022],[120.56084949300009,18.260050060000026],[120.56087641300007,18.260115730000052],[120.56090611100001,18.26020748800005],[120.56090809800003,18.260219462000066],[120.56091963100005,18.260260929000026],[120.56092466500002,18.260288153000033],[120.56093460700004,18.260324705000073],[120.56094361500004,18.260375875000022],[120.56095845700008,18.26044507000006],[120.56097688400007,18.260507838000024],[120.56097834000002,18.260518173000037],[120.56098629500002,18.26054275100006],[120.56099981500006,18.260596192000037],[120.56101254300006,18.260635517000026],[120.56101346900005,18.260644213000035],[120.56104581900001,18.260744164000073],[120.56106093000005,18.260802520000027],[120.56110282700001,18.260931965000054],[120.56110958700003,18.26095868500005],[120.5618548870001,18.26275959900005],[120.5618975650001,18.262920629000064],[120.56192568100005,18.262984156000073],[120.56193854300011,18.26301806200007],[120.56195750900008,18.26305915300003],[120.56198270400012,18.263125326000022],[120.56203043500011,18.263272795000034],[120.56203242200002,18.26328476900005],[120.56205601900001,18.263369341000043],[120.56208279000009,18.263487061000035],[120.56209896200005,18.263548694000065],[120.56211512700008,18.26363364300005],[120.56212294800002,18.26366364000006],[120.56214031400009,18.263762883000027],[120.56223587800002,18.263680529000055]]]},"properties":{"brgy_name":"Bgy. No. 60-B, Madiladig","name":"Bgy. No. 60-B, Madiladig","brgy_code":"102812033","psgc_code":"102812033","adm4_pcode":"PH0102812033","adm3_pcode":"PH0102812","city_name":"Laoag City","prov_name":"Ilocos Norte","reg_name":"Region I","shape_sqkm":3.35371118587,"boundary_source":"altcoder/philippines-psgc-shapefiles; sourced from PSA/NAMRIA/OCHA public administrative boundaries","boundary_granularity":"barangay"}},{"type":"Feature","geometry":{"type":"Polygon","coordinates":[[[120.54480870300006,18.180859991000034],[120.54499650600007,18.180775036000057],[120.5452104420001,18.18073143500004],[120.54542853900011,18.180715631000055],[120.54559611100001,18.18073143500004],[120.5457471630001,18.180769635000047],[120.54606212800002,18.180972478000058],[120.54617919600003,18.181050457000026],[120.54630317100009,18.18110103400005],[120.54648161900002,18.181158465000067],[120.54665670200006,18.181165313000065],[120.5468326460001,18.181147664000036],[120.54692988400006,18.181117104000066],[120.54713506900009,18.18097485100003],[120.54728088000002,18.180856042000073],[120.54736188700008,18.180721032000065],[120.54739428900007,18.18060222300005],[120.54741589100001,18.18051041600006],[120.54765301400005,18.179092340000068],[120.5476913120001,18.178938895000044],[120.5477815700001,18.178770949000068],[120.54798293400006,18.17855006600007],[120.54809634300011,18.178436657000077],[120.54824755400011,18.178328649000036],[120.54835556300009,18.17826384400007],[120.5486171870001,18.178128167000068],[120.54881459800004,18.178042427000037],[120.54897071700009,18.178015680000044],[120.54912782200006,18.17801002400006],[120.5492599690001,18.178047819000028],[120.54975812600003,18.17825672300006],[120.55011069700004,18.178415055000073],[120.55031051200001,18.178496061000033],[120.55047792500011,18.17854466500006],[120.55069934200003,18.178566267000065],[120.55079114900002,18.17857706800004],[120.55089375700004,18.178560866000055],[120.55110437300004,18.17849066100007],[120.55133119000004,18.178323248000027],[120.55161741200004,18.17799922300003],[120.55168761700008,18.17791821700007],[120.55176322300008,18.17786961400003],[120.5518873420001,18.177849628000047],[120.55197924000004,18.177864213000078],[120.55205875000001,18.177903193000077],[120.5521358520001,18.177988423000045],[120.55223305900006,18.178231441000037],[120.55230515000005,18.178363853000064],[120.55247655900007,18.178653105000024],[120.55287294100003,18.17916733100003],[120.55294051300007,18.17925211900007],[120.55301611900006,18.179295323000076],[120.55311934100007,18.179328027000054],[120.5532907490001,18.179349453000043],[120.55341034900005,18.17936012800004],[120.55353455900001,18.179316924000034],[120.55361214000004,18.17926374900003],[120.5536749690001,18.179187314000046],[120.55377283600001,18.17914590500004],[120.55398709700012,18.179103053000063],[120.55420135700001,18.179092340000068],[120.55453346200011,18.179049488000032],[120.55470487000002,18.178963784000075],[120.55479285500007,18.178895692000026],[120.55484685900001,18.17872827900004],[120.55485225900009,18.178609470000026],[120.55483605800009,18.178512263000073],[120.55478205400004,18.178431256000067],[120.554695648,18.178339449000077],[120.55461152600003,18.178186453000023],[120.55458769500001,18.178037505000077],[120.55456386300011,18.177840892000063],[120.55460384000003,18.17762659500005],[120.55472472800011,18.177310634000037],[120.55476047500008,18.177143812000054],[120.5547691480001,18.176864028000068],[120.55480128700003,18.176628342000072],[120.55494055700001,18.176414081000075],[120.55512267900008,18.176306950000026],[120.55528337400006,18.176210533000074],[120.55556191300002,18.17614625500005],[120.55586187800009,18.176114116000065],[120.55614041700005,18.176114116000065],[120.55645109500006,18.176189107000027],[120.55687961700005,18.176381942000035],[120.55710459000011,18.176521211000022],[120.55735099000003,18.176617629000077],[120.55771523300007,18.176660481000056],[120.55794020700012,18.17669262000004],[120.5582458770001,18.17670292300005],[120.55854013700002,18.17669262000004],[120.55887224100002,18.176617629000077],[120.55922298100006,18.17648247900007],[120.55917323400001,18.176354373000038],[120.55907820400012,18.176066006000042],[120.55880949800007,18.175200904000064],[120.55863582200004,18.174679877000074],[120.5585539000001,18.17448326300007],[120.55847525400009,18.174312864000058],[120.55836384000008,18.174090035000063],[120.5578231510001,18.173077472000045],[120.55763513900001,18.173088122000024],[120.5573140030001,18.173186429000054],[120.55704082800003,18.173291735000078],[120.55686179000008,18.17335027400003],[120.55582177600002,18.173757301000023],[120.55564278300005,18.173828702000037],[120.55524955500005,18.17399254700007],[120.55498740300004,18.17408430000006],[120.5547350820001,18.174162946000024],[120.55452536000007,18.174228484000025],[120.55437462300006,18.174264530000073],[120.55417473200009,18.174277637000046],[120.55403054800001,18.174274360000027],[120.55359144400006,18.174225207000063],[120.55332601500004,18.174215376000063],[120.55300815500004,18.174215376000063],[120.55272066900011,18.17424193200003],[120.55256177400008,18.17427371100007],[120.55235932900007,18.174323514000037],[120.55209717700006,18.174395606000076],[120.5519726550001,18.174421821000067],[120.55189073200006,18.174428375000048],[120.5518219170001,18.174418544000048],[120.55175310300001,18.17440543600003],[120.55139592000012,18.17454962000005],[120.5506651720001,18.174841264000065],[120.55040302000009,18.17494940200004],[120.55026866700007,18.17501494000004],[120.5501048220001,18.175106693000032],[120.55003928400004,18.175185339000052],[120.54998357600005,18.175336076000065],[120.54994425300004,18.175421275000076],[120.54971159400009,18.17560478200005],[120.54957396400005,18.175726027000053],[120.54945271800011,18.175791565000054],[120.54932491900001,18.175853826000036],[120.54913813600001,18.175893149000046],[120.54899722900007,18.175942303000056],[120.5488727070001,18.176001287000076],[120.54865970900005,18.17611925500006],[120.54810632200008,18.176467426000045],[120.54796869200004,18.17656081800004],[120.54773767100005,18.17670336300006],[120.54760004100001,18.176782008000032],[120.54729528900009,18.176939300000072],[120.5469807070001,18.177057268000056],[120.54640561100007,18.177258797000036],[120.54616967400011,18.177322697000022],[120.54553574300007,18.177512130000025],[120.54499601900011,18.177651955000044],[120.5428160780001,18.178497766000078],[120.54326837300005,18.179009101000076],[120.54333317800001,18.17911170900004],[120.54338718200006,18.17925211900007],[120.54340878400001,18.179457335000052],[120.54341418500007,18.17964094900003],[120.54341958500004,18.179819163000047],[120.54346278800006,18.180013578000057],[120.54353299400009,18.180186391000063],[120.54361400000005,18.180326801000035],[120.54371120700011,18.18044021000003],[120.5438702890001,18.18062264400004],[120.54392182300012,18.180667028000073],[120.54402094000011,18.18076701700005],[120.54414985100004,18.180859991000034],[120.54422964700007,18.180953249000027],[120.54428905100008,18.181061258000057],[120.54428905100008,18.18116926600004],[120.54425124900001,18.181315077000022],[120.54418199000008,18.18147063400005],[120.54480870300006,18.180859991000034]]]},"properties":{"brgy_name":"Bgy. No. 38-A, Mangato East","name":"Bgy. No. 38-A, Mangato East","brgy_code":"102812034","psgc_code":"102812034","adm4_pcode":"PH0102812034","adm3_pcode":"PH0102812","city_name":"Laoag City","prov_name":"Ilocos Norte","reg_name":"Region I","shape_sqkm":0.595327773736,"boundary_source":"altcoder/philippines-psgc-shapefiles; sourced from PSA/NAMRIA/OCHA public administrative boundaries","boundary_granularity":"barangay"}},{"type":"Feature","geometry":{"type":"Polygon","coordinates":[[[120.54499601900011,18.177651955000044],[120.54553574300007,18.177512130000025],[120.54616967400011,18.177322697000022],[120.54640561100007,18.177258797000036],[120.5469807070001,18.177057268000056],[120.54729528900009,18.176939300000072],[120.54760004100001,18.176782008000032],[120.54773767100005,18.17670336300006],[120.54796869200004,18.17656081800004],[120.54810632200008,18.176467426000045],[120.54865970900005,18.17611925500006],[120.5488727070001,18.176001287000076],[120.54899722900007,18.175942303000056],[120.54913813600001,18.175893149000046],[120.54932491900001,18.175853826000036],[120.54945271800011,18.175791565000054],[120.54957396400005,18.175726027000053],[120.54971159400009,18.17560478200005],[120.54994425300004,18.175421275000076],[120.54998357600005,18.175336076000065],[120.55003928400004,18.175185339000052],[120.5501048220001,18.175106693000032],[120.55026866700007,18.17501494000004],[120.55040302000009,18.17494940200004],[120.5506651720001,18.174841264000065],[120.55139592000012,18.17454962000005],[120.55175310300001,18.17440543600003],[120.5518219170001,18.174418544000048],[120.55189073200006,18.174428375000048],[120.5519726550001,18.174421821000067],[120.55209717700006,18.174395606000076],[120.55235932900007,18.174323514000037],[120.55256177400008,18.17427371100007],[120.55272066900011,18.17424193200003],[120.55300815500004,18.174215376000063],[120.55332601500004,18.174215376000063],[120.55359144400006,18.174225207000063],[120.55403054800001,18.174274360000027],[120.55417473200009,18.174277637000046],[120.55437462300006,18.174264530000073],[120.55452536000007,18.174228484000025],[120.5547350820001,18.174162946000024],[120.55498740300004,18.17408430000006],[120.55524955500005,18.17399254700007],[120.55564278300005,18.173828702000037],[120.55582177600002,18.173757301000023],[120.55686179000008,18.17335027400003],[120.55704082800003,18.173291735000078],[120.5573140030001,18.173186429000054],[120.55763513900001,18.173088122000024],[120.5578231510001,18.173077472000045],[120.55774778200009,18.17293984300005],[120.55747580000002,18.17242864600007],[120.55716449400006,18.171832250000023],[120.55668720400001,18.170924854000077],[120.55591599500008,18.169449944000064],[120.55545067500009,18.16853896500004],[120.55521801500004,18.16806709100007],[120.55498248800006,18.167614197000034],[120.55457105000005,18.166839457000037],[120.55445449700005,18.166615425000032],[120.55406782300008,18.16590433700003],[120.55383516300003,18.165455402000077],[120.55361888800007,18.16505889700005],[120.55320599800007,18.164285548000066],[120.55314046000001,18.164174134000064],[120.55279310900005,18.163564630000053],[120.55249163400003,18.162991173000023],[120.55220982100002,18.162450484000033],[120.55208202100005,18.162214547000076],[120.55188868400012,18.161804935000077],[120.55176088500002,18.161496906000025],[120.55155771700004,18.160952941000062],[120.55114155100011,18.15979291800005],[120.55106618200011,18.159576642000047],[120.54473123200012,18.161402542000076],[120.5448153970001,18.162572454000042],[120.54479380100008,18.162595320000037],[120.54477855700009,18.16261818600003],[120.5447696650001,18.162648674000025],[120.54477093500009,18.162677892000033],[120.54477043700001,18.16279141800004],[120.54479665200006,18.163102724000055],[120.54485236000005,18.16337470700006],[120.54489495900009,18.163633582000045],[120.54496377400005,18.16392194900004],[120.54502603500009,18.164138224000055],[120.54507518900004,18.164308623000068],[120.54518660400004,18.164600267000026],[120.54530457200008,18.16486569600005],[120.54545203300006,18.165127848000054],[120.54561260100002,18.16544243100003],[120.5457174610001,18.165678368000044],[120.5457371230001,18.165757013000075],[120.5458485370001,18.166808898000056],[120.54587803000004,18.167189019000034],[120.5459075220001,18.167388910000057],[120.54594684500012,18.16753637000005],[120.54597306000005,18.16760518500007],[120.54611396600001,18.167988582000078],[120.54623521200006,18.168283503000055],[120.54625815000009,18.168411303000028],[120.54624831900003,18.168529271000068],[120.54620899700001,18.168794700000035],[120.54619261200003,18.168909391000057],[120.54616967400011,18.16904702100004],[120.54615001200011,18.16917154300006],[120.54613526600008,18.169347677000076],[120.54614018200004,18.169440249000047],[120.54637611800001,18.17017099800006],[120.54648753300012,18.17058716500003],[120.54672531300002,18.171566386000052],[120.54659821500002,18.17157669100004],[120.5463449880001,18.17160218400005],[120.54618114300001,18.171634953000023],[120.54499162800005,18.171887275000074],[120.54393974300001,18.17210027300007],[120.54377917500005,18.17213304200004],[120.54316717100005,18.17225445400004],[120.54293701100005,18.172500055000057],[120.54284525800006,18.172500055000057],[120.54271745900007,18.17252299300003],[120.54259293700011,18.172568870000077],[120.54225836500007,18.172767814000053],[120.54196353600003,18.172972556000047],[120.54175060500006,18.173098131000074],[120.54162230000009,18.17316364800007],[120.5414912650001,18.17322097600004],[120.54132747100005,18.173278304000064],[120.54088239500004,18.173417587000074],[120.54072193400009,18.173467197000036],[120.54054815100005,18.17352244800003],[120.54038321400003,18.173597210000025],[120.5401362660001,18.173727082000028],[120.53990003400008,18.173877412000024],[120.53966380200006,18.17400626500006],[120.53948662700009,18.174086799000065],[120.53926579100005,18.174151006000045],[120.53908556100009,18.174173944000074],[120.53913874600005,18.174351196000032],[120.5391587370001,18.17440753300002],[120.53928162900002,18.17472261300003],[120.53933078200009,18.17486679700005],[120.5393897670001,18.175073241000064],[120.53941598200004,18.175263302000076],[120.53943236600003,18.175495961000024],[120.53942908900001,18.175771221000048],[120.53940958200008,18.176046014000065],[120.539405267,18.17607693900004],[120.53939807500001,18.176098514000046],[120.53938584900004,18.176124405000053],[120.5393685890001,18.176149577000047],[120.53940017700006,18.176270791000036],[120.5395860970001,18.176135542000054],[120.53977280600009,18.176038573000028],[120.53987541400011,18.17600617100004],[120.54002122500003,18.175973769000052],[120.54013246200009,18.175958777000062],[120.54029664600012,18.175935966000054],[120.54043165600001,18.175941366000075],[120.54059366900003,18.175952167000048],[120.54072703600002,18.175990916000046],[120.54086368900005,18.176027773000044],[120.54093929500004,18.176070976000062],[120.5410365030001,18.176124980000054],[120.54111270500005,18.176183751000053],[120.54119851500002,18.17629239300004],[120.54131192400007,18.176449005000052],[120.54159479200007,18.176906881000036],[120.54183583500003,18.177469315000053],[120.54192217000002,18.177658697000027],[120.5420463800001,18.17782611000007],[120.5428160780001,18.178497766000078],[120.54499601900011,18.177651955000044]]]},"properties":{"brgy_name":"Bgy. No. 38-B, Mangato West","name":"Bgy. No. 38-B, Mangato West","brgy_code":"102812035","psgc_code":"102812035","adm4_pcode":"PH0102812035","adm3_pcode":"PH0102812","city_name":"Laoag City","prov_name":"Ilocos Norte","reg_name":"Region I","shape_sqkm":1.92365535306,"boundary_source":"altcoder/philippines-psgc-shapefiles; sourced from PSA/NAMRIA/OCHA public administrative boundaries","boundary_granularity":"barangay"}},{"type":"Feature","geometry":{"type":"Polygon","coordinates":[[[120.56557965500008,18.23308309300006],[120.56559004700011,18.23292201000004],[120.56562122500009,18.232688180000025],[120.56568357900005,18.23249072400006],[120.56585505500004,18.232324445000074],[120.56621359400003,18.231965906000028],[120.56668125300007,18.231576189000066],[120.56685272800007,18.231498246000058],[120.5669774380001,18.23148265800006],[120.5670917540001,18.231503442000076],[120.56732558400006,18.23156060100007],[120.56756461000009,18.231612563000056],[120.56781922500011,18.231659329000024],[120.56796471900009,18.23166972100006],[120.5682920810001,18.231680114000028],[120.56861424600004,18.23166972100006],[120.56897278500003,18.231643740000038],[120.56928975500011,18.231586582000034],[120.56964309800003,18.23151903100006],[120.56984575000001,18.231477461000054],[120.56999124400011,18.231415107000032],[120.57019389700008,18.231321575000038],[120.5703497830001,18.23117088400005],[120.57047968900008,18.231030587000078],[120.57057322100002,18.230942251000045],[120.57070832200009,18.230843523000033],[120.57083303200011,18.230796757000064],[120.57101489900003,18.23074999100004],[120.57122274800008,18.230724010000074],[120.5714773630001,18.230682440000066],[120.57165403400006,18.230661655000063],[120.57184629400001,18.230692832000045],[120.57196580700008,18.230625282000062],[120.5722360100001,18.230443414000035],[120.57251660600002,18.230292724000037],[120.57274004400006,18.230152426000075],[120.57300505100011,18.229913400000044],[120.5730777980001,18.229741924000052],[120.57309858300005,18.229622411000037],[120.5730933860001,18.229523683000025],[120.57303103200002,18.229378189000045],[120.57283357600011,18.229274265000072],[120.57264131600004,18.229227499000046],[120.57246984000005,18.22921710600008],[120.57231395400004,18.229180733000078],[120.57219444100008,18.229118378000067],[120.57203335800011,18.229019650000055],[120.57192943400003,18.228905333000057],[120.57186188300011,18.228811801000063],[120.57176835100006,18.228697485000055],[120.57168001500008,18.22860914900002],[120.57163324900012,18.228442870000038],[120.5716488380001,18.228297376000057],[120.5716488380001,18.227892071000042],[120.57161766100012,18.22767383000007],[120.57156569800009,18.227481570000066],[120.57151373600004,18.227356860000043],[120.57139941900004,18.227216562000024],[120.5713214760001,18.22712303000003],[120.57120196300002,18.227029499000025],[120.57114480500002,18.226956751000046],[120.57100450700011,18.226644978000024],[120.57094215200004,18.226426737000054],[120.57090058200004,18.226239673000066],[120.57087979800008,18.226063002000046],[120.5708941580001,18.225856097000076],[120.5704008570001,18.225756787000023],[120.56991740100011,18.225640758000054],[120.56970825400003,18.225614043000064],[120.56967095100003,18.225528246000067],[120.56958515300005,18.22547975200007],[120.56949930400003,18.225470092000023],[120.5695474150001,18.225379884000063],[120.56956545700007,18.22533578200006],[120.56957147100002,18.225291681000044],[120.56956144700007,18.225225528000067],[120.56953939700009,18.225171403000047],[120.5695133370001,18.225095228000043],[120.56950130900009,18.225025066000057],[120.56949128600002,18.224950895000063],[120.56948727600002,18.22487672400007],[120.56948727600002,18.22479453400007],[120.56949730000008,18.22470432600005],[120.56950732300004,18.224610109000025],[120.56950732300004,18.22454195200004],[120.56949128600002,18.22444372600006],[120.56945520200009,18.22427934700005],[120.56940909600007,18.224088908000056],[120.56937902700008,18.224002709000047],[120.56937501800007,18.223956603000033],[120.56940107800006,18.22391450500004],[120.56945921200008,18.223886441000047],[120.56952536400001,18.223868399000025],[120.56960554900002,18.22385035800005],[120.56967170200005,18.22380024200004],[120.56970177100004,18.223750127000073],[120.56970177100004,18.22367996500003],[120.56969575700009,18.22358775200007],[120.56969575700009,18.22350756700007],[120.56969375200003,18.223405332000027],[120.56967571100006,18.223325147000025],[120.56964163200007,18.22314072200004],[120.5695855030001,18.222886135000067],[120.56957347500008,18.222819982000033],[120.5695895120001,18.222781894000036],[120.56962559500005,18.222751825000046],[120.56971780800006,18.222707723000042],[120.56996237200008,18.222643575000063],[120.57000647300003,18.22262954300004],[120.57004857000004,18.222579428000074],[120.57006260300011,18.22253933500002],[120.57006059800005,18.222501247000025],[120.5700505750001,18.222433090000038],[120.57002852400001,18.222376961000066],[120.56998642700012,18.222274725000034],[120.5699403210001,18.222162466000043],[120.56991626500007,18.222126383000045],[120.56982004400004,18.222154448000026],[120.56969575700009,18.222194540000032],[120.56957347500008,18.22223262800003],[120.56901418600012,18.222465164000027],[120.56872552000004,18.22259346000004],[120.56856314600009,18.22266161700003],[120.56847895200008,18.222703714000033],[120.56842081800005,18.222717746000058],[120.56837471100005,18.222715742000048],[120.56812212900002,18.222689682000066],[120.5677512740001,18.222645580000062],[120.56760092800005,18.222611501000074],[120.56752475200005,18.222603483000057],[120.56741449800006,18.22259746900005],[120.56734433600002,18.22260147800006],[120.56726615600007,18.222613506000073],[120.5671719390001,18.22264758500006],[120.56706769800007,18.222701709000034],[120.56693338900004,18.222753830000045],[120.56684919400004,18.22277588000003],[120.56676099100002,18.222791917000052],[120.56667078300006,18.222799936000058],[120.5665805750001,18.222801941000057],[120.56646831600005,18.222801941000057],[120.56633601100009,18.222785904000034],[120.5662678540001,18.222773876000076],[120.56614356800003,18.222729774000072],[120.5660353180001,18.222703714000033],[120.56592706900005,18.222701709000034],[120.56568378700001,18.222677889000067],[120.56554348000009,18.222681230000035],[120.56544175900001,18.222691232000045],[120.56530160600005,18.222785479000038],[120.56525027900011,18.222895466000068],[120.56520261800006,18.222972457000026],[120.56512196100005,18.22307511100007],[120.56505230300002,18.223137437000048],[120.56491298600008,18.22319243100003],[120.56474434000006,18.223221760000058],[120.56467834700004,18.22323275900004],[120.56446937200008,18.223280420000037],[120.56433005600002,18.223309750000055],[120.56409908300009,18.22334274600007],[120.56384611400006,18.22340140600005],[120.56376545700004,18.223427069000024],[120.5636334720001,18.223482063000063],[120.5635418170001,18.223511392000034],[120.56346482600009,18.223551721000035],[120.56339883400005,18.223636044000045],[120.56330351200006,18.22379735800007],[120.56319352500009,18.224002667000036],[120.56312753300006,18.224090657000033],[120.56303954300006,18.22416764700006],[120.56287456300004,18.224240972000075],[120.56261059500002,18.224376622000023],[120.56248594300007,18.22443161600006],[120.56239428700007,18.224482943000055],[120.56232462900005,18.224537936000047],[120.56224030600004,18.224662588000058],[120.5621083210001,18.224959553000076],[120.56204232900006,18.22504021000003],[120.56198367000002,18.22511353400006],[120.5620819620001,18.22514407700004],[120.5621567280001,18.225181459000055],[120.56227907100003,18.225405755000054],[120.56245578900007,18.225823761000072],[120.56251016300007,18.225912120000032],[120.56257473300002,18.225990284000034],[120.56264270200006,18.22605145500006],[120.56272426400005,18.226112627000077],[120.56294856000011,18.226163603000032],[120.56303352000009,18.226190790000032],[120.56309809000004,18.226234970000064],[120.5631354730001,18.22630293800006],[120.56316945700007,18.22638110200006],[120.56328160500004,18.22693844300005],[120.56333597900004,18.227179731000035],[120.56336316700003,18.22724769900003],[120.56339715100012,18.227295277000053],[120.5634549240001,18.227308871000048],[120.56350590000011,18.227288480000027],[120.56355347800002,18.227230707000047],[120.56363504000001,18.227179731000035],[120.56370980600002,18.227179731000035],[120.56376078200003,18.227206918000036],[120.56378457100004,18.227271488000042],[120.56380836000005,18.227349652000044],[120.56393410100009,18.227726876000077],[120.56410742100002,18.22821624900007],[120.56415839700003,18.228341990000047],[120.56419578000009,18.22838956800007],[120.5642467560001,18.228420154000048],[120.56428413900005,18.228464334000023],[120.56431812300002,18.22852210700006],[120.5644064820001,18.22880757400003],[120.5644336690001,18.228946909000058],[120.56461235900008,18.229605242000048],[120.56461970700002,18.229660355000078],[120.56461970700002,18.229704446000028],[120.5646160330001,18.229744862000075],[120.56460746000005,18.22981099800006],[120.56459521200009,18.229878358000065],[120.56454499800009,18.22988325700004],[120.56444212100007,18.229890605000037],[120.5643283180001,18.229905264000024],[120.5641414050001,18.22994264600004],[120.56399867100004,18.22999362300004],[120.5639273050001,18.230044599000053],[120.56386953100002,18.230095575000064],[120.56384574300012,18.230204325000045],[120.56386953100002,18.230306277000068],[120.56397488200002,18.230615534000037],[120.56416519400011,18.23105393000003],[120.56419238100011,18.231115101000057],[120.56417199100008,18.231166078000058],[120.56394045600007,18.23129506600003],[120.56361465000009,18.23152631000005],[120.56344812700002,18.231645255000046],[120.56335297200008,18.231699630000037],[120.56328500300003,18.231743809000022],[120.56318305100001,18.231787989000054],[120.56312867600002,18.231821973000024],[120.56301165400009,18.231856441000048],[120.56295535600009,18.231866152000066],[120.56278543500002,18.231896738000046],[120.56267668600003,18.231917129000067],[120.56257473300002,18.231944316000067],[120.56243879600004,18.231985097000063],[120.56233336800005,18.23204095400007],[120.56239296100011,18.23213034400004],[120.56244063600002,18.23226740800004],[120.56246447300009,18.23241043200005],[120.56248235100009,18.232571334000056],[120.56247043300004,18.23272627700004],[120.56245851400001,18.232845463000046],[120.56240887600006,18.233033937000073],[120.56251908200011,18.23309348500004],[120.56265938000001,18.233202606000077],[120.56281526700002,18.23334290400004],[120.5629763500001,18.233498790000056],[120.56319459100007,18.233748209000055],[120.56557965500008,18.23308309300006]]]},"properties":{"brgy_name":"Bgy. No. 62-A, Navotas North","name":"Bgy. No. 62-A, Navotas North","brgy_code":"102812036","psgc_code":"102812036","adm4_pcode":"PH0102812036","adm3_pcode":"PH0102812","city_name":"Laoag City","prov_name":"Ilocos Norte","reg_name":"Region I","shape_sqkm":0.832385549761,"boundary_source":"altcoder/philippines-psgc-shapefiles; sourced from PSA/NAMRIA/OCHA public administrative boundaries","boundary_granularity":"barangay"}},{"type":"Feature","geometry":{"type":"Polygon","coordinates":[[[120.55359663000002,18.24328672200005],[120.55341161600006,18.242995988000075],[120.55447014100002,18.243018262000078],[120.55462083100008,18.242820806000054],[120.55477152100002,18.242685704000053],[120.55497417400011,18.242540210000072],[120.55536389000008,18.242332361000024],[120.55571203700003,18.242098531000067],[120.55590949300006,18.241890683000065],[120.55615891100001,18.24149577000003],[120.55629401300007,18.241204782000068],[120.5564187220001,18.240908597000043],[120.55651745000011,18.240534470000057],[120.55672529900005,18.239874550000025],[120.55688118600006,18.239417283000023],[120.5576762070001,18.238648242000068],[120.55797239200001,18.238310488000025],[120.55812827800003,18.238081855000075],[120.55822700600004,18.237879202000045],[120.55831014600005,18.237629784000035],[120.55837769700008,18.237380365000035],[120.55856476000008,18.23650740100004],[120.55867388100012,18.236143665000043],[120.55889731800005,18.23558247400007],[120.55908438200004,18.235197954000057],[120.55931821200011,18.23476666700003],[120.55961439700002,18.234252242000025],[120.5599625430001,18.23376899400006],[120.56027951200008,18.233420847000048],[120.56047696900009,18.233254568000064],[120.56079393800007,18.233051915000033],[120.56106414100009,18.232932402000074],[120.56120016400007,18.232889042000068],[120.56135908200008,18.232854454000062],[120.56151145600006,18.232825474000038],[120.56166102600002,18.232816126000046],[120.56181759300011,18.232828478000044],[120.56197138400012,18.23286193200005],[120.56213030200001,18.232909607000067],[120.56231913400006,18.23299093600002],[120.56240887600006,18.233033937000073],[120.56245851400001,18.232845463000046],[120.56247043300004,18.23272627700004],[120.56248235100009,18.232571334000056],[120.56246447300009,18.23241043200005],[120.56244063600002,18.23226740800004],[120.56239296100011,18.23213034400004],[120.56233336800005,18.23204095400007],[120.56243879600004,18.231985097000063],[120.56257473300002,18.231944316000067],[120.56267668600003,18.231917129000067],[120.56278543500002,18.231896738000046],[120.56295535600009,18.231866152000066],[120.56301165400009,18.231856441000048],[120.56312867600002,18.231821973000024],[120.56318305100001,18.231787989000054],[120.56328500300003,18.231743809000022],[120.56335297200008,18.231699630000037],[120.56344812700002,18.231645255000046],[120.56361465000009,18.23152631000005],[120.56394045600007,18.23129506600003],[120.56417199100008,18.231166078000058],[120.56419238100011,18.231115101000057],[120.56416519400011,18.23105393000003],[120.56397488200002,18.230615534000037],[120.56386953100002,18.230306277000068],[120.56384574300012,18.230204325000045],[120.56386953100002,18.230095575000064],[120.5639273050001,18.230044599000053],[120.56399867100004,18.22999362300004],[120.5641414050001,18.22994264600004],[120.5643283180001,18.229905264000024],[120.56444212100007,18.229890605000037],[120.56454499800009,18.22988325700004],[120.56459521200009,18.229878358000065],[120.56460746000005,18.22981099800006],[120.5646160330001,18.229744862000075],[120.56461970700002,18.229704446000028],[120.56461970700002,18.229660355000078],[120.56461235900008,18.229605242000048],[120.5644336690001,18.228946909000058],[120.5644064820001,18.22880757400003],[120.56431812300002,18.22852210700006],[120.56428413900005,18.228464334000023],[120.5642467560001,18.228420154000048],[120.56419578000009,18.22838956800007],[120.56415839700003,18.228341990000047],[120.56410742100002,18.22821624900007],[120.56393410100009,18.227726876000077],[120.56380836000005,18.227349652000044],[120.56378457100004,18.227271488000042],[120.56376078200003,18.227206918000036],[120.56370980600002,18.227179731000035],[120.56363504000001,18.227179731000035],[120.56355347800002,18.227230707000047],[120.56350590000011,18.227288480000027],[120.5634549240001,18.227308871000048],[120.56339715100012,18.227295277000053],[120.56336316700003,18.22724769900003],[120.56333597900004,18.227179731000035],[120.56328160500004,18.22693844300005],[120.56316945700007,18.22638110200006],[120.5631354730001,18.22630293800006],[120.56309809000004,18.226234970000064],[120.56303352000009,18.226190790000032],[120.56294856000011,18.226163603000032],[120.56272426400005,18.226112627000077],[120.56264270200006,18.22605145500006],[120.56257473300002,18.225990284000034],[120.56251016300007,18.225912120000032],[120.56245578900007,18.225823761000072],[120.56227907100003,18.225405755000054],[120.5621567280001,18.225181459000055],[120.5620819620001,18.22514407700004],[120.56198367000002,18.22511353400006],[120.56170503600003,18.225234520000072],[120.56119176400011,18.225443495000036],[120.56077014800007,18.22557914500004],[120.56023854500006,18.225751458000047],[120.55996724400006,18.225850446000038],[120.55916067400005,18.226187739000068],[120.55888204000007,18.22628306100006],[120.55845309200004,18.22642604400005],[120.55756219800003,18.226664349000032],[120.55748770700006,18.226687863000052],[120.55733414200006,18.226736218000042],[120.5568689690001,18.226866467000036],[120.54579886200008,18.22953450800003],[120.54581351400009,18.229555108000056],[120.54577210900004,18.22956537300007],[120.54631471200003,18.230354930000033],[120.54703118000009,18.231346318000078],[120.54778617500006,18.23237251300003],[120.54865267100001,18.233600720000027],[120.54930153600003,18.23469007600005],[120.54985956600001,18.235746516000063],[120.55032683500008,18.23670825000005],[120.55074258800005,18.237697877000073],[120.55116436900005,18.23860744700005],[120.55154426600006,18.239448096000046],[120.55210135700008,18.240454253000053],[120.5521639960001,18.24054013600005],[120.55216915800008,18.24055478400004],[120.55217461500001,18.240563397000074],[120.5521985790001,18.240614227000037],[120.55220585500001,18.240625712000053],[120.55222860300012,18.240671371000076],[120.55223678800007,18.240684291000036],[120.5522474060001,18.24070755200006],[120.552282579,18.24076957500006],[120.55229714200004,18.240802313000074],[120.55231018100005,18.240826147000064],[120.55234992600003,18.240914885000052],[120.55237904,18.240970593000043],[120.55240118600011,18.241018551000025],[120.55244273700009,18.241100392000078],[120.55246215500006,18.241144043000077],[120.55246852100004,18.241154092000045],[120.55248399400011,18.24118826600005],[120.55249036000009,18.241198315000076],[120.55249552200007,18.241212963000066],[120.55250097800001,18.241221577000033],[120.55251857700011,18.24126235700004],[120.5525249430001,18.241272406000064],[120.55255285300007,18.241332713000077],[120.55255921900005,18.241342762000045],[120.5526065470001,18.241446720000056],[120.55265871800009,18.24155182100003],[120.55311812000002,18.242439497000078],[120.55356011700007,18.243303078000054],[120.55359663000002,18.24328672200005]]]},"properties":{"brgy_name":"Bgy. No. 62-B, Navotas South","name":"Bgy. No. 62-B, Navotas South","brgy_code":"102812037","psgc_code":"102812037","adm4_pcode":"PH0102812037","adm3_pcode":"PH0102812","city_name":"Laoag City","prov_name":"Ilocos Norte","reg_name":"Region I","shape_sqkm":1.93829359905,"boundary_source":"altcoder/philippines-psgc-shapefiles; sourced from PSA/NAMRIA/OCHA public administrative boundaries","boundary_granularity":"barangay"}},{"type":"Feature","geometry":{"type":"Polygon","coordinates":[[[120.57560213700003,18.19956641500005],[120.57655217600006,18.19917312900003],[120.57723916200007,18.19889025300006],[120.57806758600009,18.198587171000042],[120.5789299170001,18.198276900000053],[120.57974464000006,18.197920390000036],[120.58077511900001,18.197455665000064],[120.58176518700009,18.19703135000003],[120.58231315900002,18.196779399000036],[120.58324018600001,18.19630395300004],[120.58408881500009,18.195879638000065],[120.58360392300006,18.193374082000048],[120.58377432300006,18.190594300000043],[120.58396952900011,18.187566995000054],[120.5838674370001,18.187472542000023],[120.58378493200007,18.187384390000034],[120.58365138700003,18.18718812000003],[120.58351986600007,18.18702017800007],[120.58325022100007,18.18669602800003],[120.58317175200011,18.186729658000047],[120.58309091400008,18.186759403000053],[120.58232033600007,18.187064484000075],[120.58226347000004,18.187086932000057],[120.58182676400008,18.187219094000056],[120.5807135120001,18.187530215000038],[120.58060858300007,18.18755811500006],[120.58026956100002,18.187644308000074],[120.58001673100011,18.18769027700006],[120.57987882400005,18.187696023000058],[120.57959151700004,18.18766729200007],[120.57927548000009,18.18762706900003],[120.57905138100011,18.187592592000044],[120.57883302800008,18.18755811500006],[120.57859169000005,18.18752938500006],[120.57838482900002,18.187512146000074],[120.5781434910001,18.187506400000075],[120.57736201700004,18.187569608000047],[120.57723858200006,18.187579223000057],[120.57602891300007,18.18767303800007],[120.57553474600002,18.187724753000055],[120.57513826200011,18.187713261000056],[120.57477051000001,18.18767878400007],[120.57439126500003,18.187598338000043],[120.57390054400003,18.187473055000055],[120.57365001300002,18.18740297000005],[120.57335121400001,18.18726506300004],[120.57201184200005,18.18926934700005],[120.57101194300003,18.19132739300005],[120.57265255400011,18.196462798000027],[120.57373026200003,18.199732804000064],[120.57457607200001,18.199732804000064],[120.57560213700003,18.19956641500005]]]},"properties":{"brgy_name":"Bgy. No. 46, Nalbo","name":"Bgy. No. 46, Nalbo","brgy_code":"102812038","psgc_code":"102812038","adm4_pcode":"PH0102812038","adm3_pcode":"PH0102812","city_name":"Laoag City","prov_name":"Ilocos Norte","reg_name":"Region I","shape_sqkm":1.48109078087,"boundary_source":"altcoder/philippines-psgc-shapefiles; sourced from PSA/NAMRIA/OCHA public administrative boundaries","boundary_granularity":"barangay"}},{"type":"Feature","geometry":{"type":"Polygon","coordinates":[[[120.5917286020001,18.192261737000024],[120.59207428400009,18.192126173000077],[120.5924559990001,18.191965390000064],[120.59285112700002,18.19182932800004],[120.59347076300003,18.191534340000032],[120.59390492400007,18.191385624000077],[120.59425204100012,18.191202073000056],[120.59461839800008,18.190995572000077],[120.59482430800006,18.190868674000058],[120.594984726,18.19074177600004],[120.59507950900002,18.19065669500003],[120.59531170500009,18.190402834000054],[120.59550029000002,18.190286091000075],[120.59567577900009,18.190086375000078],[120.59584612900005,18.189901989000077],[120.59609468300005,18.189605267000047],[120.59637137000004,18.18924438700003],[120.59652850400005,18.189043027000025],[120.59666771700006,18.18884925800006],[120.59685254900012,18.18862296100008],[120.59711672700007,18.188283505000072],[120.59732759000008,18.18800751300006],[120.59761961900006,18.187601009000048],[120.59795188600003,18.187134038000067],[120.59830211500002,18.18664910700005],[120.5986613230001,18.18610131400004],[120.59892174900006,18.185670265000056],[120.59911383200006,18.18537445800007],[120.59945158100004,18.184763264000026],[120.59977486900004,18.184206491000054],[120.60014305700008,18.18360481700006],[120.59810109200009,18.183014293000042],[120.5961875160001,18.18215318400007],[120.59609410000007,18.182115817000067],[120.59582630600005,18.18202240100004],[120.59570127600011,18.181986659000074],[120.59545886800004,18.181928984000024],[120.59500424100008,18.181735923000076],[120.59485477500004,18.18171101200005],[120.59464925800012,18.18163627900003],[120.5932365750001,18.182047024000042],[120.59295484600011,18.182197280000025],[120.59263555400003,18.18223484300006],[120.59246161200008,18.182183276000046],[120.59236966900005,18.182156019000047],[120.59231687600004,18.18218655000004],[120.59201097400012,18.182363664000036],[120.59163121100005,18.18257905200005],[120.59072431200002,18.182896467000035],[120.5904354600001,18.182979338000052],[120.59029355300004,18.183037771000045],[120.59022259900007,18.183066987000075],[120.59013077600002,18.183066987000075],[120.59007651700006,18.183033597000076],[120.59001391100003,18.183004380000057],[120.58995130400001,18.182975164000027],[120.58986782900001,18.182966817000022],[120.58980939600008,18.182962643000053],[120.58967166200011,18.18301272800005],[120.58960070800003,18.18304611800005],[120.58946297400007,18.18312124600004],[120.58943039100006,18.183249270000033],[120.58941164800001,18.183325357000058],[120.58890579400008,18.183333610000034],[120.58877647600002,18.18333645900003],[120.58833516100003,18.18338238700005],[120.588069399,18.18342535900007],[120.58798939700011,18.183427581000046],[120.58789606200003,18.183418692000032],[120.58767378100003,18.183387992000064],[120.58761811200009,18.183386281000026],[120.58751964600003,18.183390795000037],[120.5874355730001,18.183421622000026],[120.5873254070001,18.183467242000063],[120.58726182100008,18.183505695000065],[120.58716838100008,18.18355476100004],[120.58700802700002,18.18362320500006],[120.5867674960001,18.183707293000055],[120.58661691900011,18.183744448000027],[120.58675245200004,18.18404019600007],[120.58693885200012,18.184408192000035],[120.58716348500002,18.184837350000066],[120.58761188400001,18.185553543000026],[120.58805557500011,18.186322696000047],[120.58857272700004,18.18642038100006],[120.58873936500004,18.186460604000047],[120.58881500900009,18.186689341000033],[120.58937354000011,18.187957961000052],[120.58942757200009,18.188086207000026],[120.59016870000005,18.189784098000075],[120.59065135900005,18.190849725000078],[120.59134975600011,18.19240247600004],[120.5917286020001,18.192261737000024]]]},"properties":{"brgy_name":"Bgy. No. 51-A, Nangalisan East","name":"Bgy. No. 51-A, Nangalisan East","brgy_code":"102812039","psgc_code":"102812039","adm4_pcode":"PH0102812039","adm3_pcode":"PH0102812","city_name":"Laoag City","prov_name":"Ilocos Norte","reg_name":"Region I","shape_sqkm":0.944967630818,"boundary_source":"altcoder/philippines-psgc-shapefiles; sourced from PSA/NAMRIA/OCHA public administrative boundaries","boundary_granularity":"barangay"}},{"type":"Feature","geometry":{"type":"Polygon","coordinates":[[[120.58491992200004,18.195407368000076],[120.58550326800002,18.19510063200005],[120.58572457200012,18.19498444000004],[120.58635808100007,18.194686064000052],[120.58706532400004,18.194300749000035],[120.58800548500005,18.193784915000037],[120.58863594000002,18.193465486000036],[120.58923794600003,18.193231385000047],[120.58992323300004,18.19296696300006],[120.59028278900007,18.192800550000072],[120.59066206700004,18.192684920000033],[120.5910012060001,18.19254012300007],[120.59134975600011,18.19240247600004],[120.59065135900005,18.190849725000078],[120.59016870000005,18.189784098000075],[120.58942757200009,18.188086207000026],[120.58937354000011,18.187957961000052],[120.58881500900009,18.186689341000033],[120.58873936500004,18.186460604000047],[120.58857272700004,18.18642038100006],[120.58805557500011,18.186322696000047],[120.58761188400001,18.185553543000026],[120.58716348500002,18.184837350000066],[120.58693885200012,18.184408192000035],[120.58675245200004,18.18404019600007],[120.58661691900011,18.183744448000027],[120.5867674960001,18.183707293000055],[120.58663325100008,18.183522064000044],[120.58658285400008,18.183401041000025],[120.58649765400003,18.183227402000057],[120.5864350710001,18.183057906000045],[120.58642724800006,18.182914487000062],[120.58639306000009,18.182821896000064],[120.5862522110001,18.18266578500004],[120.58574176900004,18.182959142000072],[120.58519612300006,18.183399179000048],[120.5850592050001,18.183496559000048],[120.58333623400006,18.184983312000043],[120.58252226900004,18.185621380000043],[120.58261499800005,18.185739457000068],[120.58291953100002,18.186206533000075],[120.58302976100003,18.186382153000068],[120.58315120100008,18.18655777400005],[120.58325022100007,18.18669602800003],[120.58351986600007,18.18702017800007],[120.58365138700003,18.18718812000003],[120.58378493200007,18.187384390000034],[120.5838674370001,18.187472542000023],[120.58396952900011,18.187566995000054],[120.58377432300006,18.190594300000043],[120.58360392300006,18.193374082000048],[120.58408881500009,18.195879638000065],[120.58491992200004,18.195407368000076]]]},"properties":{"brgy_name":"Bgy. No. 51-B, Nangalisan West","name":"Bgy. No. 51-B, Nangalisan West","brgy_code":"102812040","psgc_code":"102812040","adm4_pcode":"PH0102812040","adm3_pcode":"PH0102812","city_name":"Laoag City","prov_name":"Ilocos Norte","reg_name":"Region I","shape_sqkm":0.724696466532,"boundary_source":"altcoder/philippines-psgc-shapefiles; sourced from PSA/NAMRIA/OCHA public administrative boundaries","boundary_granularity":"barangay"}},{"type":"Feature","geometry":{"type":"Polygon","coordinates":[[[120.6016385160001,18.191804606000062],[120.60185783800011,18.191782982000063],[120.60206480400007,18.19174900300004],[120.60231501700002,18.19168722200004],[120.60256831900006,18.191609996000068],[120.60240540400002,18.191188148000037],[120.60314437400007,18.191177666000044],[120.60292162400003,18.190494218000026],[120.60287718900008,18.190374949000045],[120.60281272400005,18.190230469000028],[120.60276811400001,18.190157182000064],[120.60269482700005,18.19010619900007],[120.60246196300011,18.190002664000076],[120.60235466300003,18.18996376800004],[120.60205308800005,18.189856167000073],[120.60212245600007,18.18969641900003],[120.60220784700005,18.18952498400006],[120.60014305700008,18.18360481700006],[120.59977486900004,18.184206491000054],[120.59945158100004,18.184763264000026],[120.59911383200006,18.18537445800007],[120.59892174900006,18.185670265000056],[120.60056116500004,18.189511296000035],[120.60067686600007,18.18985704000005],[120.60084565500006,18.190325291000022],[120.60115020300009,18.191243177000047],[120.60134196700005,18.191813873000058],[120.6016385160001,18.191804606000062]]]},"properties":{"brgy_name":"Bgy. No. 24, Nstra. Sra. De Consolacion","name":"Bgy. No. 24, Nstra. Sra. De Consolacion","brgy_code":"102812041","psgc_code":"102812041","adm4_pcode":"PH0102812041","adm3_pcode":"PH0102812","city_name":"Laoag City","prov_name":"Ilocos Norte","reg_name":"Region I","shape_sqkm":0.148937907905,"boundary_source":"altcoder/philippines-psgc-shapefiles; sourced from PSA/NAMRIA/OCHA public administrative boundaries","boundary_granularity":"barangay"}},{"type":"Feature","geometry":{"type":"Polygon","coordinates":[[[120.59119507000003,18.19868266700007],[120.59171392100006,18.19846516900003],[120.59136278000005,18.19768165100004],[120.59092516300007,18.19677235100005],[120.59053733400003,18.19599931500005],[120.59025694500008,18.19536778300005],[120.589932008,18.194757216000028],[120.58975119600007,18.194445381000037],[120.58923794600003,18.193231385000047],[120.58863594000002,18.193465486000036],[120.58800548500005,18.193784915000037],[120.58843310400005,18.194652397000027],[120.588703011,18.195194833000073],[120.58904367100001,18.195936423000035],[120.58935288600003,18.196546991000048],[120.5897983640001,18.197304304000056],[120.59025694500008,18.198132370000053],[120.59071290500003,18.198902786000076],[120.59119507000003,18.19868266700007]]]},"properties":{"brgy_name":"Bgy. No. 7-A, Nstra. Sra. De Natividad","name":"Bgy. No. 7-A, Nstra. Sra. De Natividad","brgy_code":"102812042","psgc_code":"102812042","adm4_pcode":"PH0102812042","adm3_pcode":"PH0102812","city_name":"Laoag City","prov_name":"Ilocos Norte","reg_name":"Region I","shape_sqkm":0.0859348738388,"boundary_source":"altcoder/philippines-psgc-shapefiles; sourced from PSA/NAMRIA/OCHA public administrative boundaries","boundary_granularity":"barangay"}},{"type":"Feature","geometry":{"type":"Polygon","coordinates":[[[120.5958201200001,18.20650883600007],[120.59585504200004,18.206394545000023],[120.59552963200008,18.20588738300006],[120.59541949800007,18.20547261200005],[120.59527857100011,18.205157434000057],[120.59476683000003,18.20391006500006],[120.59469550500012,18.203748328000074],[120.59467791300006,18.20371500300007],[120.59458797700006,18.203541246000043],[120.59456725400003,18.203501209000024],[120.59446715500007,18.20329788300006],[120.59440611200012,18.203169409000054],[120.59427905500002,18.202905263000048],[120.59417645500002,18.202715513000044],[120.59354562400006,18.201688336000075],[120.59287740600007,18.200619188000076],[120.59225111600006,18.199515974000064],[120.59171392100006,18.19846516900003],[120.59119507000003,18.19868266700007],[120.59071290500003,18.198902786000076],[120.59124747900012,18.199930007000034],[120.59186363700007,18.20103494500006],[120.5925184030001,18.202160019000075],[120.59310371700008,18.203158039000073],[120.5935262270001,18.203941583000073],[120.59371341500002,18.20430558000004],[120.59379511500003,18.204583927000044],[120.59376088200008,18.20477641800005],[120.59367587600002,18.20488571100003],[120.5935665830001,18.205080011000064],[120.59359087000007,18.205335029000025],[120.59363944500001,18.205577903000062],[120.59377302600001,18.205784347000076],[120.59391875100005,18.20593007100007],[120.59410090600011,18.206051509000076],[120.59428202600009,18.206317519000038],[120.59451109500003,18.206491612000036],[120.59466686200005,18.20659240200007],[120.59512500100004,18.206839797000043],[120.59554783800002,18.20703941900007],[120.59567074200004,18.20709577300005],[120.5957243900001,18.20706144600007],[120.59583531200008,18.207044808000035],[120.59596564500009,18.20704758100004],[120.5960411960001,18.20707111400003],[120.59616807800012,18.20709472300007],[120.59639269500008,18.207194553000022],[120.5958201200001,18.20650883600007]]]},"properties":{"brgy_name":"Bgy. No. 7-B, Nstra. Sra. De Natividad","name":"Bgy. No. 7-B, Nstra. Sra. De Natividad","brgy_code":"102812043","psgc_code":"102812043","adm4_pcode":"PH0102812043","adm3_pcode":"PH0102812","city_name":"Laoag City","prov_name":"Ilocos Norte","reg_name":"Region I","shape_sqkm":0.130276557438,"boundary_source":"altcoder/philippines-psgc-shapefiles; sourced from PSA/NAMRIA/OCHA public administrative boundaries","boundary_granularity":"barangay"}},{"type":"Feature","geometry":{"type":"Polygon","coordinates":[[[120.6086455620001,18.19482730900006],[120.60797650400002,18.194015625000077],[120.60795050800004,18.193956142000047],[120.6075126830001,18.19295433800005],[120.60691783800007,18.19159693900008],[120.60634919800009,18.19171748100007],[120.60619983200002,18.19138206200006],[120.60611859700009,18.19118290700004],[120.60585917200001,18.191161943000054],[120.60555781900007,18.19114884100003],[120.60492628700001,18.19118290700004],[120.60505731100011,18.19148688000007],[120.60524598400002,18.191982147000033],[120.60581724400004,18.193460087000062],[120.60632561400007,18.194681222000042],[120.60721886200008,18.19687609700003],[120.60747047600012,18.19699615600007],[120.60751897600005,18.19702151300004],[120.60756184500008,18.197041515000024],[120.60793975400009,18.197228808000034],[120.60845548600003,18.197497834000046],[120.60983635000002,18.198187935000078],[120.61036541700003,18.198463297000046],[120.61126885300007,18.198939766000024],[120.61309015900008,18.19989887400004],[120.61337213900003,18.20004257100004],[120.61344866400009,18.200083127000028],[120.6086455620001,18.19482730900006]]]},"properties":{"brgy_name":"Bgy. No. 27, Nstra. Sra. De Soledad","name":"Bgy. No. 27, Nstra. Sra. De Soledad","brgy_code":"102812044","psgc_code":"102812044","adm4_pcode":"PH0102812044","adm3_pcode":"PH0102812","city_name":"Laoag City","prov_name":"Ilocos Norte","reg_name":"Region I","shape_sqkm":0.206056567958,"boundary_source":"altcoder/philippines-psgc-shapefiles; sourced from PSA/NAMRIA/OCHA public administrative boundaries","boundary_granularity":"barangay"}},{"type":"Feature","geometry":{"type":"Polygon","coordinates":[[[120.60226292700008,18.20914775800003],[120.602304849,18.209129592000068],[120.60242222800002,18.209049941000046],[120.60245157300005,18.20903736500003],[120.60270465400004,18.208940118000044],[120.60281580800006,18.208902326000043],[120.60292029300001,18.208874537000042],[120.60300810500007,18.20886231000003],[120.60309583800006,18.208859763000078],[120.60318071300003,18.208873579000056],[120.60325177100003,18.208885423000027],[120.60331690700002,18.20889134400005],[120.60336602200005,18.208888987000023],[120.6034038140001,18.208872314000075],[120.60342937900009,18.208845637000024],[120.60344605300008,18.208812291000072],[120.60349455300002,18.20862290200006],[120.60351626500005,18.20858539900007],[120.60354942600009,18.208557748000032],[120.60358534900001,18.20854197500006],[120.6036346950001,18.20853802700003],[120.60369983200007,18.20854592300003],[120.60377089000008,18.208567635000065],[120.60382418300003,18.20859921600004],[120.60408127800008,18.208761308000078],[120.60412767000003,18.208785396000053],[120.60417495500008,18.208800563000068],[120.60423740600004,18.208805916000074],[120.6042873670001,18.208802348000063],[120.60434892600006,18.208786289000045],[120.60439799500011,18.208765769000024],[120.60444081900005,18.208736328000043],[120.60503455600008,18.208177398000032],[120.60511245100008,18.20810360300004],[120.60516779700004,18.208062605000066],[120.60523134300001,18.208040057000062],[120.60529898800007,18.208033907000072],[120.60537483300004,18.208058506000043],[120.6055080750001,18.208124101000067],[120.60556957100005,18.20814050000007],[120.60562081700004,18.20814050000007],[120.6057274100001,18.208132301000035],[120.60598159300002,18.20810975200004],[120.60603694000008,18.20810360300004],[120.60608818600008,18.20807900400007],[120.6061086850001,18.20804210700004],[120.60610663500006,18.208001110000055],[120.60604308900008,18.207755126000052],[120.60604513900012,18.207705929000042],[120.60606973800009,18.207677231000048],[120.60612098400009,18.207642383000064],[120.60633417000008,18.207486593000056],[120.60639566600003,18.207437397000035],[120.606414115,18.20740459900003],[120.60642641400011,18.207361552000066],[120.60646126200004,18.207252909000033],[120.60648586000002,18.20722421100004],[120.60602592900011,18.20596700300007],[120.60598659800007,18.205567134000034],[120.60616358900006,18.205436029000055],[120.60577044400009,18.204265487000043],[120.60557304500003,18.20432966900006],[120.60517805900008,18.20348178000006],[120.60515362700005,18.20338423900006],[120.60511866600007,18.203323057000034],[120.60497008000004,18.203314317000036],[120.60482149500001,18.20333616700003],[120.6046554290001,18.203261875000067],[120.60448936300008,18.20316136100007],[120.60412663900001,18.203148251000073],[120.60368088300004,18.20261946100004],[120.60358474000009,18.202641312000026],[120.60349296600009,18.20265442300007],[120.60343615400006,18.20261946100004],[120.6029429140001,18.20186921000004],[120.60252446200002,18.201083337000057],[120.60241099500001,18.200846830000046],[120.6023837140001,18.200790191000067],[120.60210904500002,18.20098895600006],[120.6019456460001,18.201136794000035],[120.60191257700001,18.201202932000058],[120.60188339800004,18.201292413000033],[120.60184643900004,18.201385784000024],[120.60181337000006,18.201475265000056],[120.6017880820001,18.20152195000003],[120.60175695800001,18.20156474600003],[120.60166358700008,18.20162504800004],[120.60100220700008,18.201949902000024],[120.60095163100004,18.201979080000058],[120.60091078100004,18.202010204000032],[120.60087771200006,18.202051054000037],[120.60085437000009,18.20209579400006],[120.60083297200003,18.20215220600005],[120.60081352000009,18.20221250800006],[120.60079795800004,18.202298099000075],[120.60072177900008,18.202814622000062],[120.60067540800003,18.20312871400006],[120.60065012000007,18.203189016000067],[120.60059565300003,18.203239592000045],[120.6005207820001,18.203296946000023],[120.60012101600012,18.203519706000066],[120.60005682400003,18.203546939000034],[120.59998290500005,18.203572227000052],[120.59983964700007,18.203272508000055],[120.59976031400004,18.20326754900003],[120.59974543900012,18.203232841000045],[120.59943070400004,18.20325461300007],[120.5991317270001,18.20325990500004],[120.59906822700009,18.20325196700003],[120.59902589400008,18.20323873800004],[120.59899679000011,18.203209634000075],[120.59887987700006,18.203039287000024],[120.59888311100008,18.20301743400006],[120.5988776480001,18.202994705000037],[120.59884644100009,18.202941207000038],[120.5986809320001,18.202660343000048],[120.5983532570001,18.202108646000056],[120.59783202900007,18.201245018000066],[120.59711993300004,18.20006103000003],[120.59664676800003,18.200291466000067],[120.59608485100011,18.199091459000044],[120.59558696300007,18.198124509000024],[120.59492660700005,18.19677235100005],[120.59461477200011,18.196132958000078],[120.5942400460001,18.195338958000036],[120.59388104300001,18.19549618600007],[120.59426101000008,18.196290186000056],[120.59457284500002,18.196911235000073],[120.59473793400002,18.19727547900004],[120.59521485800008,18.198279116000037],[120.59578349800006,18.19925654800005],[120.59583328700012,18.19934564400006],[120.59646219700005,18.200372865000077],[120.59718976400006,18.201489527000035],[120.59778586700008,18.20241493800006],[120.59835510000005,18.203272516000027],[120.59869516600008,18.203786423000054],[120.59877454100001,18.203905485000064],[120.5988890860001,18.204078649000053],[120.59919527800002,18.204545212000028],[120.5992819810001,18.204668602000027],[120.59946167400005,18.204931230000057],[120.59981174000006,18.205487305000077],[120.60012742900005,18.205969537000044],[120.60080106200007,18.206971288000034],[120.60134792400004,18.20777666600003],[120.60145729600004,18.207948181000063],[120.60156666800003,18.20814704000003],[120.60172824100005,18.208442842000068],[120.60187489900011,18.208718759000078],[120.60190970000008,18.208803274000047],[120.60195450900005,18.208942085000047],[120.60202257800006,18.208954920000053],[120.60205471800009,18.20896190700006],[120.60208825500001,18.208978675000026],[120.60210642100003,18.20900382800005],[120.60216231600009,18.209115618000055],[120.602191661,18.20914496300003],[120.60222659500005,18.20915334700004],[120.60226292700008,18.20914775800003]]]},"properties":{"brgy_name":"Bgy. No. 13, Nstra. Sra. De Visitacion","name":"Bgy. No. 13, Nstra. Sra. De Visitacion","brgy_code":"102812045","psgc_code":"102812045","adm4_pcode":"PH0102812045","adm3_pcode":"PH0102812","city_name":"Laoag City","prov_name":"Ilocos Norte","reg_name":"Region I","shape_sqkm":0.47137095789,"boundary_source":"altcoder/philippines-psgc-shapefiles; sourced from PSA/NAMRIA/OCHA public administrative boundaries","boundary_granularity":"barangay"}},{"type":"Feature","geometry":{"type":"Polygon","coordinates":[[[120.59228082000004,18.208834850000073],[120.59233970000003,18.208814068000038],[120.59228082000004,18.208620108000048],[120.5921249590001,18.208214870000063],[120.59196563400008,18.207840803000067],[120.59188597200011,18.20748751900004],[120.59176689500009,18.207125534000056],[120.59137129500004,18.20621987900006],[120.59217772400007,18.20593417300006],[120.59231596900008,18.20589270000005],[120.59207395500005,18.20527269200005],[120.59205413100005,18.20523151200007],[120.59203796100007,18.205190153000046],[120.59150063700008,18.203802026000062],[120.5909737390001,18.204008653000074],[120.59048492500006,18.20302477100006],[120.58996083300008,18.203221306000046],[120.58935859300004,18.202087789000075],[120.58878686600008,18.200959848000025],[120.58825854100007,18.20003218000005],[120.58777012700011,18.19919103600006],[120.58741967300011,18.19839091500006],[120.58705736200011,18.19757159100004],[120.58677959300007,18.197005572000023],[120.58639919100005,18.196129752000047],[120.5860249000001,18.195498806000046],[120.58572457200012,18.19498444000004],[120.58550326800002,18.19510063200005],[120.5857838170001,18.195682239000064],[120.58610351400011,18.196240397000054],[120.5864965830001,18.197152318000064],[120.58675862900009,18.197705235000058],[120.58713073500007,18.19850447600004],[120.5874949790001,18.199301096000056],[120.58788804800008,18.20015798700007],[120.5882732560001,18.201169485000037],[120.58873535800001,18.202357051000035],[120.5889471370001,18.202275365000048],[120.58919614800004,18.20279484200006],[120.5895022520001,18.203389015000027],[120.58979271400005,18.204007844000046],[120.58997332000001,18.204401244000053],[120.59002531700003,18.204520625000043],[120.59010069600004,18.204774533000034],[120.59013418500001,18.20495139800005],[120.59014118300001,18.204992958000048],[120.59009310300007,18.205005714000038],[120.58991026500007,18.205080016000068],[120.58980757300003,18.205118636000066],[120.58983380300003,18.20545353400007],[120.58991173400011,18.205754865000074],[120.58998966400009,18.20602502400004],[120.59010396200006,18.20648221600004],[120.59153268700004,18.20766069800004],[120.59156259100007,18.207734731000073],[120.59157621100007,18.207801594000045],[120.5918435860001,18.208737662000033],[120.59199680600011,18.20881753200007],[120.5921976940001,18.208852168000078],[120.59228082000004,18.208834850000073]]]},"properties":{"brgy_name":"Bgy. No. 3, Nstra. Sra. Del Rosario","name":"Bgy. No. 3, Nstra. Sra. Del Rosario","brgy_code":"102812046","psgc_code":"102812046","adm4_pcode":"PH0102812046","adm3_pcode":"PH0102812","city_name":"Laoag City","prov_name":"Ilocos Norte","reg_name":"Region I","shape_sqkm":0.128345265134,"boundary_source":"altcoder/philippines-psgc-shapefiles; sourced from PSA/NAMRIA/OCHA public administrative boundaries","boundary_granularity":"barangay"}},{"type":"Feature","geometry":{"type":"Polygon","coordinates":[[[120.58469515500008,18.230533113000035],[120.58489172500003,18.230389606000074],[120.58501801000011,18.230297411000038],[120.5851396270001,18.230014561000075],[120.58520312300004,18.229686498000035],[120.58557628800008,18.22958002400003],[120.5860056780001,18.229605282000023],[120.58660003800003,18.22964416700006],[120.58716092000009,18.229707663000056],[120.5874572350001,18.229686498000035],[120.58776413300006,18.22954892300004],[120.58783788300002,18.229232178000075],[120.58789112500006,18.22899862400004],[120.58770063700001,18.22877638700004],[120.58749956600002,18.22861764700008],[120.58742548700002,18.22849065500003],[120.58741187600003,18.228294193000067],[120.58740432100001,18.227961521000054],[120.58754658700002,18.227671156000042],[120.58766445800006,18.227283863000025],[120.58799695200003,18.226977331000057],[120.58828588800009,18.226788162000048],[120.588472722,18.226576633000036],[120.588875314,18.220966368000063],[120.58908696800006,18.220754714000066],[120.5893988570001,18.220430462000024],[120.58963460100006,18.220043169000064],[120.59076552500005,18.218292285000075],[120.59096010300004,18.21797146800003],[120.59110826000006,18.217516413000055],[120.5915209850001,18.215992507000067],[120.5916479770001,18.215558617000056],[120.59183846500002,18.21511414400004],[120.59196545800012,18.214690837000035],[120.59191254400002,18.21416170300006],[120.59172294500001,18.213591786000052],[120.59123645400007,18.213029385000027],[120.59090581900011,18.21305142800003],[120.59053550700003,18.213029385000027],[120.59030626600008,18.212980892000076],[120.59016960300005,18.21288390500007],[120.5899976720001,18.212672299000076],[120.58973316400011,18.212350480000055],[120.58949069800008,18.212108014000023],[120.58912920300008,18.211852322000027],[120.58847234000007,18.21165834900006],[120.58817697200004,18.211623081000027],[120.58602761100008,18.210319945000037],[120.58591960100011,18.21033796100005],[120.58588710600009,18.210341571000072],[120.58585822200007,18.21033796100005],[120.58583655900009,18.210329536000074],[120.58581850600001,18.210309076000044],[120.58579925000004,18.21026936100003],[120.58577045000004,18.210198928000068],[120.5857311200001,18.210132369000064],[120.58568573900004,18.210086988000057],[120.58563918300001,18.21005393200005],[120.58559826400005,18.210033473000067],[120.58553749300006,18.210008327000025],[120.58515331500007,18.209928388000037],[120.5842734250001,18.210314681000057],[120.58395151400009,18.21209592200006],[120.58358455100006,18.214174055000058],[120.58349621500008,18.214293568000073],[120.58343905700008,18.214459847000057],[120.58294022000007,18.215577034000034],[120.58288825800003,18.215654977000042],[120.58193215400001,18.21665784700002],[120.58113193600002,18.217551597000067],[120.58104879700011,18.217702287000066],[120.58096171800003,18.217831880000062],[120.58088251800007,18.21796729400006],[120.5808513400001,18.21804004100005],[120.58082016300011,18.218201124000075],[120.58079937800005,18.21839858000004],[120.5807214350001,18.218710353000063],[120.58066947300006,18.218845455000064],[120.58058113700008,18.21897536000006],[120.58045642800005,18.21904810700005],[120.58030054100004,18.21912085400004],[120.58013426200012,18.219188405000068],[120.57991602100003,18.21924556400006],[120.57969082000011,18.219364490000032],[120.57945355800007,18.219489786000054],[120.5791781580001,18.219630084000073],[120.57894309400001,18.219740648000027],[120.57881958700011,18.21977451300006],[120.57871569500003,18.21978077400007],[120.57858054000008,18.219756585000027],[120.57845588400005,18.21974440100007],[120.57833551800002,18.21974861700005],[120.57820802600008,18.21973865600006],[120.57806061400004,18.219690847000038],[120.5779530430001,18.219635070000038],[120.57788929800006,18.219567340000026],[120.57785742500005,18.21949363400006],[120.57784547200004,18.219394031000036],[120.57787136900004,18.219270524000024],[120.5779390990001,18.219091239000022],[120.57795503500006,18.218953787000032],[120.57794308300004,18.218814343000076],[120.57788929800006,18.218658963000053],[120.57787734500005,18.218521511000063],[120.57789726600004,18.21837808400005],[120.5779789400001,18.21821473500006],[120.57813891400008,18.217925724000054],[120.57815550200007,18.217808760000025],[120.57821459000002,18.21758796200004],[120.57820978400002,18.217514668000035],[120.57818695500009,18.21744497900005],[120.57813891400008,18.217364533000023],[120.57807352500004,18.21728844200004],[120.57796773400003,18.217199443000027],[120.57786194200003,18.21713395300003],[120.57776958300008,18.217088613000044],[120.57765203700001,18.217058387000066],[120.57752945300001,18.217039915000043],[120.577351453,18.21704159500007],[120.57721543500008,18.21706342500005],[120.57708949200003,18.217145707000043],[120.57700888900001,18.217243103000044],[120.57693836100009,18.21734385700006],[120.5768377710001,18.21753119300007],[120.57676222300006,18.217625629000054],[120.57669103300009,18.21767212000003],[120.57659659700005,18.21770553600004],[120.57650942600003,18.217720065000037],[120.57641934900005,18.217738952000047],[120.57630893200007,18.21777963200003],[120.5762275720001,18.21782902900003],[120.57612278200008,18.217925724000054],[120.57601545500006,18.218057127000066],[120.57592532500007,18.218201124000075],[120.57587883500003,18.218289224000046],[120.57585195800004,18.218367296000054],[120.5758404390001,18.218451767000033],[120.57583532000001,18.21852088000003],[120.57582252100008,18.218591273000072],[120.57579948300008,18.218642467000052],[120.57574865400011,18.218715549000024],[120.57561355200005,18.21883506200004],[120.57528099400008,18.21908448100004],[120.57463146700002,18.219739204000064],[120.57457430900001,18.219843129000026],[120.57428851700001,18.220482264000054],[120.57414821900011,18.22071089700006],[120.57411184500006,18.220804429000054],[120.57408586400004,18.220955119000052],[120.57399752800006,18.221162968000044],[120.57389880000005,18.22135522800005],[120.57378448400004,18.221505919000037],[120.57350908400008,18.221724160000065],[120.57298946200001,18.222129465000023],[120.57266729700007,18.222332117000064],[120.57258415700005,18.222389276000058],[120.57204375000003,18.22264389000003],[120.57196580700008,18.22269585300006],[120.57186707900007,18.222804973000052],[120.57172678100005,18.22309596100007],[120.57095774100003,18.224826302000054],[120.57093430700002,18.224943842000073],[120.57092538500001,18.225039751000054],[120.57090977200005,18.22518473100007],[120.5708941580001,18.225374319000025],[120.57088746700003,18.22560851700007],[120.5708941580001,18.225856097000076],[120.57087979800008,18.226063002000046],[120.57090058200004,18.226239673000066],[120.57094215200004,18.226426737000054],[120.57100450700011,18.226644978000024],[120.57114480500002,18.226956751000046],[120.57120196300002,18.227029499000025],[120.5713214760001,18.22712303000003],[120.57139941900004,18.227216562000024],[120.57151373600004,18.227356860000043],[120.57156569800009,18.227481570000066],[120.57161766100012,18.22767383000007],[120.5716488380001,18.227892071000042],[120.5716488380001,18.228297376000057],[120.57163324900012,18.228442870000038],[120.57168001500008,18.22860914900002],[120.57176835100006,18.228697485000055],[120.57186188300011,18.228811801000063],[120.57192943400003,18.228905333000057],[120.57203335800011,18.229019650000055],[120.57219444100008,18.229118378000067],[120.57231395400004,18.229180733000078],[120.57246984000005,18.22921710600008],[120.57264131600004,18.229227499000046],[120.57283357600011,18.229274265000072],[120.57329290200005,18.22910445100007],[120.57362096500003,18.228966876000072],[120.57388553200008,18.228829301000076],[120.5742770920001,18.22856473400003],[120.57452519700007,18.228353080000034],[120.57482151200009,18.228141426000036],[120.57517074000009,18.227696954000066],[120.57552748100011,18.227256045000047],[120.57601735500009,18.226998497000068],[120.57644355500008,18.226779686000043],[120.57712853700002,18.226723347000075],[120.57765066200011,18.22678963900006],[120.57793282000011,18.22694558300003],[120.57812913200007,18.22714611600003],[120.57819738800004,18.227294812000025],[120.57829263200006,18.227474717000064],[120.5784831200001,18.22764404000003],[120.57869477400004,18.227675788000056],[120.57894875800002,18.22763345800007],[120.57927682100001,18.227569962000075],[120.57950964000008,18.227453552000043],[120.57964721500002,18.22727364600007],[120.57966813600001,18.22710947300004],[120.57966838000004,18.226882087000035],[120.57977420700001,18.226670434000027],[120.5799958120001,18.226569781000023],[120.58021868000003,18.226522276000026],[120.5803774200001,18.226490528000056],[120.58058907400005,18.226585772000078],[120.58069490100002,18.22683975600006],[120.58066315300005,18.227241898000045],[120.5805996570001,18.227802781000037],[120.58055732600008,18.22853298600006],[120.58058907400005,18.228945710000062],[120.58066315300005,18.229146781000054],[120.58076531400002,18.229281361000062],[120.5810758770001,18.22930552100007],[120.58137219200012,18.22921027700005],[120.58146364200002,18.229088193000052],[120.58172142100011,18.22877638700004],[120.58186957800001,18.228585899000052],[120.5820494840001,18.228501238000035],[120.58233521600005,18.228427159000034],[120.58266328000002,18.228607064000073],[120.58288551600003,18.22872347400005],[120.58311833500011,18.228861049000045],[120.58329367900001,18.229024860000038],[120.58407077600009,18.23054369500005],[120.58431337700006,18.23064087000006],[120.58469515500008,18.230533113000035]]]},"properties":{"brgy_name":"Bgy. No. 57, Pila","name":"Bgy. No. 57, Pila","brgy_code":"102812047","psgc_code":"102812047","adm4_pcode":"PH0102812047","adm3_pcode":"PH0102812","city_name":"Laoag City","prov_name":"Ilocos Norte","reg_name":"Region I","shape_sqkm":2.6215550038,"boundary_source":"altcoder/philippines-psgc-shapefiles; sourced from PSA/NAMRIA/OCHA public administrative boundaries","boundary_granularity":"barangay"}},{"type":"Feature","geometry":{"type":"Polygon","coordinates":[[[120.58333623400006,18.184983312000043],[120.5850592050001,18.183496559000048],[120.58519612300006,18.183399179000048],[120.58574176900004,18.182959142000072],[120.5862522110001,18.18266578500004],[120.58639306000009,18.182821896000064],[120.58642724800006,18.182914487000062],[120.5864350710001,18.183057906000045],[120.58649765400003,18.183227402000057],[120.58658285400008,18.183401041000025],[120.58663325100008,18.183522064000044],[120.5867674960001,18.183707293000055],[120.58700802700002,18.18362320500006],[120.58716838100008,18.18355476100004],[120.58726182100008,18.183505695000065],[120.5873254070001,18.183467242000063],[120.5874355730001,18.183421622000026],[120.58751964600003,18.183390795000037],[120.58761811200009,18.183386281000026],[120.58767378100003,18.183387992000064],[120.58789606200003,18.183418692000032],[120.58798939700011,18.183427581000046],[120.588069399,18.18342535900007],[120.58833516100003,18.18338238700005],[120.58877647600002,18.18333645900003],[120.58890579400008,18.183333610000034],[120.58864575700011,18.181899247000047],[120.58859754800005,18.181523175000052],[120.5885684430001,18.181207872000073],[120.58856359300012,18.18105022000003],[120.5885369130001,18.180902270000047],[120.58849810700008,18.180730066000024],[120.58843504600009,18.180521481000028],[120.58835743300006,18.180332299000042],[120.58831862600005,18.18019890200003],[120.58828224500007,18.180075206000026],[120.58826028700003,18.180003321000072],[120.58825556600004,18.179987891000053],[120.58817067600012,18.179706544000055],[120.58804455500001,18.17937911300004],[120.5879548150001,18.17914870000004],[120.58786507500008,18.178896457000064],[120.58782884800007,18.178804892000073],[120.58707485600007,18.178550124000026],[120.58614655000008,18.17838302900003],[120.58544752600005,18.178191439000045],[120.5846241270001,18.177696082000068],[120.58146251900007,18.17545480900003],[120.58071525600008,18.17563543400007],[120.57982829500008,18.175881812000057],[120.57904757200004,18.17605498000006],[120.57886074700002,18.176096741000038],[120.57868271400002,18.176125315000036],[120.57848929500005,18.176149492000036],[120.57819477200007,18.176169273000028],[120.57806289500002,18.176184659000057],[120.57791783100004,18.176208836000058],[120.57779254900004,18.176244003000022],[120.57757934900008,18.176314337000065],[120.57718811500001,18.176459401000045],[120.57630387000006,18.17681270500003],[120.57636662800007,18.176934195000058],[120.57637555200006,18.176949508000064],[120.57638366900005,18.17696492700003],[120.57641223100006,18.177012613000045],[120.57659345700006,18.177369459000033],[120.57703250800012,18.178298006000034],[120.577223075,18.17863616900007],[120.57732209500011,18.17878937000006],[120.57743232500002,18.178948175000073],[120.57755563300009,18.179123796000056],[120.5776826770001,18.17927886500007],[120.57777422400011,18.179377885000065],[120.5778732440001,18.179469432000076],[120.578228222,18.179751546000034],[120.57838702800007,18.179878590000044],[120.57855517500002,18.180035528000076],[120.57863738000003,18.180119601000058],[120.57882047400005,18.18031203700002],[120.57895499200004,18.180478316000062],[120.57905774900007,18.180601624000076],[120.57916611000007,18.180745483000067],[120.57932491600002,18.180990231000067],[120.57970605000003,18.181498409000028],[120.5800199250001,18.182010324000032],[120.58020862300009,18.182337277000045],[120.58034687800011,18.18258576200003],[120.58042161000003,18.182709070000044],[120.58047765900005,18.182809958000064],[120.58055425900011,18.182910846000027],[120.5805990990001,18.182979973000045],[120.58065888400006,18.18304910100005],[120.58074856300004,18.18312570100005],[120.58096154900011,18.18328824300005],[120.58122684800003,18.18352365000004],[120.58129971200003,18.183618933000048],[120.58135389300003,18.18370113800006],[120.58144357200001,18.183833788000072],[120.5815945700001,18.184076436000055],[120.5817948130001,18.184431645000075],[120.58186580800009,18.184556821000058],[120.58201013500002,18.18488377400007],[120.58214979000002,18.185107971000036],[120.58218105000003,18.185160171000064],[120.5823011230001,18.18533403500004],[120.58238621900011,18.185446764000062],[120.58252226900004,18.185621380000043],[120.58333623400006,18.184983312000043]]]},"properties":{"brgy_name":"Bgy. No. 49-B, Raraburan","name":"Bgy. No. 49-B, Raraburan","brgy_code":"102812048","psgc_code":"102812048","adm4_pcode":"PH0102812048","adm3_pcode":"PH0102812","city_name":"Laoag City","prov_name":"Ilocos Norte","reg_name":"Region I","shape_sqkm":0.795788462303,"boundary_source":"altcoder/philippines-psgc-shapefiles; sourced from PSA/NAMRIA/OCHA public administrative boundaries","boundary_granularity":"barangay"}},{"type":"Feature","geometry":{"type":"Polygon","coordinates":[[[120.62959925100006,18.19203671100007],[120.62998575100005,18.191778847000023],[120.63032107600009,18.191555125000036],[120.63081816400006,18.191269840000075],[120.63129591500001,18.190995652000026],[120.63269459800006,18.190215781000063],[120.62941559300009,18.179571375000023],[120.628005099,18.17794991200003],[120.62703164600009,18.174419916000033],[120.62546207600008,18.171505702000047],[120.62389653600007,18.16849327500006],[120.6234389660001,18.168451678000054],[120.6228982020001,18.168479409000042],[120.6222742430001,18.168507141000077],[120.62170574800007,18.16863193200004],[120.62105405700004,18.168770590000065],[120.6204716960001,18.16897857600003],[120.6198983920001,18.169271283000057],[120.6191709950001,18.169655186000057],[120.61799907800003,18.170443200000022],[120.61704685600012,18.171030707000057],[120.6160189420001,18.171817171000043],[120.6149278470001,18.172726417000035],[120.61387716200011,18.17343360900003],[120.6132060440001,18.17395637900006],[120.61242089600012,18.17439315000007],[120.6142810230001,18.174734157000046],[120.6156084590001,18.17796425100005],[120.6169580190001,18.179358059000037],[120.61786809400007,18.181499194000025],[120.62070543100003,18.183541121000076],[120.62315252000008,18.188018602000056],[120.62323887000002,18.18819849700003],[120.62342596100007,18.188569082000072],[120.62385411200012,18.189396601000055],[120.62397644100008,18.18964485600003],[120.62410596600012,18.189965070000028],[120.62412755300011,18.190058616000044],[120.6241383470001,18.190162955000062],[120.62411316200007,18.19031406700003],[120.62412035700004,18.190389623000044],[120.62418871800003,18.19054073500007],[120.62421750100009,18.190627085000074],[120.62426067600006,18.190717033000055],[120.62427506800009,18.190806980000048],[120.62429305700005,18.190907722000077],[120.62430025300011,18.19099766900007],[120.62427147000005,18.19129269800004],[120.62429665500008,18.19140783100005],[120.62433623200002,18.19153375800005],[120.62441178800009,18.19169206500004],[120.62449813800004,18.19180360100006],[120.62459168300006,18.191922331000058],[120.62473560000001,18.192069846000038],[120.62492988700001,18.192242545000056],[120.62509539000007,18.192429636000043],[120.62519613200004,18.192649109000058],[120.6252932750001,18.192846994000035],[120.6254299960001,18.193167207000045],[120.625512748,18.193365092000022],[120.62579338400008,18.19386520100005],[120.62612154300007,18.194451660000027],[120.62959925100006,18.19203671100007]]]},"properties":{"brgy_name":"Bgy. No. 53, Rioeng","name":"Bgy. No. 53, Rioeng","brgy_code":"102812049","psgc_code":"102812049","adm4_pcode":"PH0102812049","adm3_pcode":"PH0102812","city_name":"Laoag City","prov_name":"Ilocos Norte","reg_name":"Region I","shape_sqkm":2.83576890636,"boundary_source":"altcoder/philippines-psgc-shapefiles; sourced from PSA/NAMRIA/OCHA public administrative boundaries","boundary_granularity":"barangay"}},{"type":"Feature","geometry":{"type":"Polygon","coordinates":[[[120.62238587500008,18.221699367000042],[120.62311161900004,18.22122536200004],[120.62416266900004,18.220430229000044],[120.62608450700009,18.219197351000048],[120.62735364600007,18.218218301000036],[120.63536694900006,18.213572933000023],[120.635503201,18.213401857000065],[120.63555695800005,18.21330369100002],[120.63560370400012,18.213200850000078],[120.63561772800006,18.213154105000058],[120.63562240200008,18.21309099800004],[120.63562474000003,18.21298815700004],[120.63559435500008,18.212859606000052],[120.63550553800007,18.212707683000076],[120.63546112900008,18.21264457600006],[120.63528817000008,18.21245058100004],[120.63520636500004,18.212364102000038],[120.63515027000005,18.21231034400006],[120.63510118700003,18.212272948000077],[120.63506145400004,18.21223788800006],[120.63424574100009,18.211676940000075],[120.63396922100003,18.21144245000005],[120.63370004600006,18.211176369000043],[120.63225826200005,18.209836686000074],[120.63078863200008,18.208886841000037],[120.62998729700007,18.20844131100006],[120.628233023,18.20733676800006],[120.62629930000003,18.206284822000043],[120.62540205200003,18.20582382200007],[120.62471519300004,18.205483487000038],[120.62233284600006,18.204406790000064],[120.61983602200007,18.203265119000037],[120.61776307000002,18.202256489000035],[120.61767605600005,18.202387744000077],[120.61760589700009,18.202609016000054],[120.61754113400002,18.202668381000024],[120.61749795900005,18.202760128000023],[120.61748176900005,18.203197273000058],[120.61740544400004,18.20337951500005],[120.61747680100007,18.203462339000055],[120.61754419400006,18.203537634000043],[120.61760762800009,18.203635520000034],[120.61763142400002,18.20372588200007],[120.61761955200006,18.203846371000054],[120.6175839010001,18.20397815900003],[120.61752050300004,18.204098655000053],[120.61745313100005,18.204155144000026],[120.61739368100007,18.204181509000023],[120.61736197900007,18.20421916500004],[120.61734613400006,18.204279411000073],[120.61734614500006,18.204347185000074],[120.61735012000008,18.20441872400005],[120.61738185500008,18.204576858000053],[120.61740908600007,18.204898365000076],[120.61736198900007,18.205176662000042],[120.617284057,18.205307145000063],[120.61707221000006,18.20561254100005],[120.6166548430001,18.206261605000066],[120.61650894200011,18.206368939000072],[120.61642422400007,18.206422608000025],[120.61637150900003,18.206528843000058],[120.6162652700001,18.20678853900006],[120.61613990000001,18.207022400000028],[120.61592164800004,18.20734010500007],[120.61575446300003,18.20750337800007],[120.61550910800008,18.207822445000033],[120.61518570700002,18.208091946000025],[120.61476798100011,18.208280596000066],[120.61440415600009,18.208482721000053],[120.61408075500003,18.208550097000057],[120.61381155100003,18.20860127900005],[120.6136635900001,18.208635225000023],[120.6135156260001,18.208640090000074],[120.61341867300007,18.20856740100004],[120.61336253400009,18.208460779000063],[120.6133012890001,18.208329925000044],[120.61327576300005,18.20821845300003],[120.6132722540001,18.208011096000064],[120.61328572900004,18.207714645000067],[120.61327518300004,18.207513119000055],[120.61324871800002,18.20740543900007],[120.61319202900006,18.20733365700005],[120.6131126680001,18.207261878000054],[120.61302970300005,18.207243019000032],[120.61293884600002,18.207229595000058],[120.61285949500007,18.207229605000066],[120.61279903800005,18.20724038000003],[120.61275369900011,18.20727269100007],[120.61268947400004,18.207358845000044],[120.61269704400002,18.207459349000032],[120.61272728400002,18.20754190300005],[120.61273485200002,18.207620870000028],[120.61271218900004,18.207685483000034],[120.61267441000007,18.20774650800007],[120.61259850200008,18.207782020000025],[120.61222120200011,18.207862870000042],[120.61195170100007,18.207782020000025],[120.61161482600005,18.207310394000046],[120.6114915490001,18.20712174600004],[120.6114369280001,18.207035292000057],[120.61134226000001,18.206962676000046],[120.61121118400001,18.206879688000072],[120.61108739300005,18.206824367000024],[120.61091412400003,18.20679834300006],[120.61071199900005,18.206865718000074],[120.6103885980001,18.206825293000065],[120.61011953200011,18.206863944000077],[120.60999843700006,18.206863944000077],[120.6099205910001,18.206837995000058],[120.60985571800006,18.206786097000077],[120.60981679500003,18.206682302000047],[120.60979949600005,18.20658715600007],[120.60975624700006,18.206522284000073],[120.60966975100007,18.20648768500007],[120.60952270700011,18.20647903500003],[120.60823160100006,18.20648826200005],[120.60813089800001,18.20650545500007],[120.60803265000004,18.206537386000036],[120.60795896500008,18.20659633400004],[120.60790478400008,18.206677135000064],[120.60781280000003,18.20684077100003],[120.60779480600002,18.206869838000046],[120.60776989200008,18.206900289000032],[120.6077401330001,18.20692589500004],[120.60765985400008,18.206963958000074],[120.607585803,18.206988873000057],[120.60748518900004,18.207017347000033],[120.60682744500002,18.20717611300006],[120.60659450300011,18.207205762000058],[120.60653300700005,18.207211912000048],[120.60648586000002,18.20722421100004],[120.60646126200004,18.207252909000033],[120.60642641400011,18.207361552000066],[120.606414115,18.20740459900003],[120.60639566600003,18.207437397000035],[120.60633417000008,18.207486593000056],[120.60612098400009,18.207642383000064],[120.60606973800009,18.207677231000048],[120.60604513900012,18.207705929000042],[120.60604308900008,18.207755126000052],[120.60610663500006,18.208001110000055],[120.6061086850001,18.20804210700004],[120.60608818600008,18.20807900400007],[120.60603694000008,18.20810360300004],[120.60598159300002,18.20810975200004],[120.6057274100001,18.208132301000035],[120.60562081700004,18.20814050000007],[120.60556957100005,18.20814050000007],[120.6055080750001,18.208124101000067],[120.60537483300004,18.208058506000043],[120.60529898800007,18.208033907000072],[120.60523134300001,18.208040057000062],[120.60516779700004,18.208062605000066],[120.60511245100008,18.20810360300004],[120.60503455600008,18.208177398000032],[120.60444081900005,18.208736328000043],[120.60439799500011,18.208765769000024],[120.60434892600006,18.208786289000045],[120.6042873670001,18.208802348000063],[120.60423740600004,18.208805916000074],[120.60417495500008,18.208800563000068],[120.60412767000003,18.208785396000053],[120.60408127800008,18.208761308000078],[120.60382418300003,18.20859921600004],[120.60377089000008,18.208567635000065],[120.60369983200007,18.20854592300003],[120.6036346950001,18.20853802700003],[120.60358534900001,18.20854197500006],[120.60354942600009,18.208557748000032],[120.60351626500005,18.20858539900007],[120.60349455300002,18.20862290200006],[120.60344605300008,18.208812291000072],[120.60342937900009,18.208845637000024],[120.6034038140001,18.208872314000075],[120.60336602200005,18.208888987000023],[120.60331690700002,18.20889134400005],[120.60325177100003,18.208885423000027],[120.60318071300003,18.208873579000056],[120.60309583800006,18.208859763000078],[120.60300810500007,18.20886231000003],[120.60292029300001,18.208874537000042],[120.60281580800006,18.208902326000043],[120.60270465400004,18.208940118000044],[120.60245157300005,18.20903736500003],[120.60242222800002,18.209049941000046],[120.602304849,18.209129592000068],[120.60226292700008,18.20914775800003],[120.60222659500005,18.20915334700004],[120.602191661,18.20914496300003],[120.60216231600009,18.209115618000055],[120.60210642100003,18.20900382800005],[120.60208825500001,18.208978675000026],[120.60205471800009,18.20896190700006],[120.60202257800006,18.208954920000053],[120.60195450900005,18.208942085000047],[120.60197681500006,18.209089133000077],[120.60201410100001,18.209305392000033],[120.60211601600008,18.209755310000048],[120.60230741700002,18.210419001000048],[120.60241181800006,18.210791861000075],[120.60249633300009,18.211052863000077],[120.60256344800007,18.211246750000043],[120.60273441200002,18.211638024000024],[120.60300980600005,18.21235180000002],[120.6030210460001,18.21238177400005],[120.6034088450001,18.213363449000042],[120.60371796100003,18.21415965500006],[120.60390905000008,18.21462801100006],[120.6041039160001,18.215145939000024],[120.60433244400008,18.215750193000076],[120.60448981200011,18.216175461000034],[120.60458519400004,18.216434202000073],[120.60475692800003,18.21643952100004],[120.60579855900005,18.216378961000032],[120.60675540700004,18.21665753700006],[120.60711876700009,18.216633313000045],[120.60763958200005,18.216911889000073],[120.60776070200006,18.21726313700003],[120.60794238200003,18.217590161000032],[120.60828151800001,18.217856625000024],[120.60865850400012,18.21808523900006],[120.60923079600002,18.218276003000028],[120.61051163900004,18.218276003000028],[120.61138370300012,18.218221499000038],[120.61269179800001,18.218112491000056],[120.61345485400011,18.217948979000028],[120.61383186300009,18.217752934000032],[120.61413615400011,18.21759470300003],[120.61465394100003,18.21726767900003],[120.61503546900008,18.217131419000054],[120.6155805090001,18.216967907000026],[120.61609829700001,18.21688615100004],[120.61688860400011,18.216995159000078],[120.61754265200011,18.21726767900003],[120.61801047800009,18.220254800000077],[120.6188583180001,18.22031536000003],[120.61959714900001,18.22047281600004],[120.62038442900007,18.220993631000056],[120.62096580500008,18.221284319000063],[120.62145028400005,18.221538671000076],[120.62164407600005,18.22201103900005],[120.62238587500008,18.221699367000042]]]},"properties":{"brgy_name":"Bgy. No. 55-B, Salet-Bulangon","name":"Bgy. No. 55-B, Salet-Bulangon","brgy_code":"102812050","psgc_code":"102812050","adm4_pcode":"PH0102812050","adm3_pcode":"PH0102812","city_name":"Laoag City","prov_name":"Ilocos Norte","reg_name":"Region I","shape_sqkm":4.10324215157,"boundary_source":"altcoder/philippines-psgc-shapefiles; sourced from PSA/NAMRIA/OCHA public administrative boundaries","boundary_granularity":"barangay"}},{"type":"Feature","geometry":{"type":"Polygon","coordinates":[[[120.59310371700008,18.203158039000073],[120.5925184030001,18.202160019000075],[120.59186363700007,18.20103494500006],[120.59124747900012,18.199930007000034],[120.59071290500003,18.198902786000076],[120.59025694500008,18.198132370000053],[120.5897983640001,18.197304304000056],[120.58935288600003,18.196546991000048],[120.58904367100001,18.195936423000035],[120.588703011,18.195194833000073],[120.58843310400005,18.194652397000027],[120.58800548500005,18.193784915000037],[120.58706532400004,18.194300749000035],[120.58732202800002,18.194885618000058],[120.58764172500003,18.195642932000055],[120.5879666620001,18.196442172000047],[120.58824967200007,18.197047499000064],[120.5886348790001,18.197849360000077],[120.5892611700001,18.197558489000073],[120.58974071400007,18.19836035000003],[120.59022025800004,18.199117664000028],[120.590754833,18.200137023000025],[120.5913916720001,18.201219495000032],[120.59203099700005,18.202380138000024],[120.59254238100004,18.203371553000068],[120.59310371700008,18.203158039000073]]]},"properties":{"brgy_name":"Bgy. No. 6, San Agustin","name":"Bgy. No. 6, San Agustin","brgy_code":"102812053","psgc_code":"102812053","adm4_pcode":"PH0102812053","adm3_pcode":"PH0102812","city_name":"Laoag City","prov_name":"Ilocos Norte","reg_name":"Region I","shape_sqkm":0.0959341617249,"boundary_source":"altcoder/philippines-psgc-shapefiles; sourced from PSA/NAMRIA/OCHA public administrative boundaries","boundary_granularity":"barangay"}},{"type":"Feature","geometry":{"type":"Polygon","coordinates":[[[120.60112399800005,18.193326444000036],[120.60176863200002,18.193103705000055],[120.60153803100002,18.19239618000006],[120.60134196700005,18.191813873000058],[120.60115020300009,18.191243177000047],[120.60084565500006,18.190325291000022],[120.60067686600007,18.18985704000005],[120.60056116500004,18.189511296000035],[120.59892174900006,18.185670265000056],[120.5986613230001,18.18610131400004],[120.59830211500002,18.18664910700005],[120.59795188600003,18.187134038000067],[120.59761961900006,18.187601009000048],[120.59732759000008,18.18800751300006],[120.59898705600006,18.190285379000045],[120.5990924350001,18.19050224600005],[120.59932111600006,18.191057614000044],[120.59967488300003,18.191751547000024],[120.60015180700009,18.192799731000036],[120.60047150300011,18.193541322000044],[120.60112399800005,18.193326444000036]]]},"properties":{"brgy_name":"Bgy. No. 22, San Andres","name":"Bgy. No. 22, San Andres","brgy_code":"102812054","psgc_code":"102812054","adm4_pcode":"PH0102812054","adm3_pcode":"PH0102812","city_name":"Laoag City","prov_name":"Ilocos Norte","reg_name":"Region I","shape_sqkm":0.153185829007,"boundary_source":"altcoder/philippines-psgc-shapefiles; sourced from PSA/NAMRIA/OCHA public administrative boundaries","boundary_granularity":"barangay"}},{"type":"Feature","geometry":{"type":"Polygon","coordinates":[[[120.61548498600007,18.200586567000073],[120.6154849610001,18.20050165500004],[120.61547749600004,18.200445048000063],[120.61542905400006,18.20035307200004],[120.61536198700003,18.20025402500005],[120.61535079900011,18.20020095800004],[120.61538803000008,18.20015849200007],[120.6154933250001,18.20010397300007],[120.61601502200006,18.199855717000048],[120.61628486500001,18.199744182000074],[120.61639280200006,18.199704605000022],[120.6164647600001,18.199704605000022],[120.61654391400009,18.199722594000036],[120.61659788300005,18.199711801000035],[120.61686053000005,18.19958947200007],[120.61690370500003,18.199474339000062],[120.61691449900002,18.199236877000033],[120.6169001070001,18.199172115000067],[120.6167166140001,18.198841107000078],[120.61668423300011,18.198790736000035],[120.61671301600006,18.198733170000025],[120.61708000300007,18.198535285000048],[120.61746497900003,18.198355390000074],[120.6176772550001,18.19827983400006],[120.61793630400007,18.19821147300007],[120.61818456000003,18.198117928000045],[120.61834286800001,18.198053165000033],[120.61847958800001,18.197984805000033],[120.6186486900001,18.197880466000072],[120.61891853300006,18.197707766000065],[120.61914520100004,18.197578242000077],[120.61926033400005,18.197517077000043],[120.61939345700011,18.197394748000022],[120.61947620900003,18.19734797600006],[120.61956255900009,18.197333584000035],[120.61981081400006,18.197308399000065],[120.6200086990001,18.197286811000026],[120.62013822400002,18.197261626000056],[120.62024256300003,18.19722204900006],[120.62042965400008,18.19715728700004],[120.62062394100008,18.197067339000057],[120.62101611300011,18.19688384600005],[120.62127156400004,18.196718342000054],[120.62155579900002,18.19651685900004],[120.62169162800001,18.196437799000023],[120.6218148480001,18.196387334000065],[120.62190839400012,18.19630458300003],[120.6220091350001,18.19621103700007],[120.62207389800005,18.196146275000046],[120.62233294700002,18.196023946000025],[120.62267834600004,18.195829659000026],[120.62291940600005,18.195728917000054],[120.62301295200007,18.195714526000074],[120.62302991900003,18.195710105000046],[120.62269760100003,18.195070102000045],[120.62053507900009,18.192805574000033],[120.6197802370001,18.19207113300007],[120.61912740000002,18.191785517000028],[120.61871937700005,18.191091878000066],[120.61822975000007,18.190153425000062],[120.61739330300009,18.189745402000028],[120.6170431270001,18.188385838000045],[120.61675809300004,18.188138949000063],[120.61650808500008,18.18824167200006],[120.61629571200001,18.188603675000024],[120.61621353600003,18.188709028000062],[120.61610186200005,18.188814381000043],[120.61598386600008,18.18890287800002],[120.6158820490001,18.188954058000036],[120.61570935000009,18.189033212000027],[120.61493220200009,18.18935702400006],[120.61474337400011,18.189447679000068],[120.61451844200008,18.18955131100006],[120.61374489200011,18.18995067800006],[120.61364774900005,18.190001049000045],[120.61339229700002,18.190134172000057],[120.61273526200011,18.190443936000065],[120.612955381,18.190907758000037],[120.612483698,18.191175045000023],[120.61206714500008,18.191393009000024],[120.6120329790001,18.191410887000075],[120.61149316400008,18.191651969000077],[120.6109795530001,18.191864227000053],[120.61041091300001,18.19203717700003],[120.60983965200012,18.192202266000038],[120.60919239900011,18.19237259600004],[120.60856086700005,18.192574372000024],[120.60818352100011,18.191615283000033],[120.60791361300005,18.191586458000074],[120.60753105800006,18.191482827000073],[120.60682350100001,18.191306068000074],[120.60671082200008,18.19126938200003],[120.6065693170001,18.191245798000068],[120.60638588400002,18.191211732000056],[120.60628630700012,18.191196009000066],[120.60611859700009,18.19118290700004],[120.60619983200002,18.19138206200006],[120.60634919800009,18.19171748100007],[120.60691783800007,18.19159693900008],[120.6075126830001,18.19295433800005],[120.60795050800004,18.193956142000047],[120.60797650400002,18.194015625000077],[120.6086455620001,18.19482730900006],[120.61344866400009,18.200083127000028],[120.61414932700006,18.20045271200007],[120.61534978300006,18.201037470000074],[120.61548498600007,18.200586567000073]]]},"properties":{"brgy_name":"Bgy. No. 28, San Bernardo","name":"Bgy. No. 28, San Bernardo","brgy_code":"102812055","psgc_code":"102812055","adm4_pcode":"PH0102812055","adm3_pcode":"PH0102812","city_name":"Laoag City","prov_name":"Ilocos Norte","reg_name":"Region I","shape_sqkm":1.16991337428,"boundary_source":"altcoder/philippines-psgc-shapefiles; sourced from PSA/NAMRIA/OCHA public administrative boundaries","boundary_granularity":"barangay"}},{"type":"Feature","geometry":{"type":"Polygon","coordinates":[[[120.59903509200001,18.199160781000046],[120.59914304300003,18.199111690000052],[120.59915730600005,18.199102913000047],[120.59916718000011,18.199087553000027],[120.5991682770001,18.199065611000037],[120.59916718000011,18.199038183000027],[120.59916601300006,18.198879102000035],[120.59916059700004,18.19880669300005],[120.59912634000011,18.19837922000005],[120.59911047100002,18.198272102000033],[120.59883371500007,18.197613519000072],[120.598388236,18.196735664000073],[120.59775670500005,18.195538113000055],[120.59736363600007,18.194856793000042],[120.59693650100007,18.194117823000056],[120.59641369500002,18.193279421000057],[120.59608560700008,18.192641817000037],[120.59600082100008,18.192504599000074],[120.59482430800006,18.190868674000058],[120.59461839800008,18.190995572000077],[120.59425204100012,18.191202073000056],[120.5954471550001,18.19276455200003],[120.59552847700002,18.192908001000035],[120.5958627550001,18.193542510000043],[120.59633117400006,18.194406074000028],[120.59672162300001,18.195124080000028],[120.59707800600006,18.19582898500005],[120.59776980800007,18.19705012000003],[120.59821266600011,18.197988245000033],[120.59870793300001,18.19929585500006],[120.59903509200001,18.199160781000046]]]},"properties":{"brgy_name":"Bgy. No. 17, San Francisco","name":"Bgy. No. 17, San Francisco","brgy_code":"102812056","psgc_code":"102812056","adm4_pcode":"PH0102812056","adm3_pcode":"PH0102812","city_name":"Laoag City","prov_name":"Ilocos Norte","reg_name":"Region I","shape_sqkm":0.0729059307427,"boundary_source":"altcoder/philippines-psgc-shapefiles; sourced from PSA/NAMRIA/OCHA public administrative boundaries","boundary_granularity":"barangay"}},{"type":"Feature","geometry":{"type":"Polygon","coordinates":[[[120.59150063700008,18.203802026000062],[120.59100901700003,18.202815134000048],[120.59040236100009,18.201646079000056],[120.58976429800009,18.200545815000055],[120.58921400100007,18.199578865000035],[120.58876590200009,18.19876914200006],[120.5883387670001,18.19796990100002],[120.58802431200002,18.198100925000062],[120.58801536600004,18.19808105900006],[120.58766792900008,18.197309545000053],[120.5873849190001,18.196709460000022],[120.58697874800009,18.195912839000073],[120.58660402200007,18.195124080000028],[120.58635808100007,18.194686064000052],[120.58572457200012,18.19498444000004],[120.5860249000001,18.195498806000046],[120.58639919100005,18.196129752000047],[120.58677959300007,18.197005572000023],[120.58705736200011,18.19757159100004],[120.58741967300011,18.19839091500006],[120.58777012700011,18.19919103600006],[120.58825854100007,18.20003218000005],[120.58878686600008,18.200959848000025],[120.58935859300004,18.202087789000075],[120.58996083300008,18.203221306000046],[120.59048492500006,18.20302477100006],[120.5909737390001,18.204008653000074],[120.59150063700008,18.203802026000062]]]},"properties":{"brgy_name":"Bgy. No. 4, San Guillermo","name":"Bgy. No. 4, San Guillermo","brgy_code":"102812057","psgc_code":"102812057","adm4_pcode":"PH0102812057","adm3_pcode":"PH0102812","city_name":"Laoag City","prov_name":"Ilocos Norte","reg_name":"Region I","shape_sqkm":0.106358379614,"boundary_source":"altcoder/philippines-psgc-shapefiles; sourced from PSA/NAMRIA/OCHA public administrative boundaries","boundary_granularity":"barangay"}},{"type":"Feature","geometry":{"type":"Polygon","coordinates":[[[120.60005682400003,18.203546939000034],[120.60012101600012,18.203519706000066],[120.6005207820001,18.203296946000023],[120.60059565300003,18.203239592000045],[120.60065012000007,18.203189016000067],[120.60067540800003,18.20312871400006],[120.60072177900008,18.202814622000062],[120.60023337400003,18.20268774500005],[120.5996505820001,18.201939236000044],[120.59898397400002,18.200838652000073],[120.59825197200007,18.199529076000033],[120.59747107500004,18.19838393400005],[120.59688147100007,18.19750870000007],[120.59665470200002,18.19718505800006],[120.596503944,18.196891476000076],[120.59618704900004,18.19624563800005],[120.5958752140001,18.195517150000057],[120.5954795240001,18.194788661000075],[120.5957651550001,18.194657638000024],[120.59530645000007,18.193792909000024],[120.59503314900007,18.193152963000045],[120.59453183400001,18.193415609000056],[120.5943708850001,18.193502273000036],[120.59465564000004,18.194096545000036],[120.59512052100001,18.194943269000078],[120.59552931300004,18.19568748000006],[120.5958752140001,18.19638976300007],[120.59617862400012,18.196994627000038],[120.59632703200009,18.197300690000077],[120.59642763600004,18.197460269000032],[120.59656701600011,18.197673789000078],[120.59709634900003,18.198596192000025],[120.5977560230001,18.199799806000044],[120.59838029600007,18.20105475500003],[120.59783202900007,18.201245018000066],[120.5983532570001,18.202108646000056],[120.5986809320001,18.202660343000048],[120.59884644100009,18.202941207000038],[120.5988776480001,18.202994705000037],[120.59888311100008,18.20301743400006],[120.59887987700006,18.203039287000024],[120.59899679000011,18.203209634000075],[120.59902589400008,18.20323873800004],[120.59906822700009,18.20325196700003],[120.5991317270001,18.20325990500004],[120.59943070400004,18.20325461300007],[120.59974543900012,18.203232841000045],[120.59976031400004,18.20326754900003],[120.59983964700007,18.203272508000055],[120.59998290500005,18.203572227000052],[120.60005682400003,18.203546939000034]]]},"properties":{"brgy_name":"Bgy. No. 15, San Guillermo","name":"Bgy. No. 15, San Guillermo","brgy_code":"102812058","psgc_code":"102812058","adm4_pcode":"PH0102812058","adm3_pcode":"PH0102812","city_name":"Laoag City","prov_name":"Ilocos Norte","reg_name":"Region I","shape_sqkm":0.0907669714676,"boundary_source":"altcoder/philippines-psgc-shapefiles; sourced from PSA/NAMRIA/OCHA public administrative boundaries","boundary_granularity":"barangay"}},{"type":"Feature","geometry":{"type":"Polygon","coordinates":[[[120.60028004900005,18.21001273400003],[120.600347123,18.209983389000058],[120.60039044200005,18.20993448100006],[120.60040721100006,18.209879983000064],[120.60041140300007,18.209817101000056],[120.60043604400005,18.209478013000023],[120.600457516,18.209367146000034],[120.60048070500011,18.20926428000007],[120.60052536500007,18.209149438000054],[120.60056092200011,18.209087671000077],[120.60061542000005,18.209021994000068],[120.60069443800012,18.208970795000027],[120.60081566000008,18.208903804000045],[120.6010198240001,18.208817672000066],[120.60118251600011,18.20876663200005],[120.60127821800006,18.208750681000026],[120.60137710900005,18.208753871000056],[120.60146962100009,18.20877301200005],[120.60157681500004,18.208815182000023],[120.60171375800007,18.208879461000038],[120.60178921600004,18.208908806000068],[120.60186048300011,18.208928370000024],[120.60195450900005,18.208942085000047],[120.60190970000008,18.208803274000047],[120.60187489900011,18.208718759000078],[120.60172824100005,18.208442842000068],[120.60156666800003,18.20814704000003],[120.60145729600004,18.207948181000063],[120.60134792400004,18.20777666600003],[120.60080106200007,18.206971288000034],[120.60012742900005,18.205969537000044],[120.59981174000006,18.205487305000077],[120.59946167400005,18.204931230000057],[120.5992819810001,18.204668602000027],[120.59919527800002,18.204545212000028],[120.5988890860001,18.204078649000053],[120.59877454100001,18.203905485000064],[120.59848649800006,18.203890958000045],[120.598332002,18.203878083000063],[120.5981732140001,18.20384804200006],[120.59804214000008,18.20381324500005],[120.59793469200008,18.20377152900005],[120.59787280500007,18.20373646200005],[120.59777982600008,18.203667609000036],[120.59762267600001,18.20355392600004],[120.5974354330001,18.203430212000058],[120.59718466100003,18.203269718000058],[120.5971144450001,18.203253000000075],[120.59694057700005,18.203239625000037],[120.5964724700001,18.20321956400005],[120.59644841400006,18.203169564000063],[120.59605158700003,18.203130659000067],[120.59581621300003,18.20311315200007],[120.5957617470001,18.20311898800003],[120.5954871670001,18.203219628000056],[120.59538437100002,18.203262935000055],[120.59525404100009,18.203332963000037],[120.59509842200009,18.20343411500005],[120.59503937000011,18.203491030000066],[120.59499913900004,18.203533089000075],[120.59496530900003,18.203580635000037],[120.59491044800006,18.203623609000033],[120.59484827300003,18.203655611000045],[120.59477745800007,18.20368310500004],[120.59467791300006,18.20371500300007],[120.59469550500012,18.203748328000074],[120.59476683000003,18.20391006500006],[120.59527857100011,18.205157434000057],[120.59541949800007,18.20547261200005],[120.59552963200008,18.20588738300006],[120.59585504200004,18.206394545000023],[120.5958201200001,18.20650883600007],[120.59639269500008,18.207194553000022],[120.59650639000006,18.207294382000043],[120.59656462400005,18.20739698500006],[120.59659512700011,18.20750513400003],[120.59665613400011,18.20779907700006],[120.59672546000002,18.208004282000047],[120.59680310600004,18.208165119000057],[120.5968946160001,18.20831209100004],[120.59692372100005,18.208348580000063],[120.59696394200012,18.20838419000006],[120.5970019770001,18.208404763000033],[120.59704436100003,18.208420239000077],[120.59708023300004,18.208425832000046],[120.59711923300006,18.208425786000078],[120.59716049500003,18.208418809000023],[120.59719687800009,18.20840637400005],[120.59730780000007,18.20834536700005],[120.59765165800002,18.20812352300004],[120.59775148800009,18.208065289000047],[120.59783745200002,18.20803478600004],[120.59792146600012,18.208028838000075],[120.59798954100006,18.208032329000048],[120.59806634300003,18.208051530000034],[120.59813616400004,18.208079458000043],[120.59820773000001,18.20814404200007],[120.59824509000009,18.20821226100003],[120.59828668600005,18.208300998000027],[120.59841020900001,18.208620566000036],[120.59845035600006,18.208693878000076],[120.59851144900006,18.208751479000057],[120.59857603300009,18.208788135000077],[120.59867378100012,18.208796863000032],[120.59875582000006,18.208777662000045],[120.59881865900002,18.208741006000025],[120.59884857100008,18.208716088000074],[120.59927805500001,18.208358305000047],[120.59934504600005,18.208291314000064],[120.59941203700009,18.208233893000056],[120.59949178900001,18.20820837200006],[120.59957792000012,18.20820518200003],[120.59968319200004,18.20823708300003],[120.59976932300003,18.208297694000066],[120.59983312400004,18.20836468500005],[120.59987140500004,18.208447626000066],[120.59988735500008,18.20854651800005],[120.59987459500007,18.208661360000065],[120.59969734300012,18.20932662200005],[120.59967358800009,18.209414657000025],[120.59965821700007,18.209471949000033],[120.59965681900007,18.209534831000042],[120.59967778000009,18.209587931000044],[120.59971131700001,18.209622866000075],[120.59975656300003,18.20965665600005],[120.5998267440001,18.20971088700003],[120.59987140500004,18.209765118000064],[120.59993520600005,18.209854439000026],[120.59999900700006,18.209924621000027],[120.60005961800005,18.209969281000042],[120.60012022900003,18.210001182000042],[120.60020319400007,18.210018324000032],[120.60028004900005,18.21001273400003]]]},"properties":{"brgy_name":"Bgy. No. 12, San Isidro","name":"Bgy. No. 12, San Isidro","brgy_code":"102812059","psgc_code":"102812059","adm4_pcode":"PH0102812059","adm3_pcode":"PH0102812","city_name":"Laoag City","prov_name":"Ilocos Norte","reg_name":"Region I","shape_sqkm":0.275391211702,"boundary_source":"altcoder/philippines-psgc-shapefiles; sourced from PSA/NAMRIA/OCHA public administrative boundaries","boundary_granularity":"barangay"}},{"type":"Feature","geometry":{"type":"Polygon","coordinates":[[[120.60079795800004,18.202298099000075],[120.6003124,18.20171574400007],[120.60018538500003,18.201536563000047],[120.60006435500009,18.201371935000054],[120.60001983400002,18.201301692000072],[120.60000228800004,18.201272601000028],[120.59999124100011,18.20124977100005],[120.59998314000006,18.201219577000074],[120.59997577500008,18.201156242000025],[120.59996767400003,18.201131202000056],[120.59995368200009,18.201102481000078],[120.59993821600006,18.201075968000055],[120.59990731900007,18.201025320000042],[120.59962522600006,18.200598444000036],[120.59952329000009,18.200637208000046],[120.59933167200006,18.200359708000065],[120.59914223100009,18.200036081000064],[120.59892911100007,18.199672986000053],[120.59881465700005,18.199451973000066],[120.59870793300001,18.19929585500006],[120.59821266600011,18.197988245000033],[120.59776980800007,18.19705012000003],[120.59707800600006,18.19582898500005],[120.59672162300001,18.195124080000028],[120.59633117400006,18.194406074000028],[120.5958627550001,18.193542510000043],[120.59552847700002,18.192908001000035],[120.5954471550001,18.19276455200003],[120.59425204100012,18.191202073000056],[120.59390492400007,18.191385624000077],[120.59347076300003,18.191534340000032],[120.59285112700002,18.19182932800004],[120.59377288500002,18.193309030000023],[120.59386272400002,18.193322642000055],[120.59394984000005,18.19334169900003],[120.5940560140001,18.193379813000035],[120.59415129700005,18.193417926000052],[120.5943708850001,18.193502273000036],[120.59453183400001,18.193415609000056],[120.59503314900007,18.193152963000045],[120.59530645000007,18.193792909000024],[120.5957651550001,18.194657638000024],[120.5954795240001,18.194788661000075],[120.5958752140001,18.195517150000057],[120.59618704900004,18.19624563800005],[120.596503944,18.196891476000076],[120.59665470200002,18.19718505800006],[120.59688147100007,18.19750870000007],[120.59747107500004,18.19838393400005],[120.59825197200007,18.199529076000033],[120.59898397400002,18.200838652000073],[120.5996505820001,18.201939236000044],[120.60023337400003,18.20268774500005],[120.60072177900008,18.202814622000062],[120.60079795800004,18.202298099000075]]]},"properties":{"brgy_name":"Bgy. No. 16, San Jacinto","name":"Bgy. No. 16, San Jacinto","brgy_code":"102812060","psgc_code":"102812060","adm4_pcode":"PH0102812060","adm3_pcode":"PH0102812","city_name":"Laoag City","prov_name":"Ilocos Norte","reg_name":"Region I","shape_sqkm":0.136288231684,"boundary_source":"altcoder/philippines-psgc-shapefiles; sourced from PSA/NAMRIA/OCHA public administrative boundaries","boundary_granularity":"barangay"}},{"type":"Feature","geometry":{"type":"Polygon","coordinates":[[[120.59638296800006,18.203024034000066],[120.59592589600004,18.202026757000056],[120.59537994700008,18.200855029000024],[120.59490040200001,18.199772779000057],[120.5943841720001,18.19863287800007],[120.59392821100005,18.197597796000025],[120.59352466000007,18.196646568000062],[120.59386007900002,18.19647623800006],[120.5935063170001,18.19565341400005],[120.59317139900008,18.195808399000043],[120.59306118500001,18.195856477000063],[120.5929830990001,18.19564429600007],[120.59297134600001,18.19561344400006],[120.59295349500007,18.195569961000047],[120.59279396500006,18.195178784000063],[120.59276431400008,18.19511858800007],[120.59274470600008,18.195081552000033],[120.59270856400008,18.195030022000026],[120.5926101550001,18.194914136000023],[120.59254365600009,18.194847637000066],[120.5924929900001,18.194765304000043],[120.5924264900001,18.194679805000078],[120.5923029920001,18.194511974000022],[120.5922808250001,18.19446130800003],[120.59206120700003,18.19398588300004],[120.59134975600011,18.19240247600004],[120.5910012060001,18.19254012300007],[120.59066206700004,18.192684920000033],[120.59028278900007,18.192800550000072],[120.59091206000005,18.194167612000058],[120.5910156860001,18.19442508700007],[120.591226516,18.19491182300004],[120.59152524800004,18.195564318000038],[120.59193404000007,18.195359922000023],[120.59230352500003,18.19617488500006],[120.5926939740001,18.197026535000077],[120.59310395500006,18.197919011000067],[120.59355610600005,18.198981400000037],[120.5940644750001,18.20011081800004],[120.59459904900007,18.201206171000024],[120.59515505700006,18.202326699000025],[120.59524904800003,18.202289864000022],[120.59538350100001,18.20223854900007],[120.5957617470001,18.20311898800003],[120.59581621300003,18.20311315200007],[120.59605158700003,18.203130659000067],[120.59644841400006,18.203169564000063],[120.59638296800006,18.203024034000066]]]},"properties":{"brgy_name":"Bgy. No. 10, San Jose","name":"Bgy. No. 10, San Jose","brgy_code":"102812061","psgc_code":"102812061","adm4_pcode":"PH0102812061","adm3_pcode":"PH0102812","city_name":"Laoag City","prov_name":"Ilocos Norte","reg_name":"Region I","shape_sqkm":0.13099251308,"boundary_source":"altcoder/philippines-psgc-shapefiles; sourced from PSA/NAMRIA/OCHA public administrative boundaries","boundary_granularity":"barangay"}},{"type":"Feature","geometry":{"type":"Polygon","coordinates":[[[120.58271490100003,18.210453761000053],[120.58332831400003,18.209863941000037],[120.5837765770001,18.209533641000064],[120.58401250500003,18.20922693500006],[120.58441358300001,18.20877867100006],[120.58481466,18.20837759400007],[120.5851449600001,18.208165258000065],[120.58542807300012,18.207882145000042],[120.58560707800007,18.207445800000073],[120.58550118800008,18.20721889400005],[120.58545883300008,18.207103928000038],[120.58543160400006,18.206988962000025],[120.58542857900011,18.206759031000047],[120.58543462900002,18.20658960800006],[120.58544673100005,18.206501871000057],[120.58545883300008,18.206450438000047],[120.58540740100011,18.206296142000042],[120.58658428700005,18.203425023000023],[120.58700725000006,18.203197674000023],[120.58732853900005,18.203025668000066],[120.58782168200003,18.20278363500006],[120.58718052300003,18.201630686000044],[120.58672194300004,18.200600845000054],[120.58638128300004,18.199746574000073],[120.58616902500012,18.198939472000063],[120.5858493290001,18.198093063000044],[120.58574370600002,18.19780026500007],[120.58567113800007,18.197589935000053],[120.58540385100002,18.197705235000058],[120.58489600900009,18.196689224000067],[120.58483302400009,18.196540382000023],[120.58408881500009,18.195879638000065],[120.58324018600001,18.19630395300004],[120.58231315900002,18.196779399000036],[120.58176518700009,18.19703135000003],[120.58077511900001,18.197455665000064],[120.57974464000006,18.197920390000036],[120.5789299170001,18.198276900000053],[120.57806758600009,18.198587171000042],[120.57723916200007,18.19889025300006],[120.57655217600006,18.19917312900003],[120.57560213700003,18.19956641500005],[120.57648109700006,18.200508899000056],[120.5767300660001,18.20130711300004],[120.57699066100008,18.201819645000057],[120.5770683610001,18.202021665000075],[120.57710565700006,18.202127337000036],[120.57714606100001,18.202223685000035],[120.5772051130001,18.202329357000053],[120.57727970500002,18.202388409000037],[120.5773449730001,18.202450569000064],[120.57748794100007,18.20257488900006],[120.57763401700004,18.202702317000046],[120.57772414900012,18.202848393000068],[120.57782049700006,18.202969605000078],[120.57826804900003,18.203678229000047],[120.57833642500009,18.20373728100003],[120.57839236900008,18.203759037000054],[120.57847317700009,18.203780793000078],[120.57841663900001,18.203821508000033],[120.57836315100008,18.203895053000053],[120.5782728910001,18.204072232000044],[120.57837652300009,18.204219323000075],[120.57892143000004,18.20507178400004],[120.57938610500003,18.20589081600002],[120.57942287800006,18.205981077000047],[120.57943959300007,18.206067994000023],[120.5797070320001,18.206542698000078],[120.57985078000002,18.206783393000023],[120.57990761100007,18.206816823000054],[120.5799410410001,18.20687365400005],[120.58002127200007,18.20704080300004],[120.58024885800012,18.207382729000074],[120.5797757790001,18.20766714000007],[120.57990417000008,18.20824148400004],[120.57994652600007,18.208395781000036],[120.57998888200007,18.208528899000044],[120.58001611000009,18.208607560000075],[120.58004636400005,18.20879513500006],[120.58007186200007,18.20913076100004],[120.58007186200007,18.20918061200007],[120.58006535900006,18.20921312300004],[120.58004939000011,18.209248948000038],[120.58001550900008,18.20927706200007],[120.57997678000004,18.209294329000045],[120.57987996700001,18.209321558000056],[120.57964704900007,18.209365925000043],[120.57959936600002,18.209374595000043],[120.57956577100003,18.209376763000023],[120.57953542700011,18.20937026000007],[120.57949346400005,18.209352093000064],[120.57946319900009,18.20939714000008],[120.5794526410001,18.209407698000064],[120.5794647560001,18.20941478700007],[120.5794845470001,18.209430412000074],[120.57950017200005,18.209452287000033],[120.57954079700005,18.209532495000076],[120.5796262130001,18.20971895200006],[120.57966475400008,18.209774160000052],[120.57970017100001,18.209805410000058],[120.57973558700007,18.20983249300002],[120.5797887120001,18.209857493000072],[120.57984496200004,18.209878326000023],[120.58030225100003,18.21005957500006],[120.58044079100011,18.21010749100003],[120.58049391600002,18.210123116000034],[120.58055433200002,18.21013769900003],[120.58099391300004,18.210223115000076],[120.58121536700003,18.210274594000055],[120.5812520610001,18.21028633700007],[120.5817599070001,18.21041990300006],[120.58188173100007,18.21046246800006],[120.58195952300002,18.21049182300004],[120.58203584600005,18.21052998500005],[120.58229123700005,18.210741343000052],[120.58271490100003,18.210453761000053]]]},"properties":{"brgy_name":"Bgy. No. 1, San Lorenzo","name":"Bgy. No. 1, San Lorenzo","brgy_code":"102812062","psgc_code":"102812062","adm4_pcode":"PH0102812062","adm3_pcode":"PH0102812","city_name":"Laoag City","prov_name":"Ilocos Norte","reg_name":"Region I","shape_sqkm":1.15882542169,"boundary_source":"altcoder/philippines-psgc-shapefiles; sourced from PSA/NAMRIA/OCHA public administrative boundaries","boundary_granularity":"barangay"}},{"type":"Feature","geometry":{"type":"Polygon","coordinates":[[[120.60632561400007,18.194681222000042],[120.60581724400004,18.193460087000062],[120.60524598400002,18.191982147000033],[120.60505731100011,18.19148688000007],[120.60492628700001,18.19118290700004],[120.60555781900007,18.19114884100003],[120.60547309600008,18.190934924000032],[120.60543596900004,18.19078641400006],[120.60542668700009,18.190688954000052],[120.60540812300007,18.190480112000046],[120.60535707300005,18.18996960900006],[120.60533103600005,18.189651602000026],[120.60531994500002,18.189459106000072],[120.60522712700003,18.189138882000066],[120.60519071800002,18.188975196000058],[120.6051871200001,18.18880609400003],[120.60518558900003,18.188729567000053],[120.60518352200006,18.188626199000055],[120.60521230500001,18.188413922000052],[120.60524828400003,18.18825561400007],[120.6054497670001,18.187701537000066],[120.60549294200007,18.187546827000062],[120.60552892100009,18.18740291000006],[120.60555050900007,18.18722301500003],[120.60553971500008,18.186978357000044],[120.60552532300005,18.18687761600006],[120.60550373600006,18.18661496900006],[120.60551093200002,18.186381105000066],[120.60552892100009,18.186255178000067],[120.60554691100003,18.18616523000003],[120.6055970540001,18.186061493000068],[120.60567643500008,18.18590258300003],[120.60581315600007,18.18575147100006],[120.60588871200002,18.185690306000026],[120.60624130700012,18.185467236000022],[120.60647631200004,18.185282263000033],[120.60638349300007,18.18526679400003],[120.60630305000007,18.185232760000076],[120.60623498300004,18.185170881000033],[120.60618548000002,18.18511209600007],[120.60610194300011,18.18506878000005],[120.60603078200006,18.185053310000058],[120.6059565270001,18.18503474700003],[120.6058760840001,18.184972868000045],[120.60581729900002,18.184892425000044],[120.60573324100005,18.184736762000057],[120.60566260100006,18.184536619000028],[120.60561928600009,18.184313855000028],[120.6055079030001,18.183784788000025],[120.60544911800002,18.18336400900006],[120.60535939300007,18.18290919800006],[120.60535939300007,18.182751406000023],[120.60535629900005,18.18242344600003],[120.60530679600004,18.181569514000046],[120.60526038700004,18.181374595000023],[120.6052201650001,18.181266306000055],[120.60513662800008,18.181099232000065],[120.60506237300001,18.180975474000036],[120.60493552100002,18.18079911800004],[120.604790105,18.18062276300003],[120.60453717400003,18.180330384000058],[120.60425888200007,18.179512927000076],[120.60423675800007,18.178915580000023],[120.60407777300009,18.17780742900004],[120.60308404900002,18.178656868000076],[120.60223875200006,18.18007138200005],[120.6020648220001,18.18038092200004],[120.60166969200009,18.180982596000035],[120.60128354400001,18.18166509200006],[120.60079861200006,18.182428409000067],[120.60294092400011,18.18900643300003],[120.60309229600011,18.18937556900005],[120.60338209800011,18.190175504000024],[120.60372349600004,18.191185527000073],[120.60392265100006,18.191720101000044],[120.60412180600008,18.192314946000067],[120.60464589800006,18.19382695200005],[120.60520667700007,18.193646140000055],[120.60567573900005,18.194898721000072],[120.60618857400004,18.19637178100004],[120.60626804500009,18.196410659000037],[120.60721886200008,18.19687609700003],[120.60632561400007,18.194681222000042]]]},"properties":{"brgy_name":"Bgy. No. 26, San Marcelino","name":"Bgy. No. 26, San Marcelino","brgy_code":"102812063","psgc_code":"102812063","adm4_pcode":"PH0102812063","adm3_pcode":"PH0102812","city_name":"Laoag City","prov_name":"Ilocos Norte","reg_name":"Region I","shape_sqkm":0.52870203584,"boundary_source":"altcoder/philippines-psgc-shapefiles; sourced from PSA/NAMRIA/OCHA public administrative boundaries","boundary_granularity":"barangay"}},{"type":"Feature","geometry":{"type":"Polygon","coordinates":[[[120.63133132100006,18.180031149000058],[120.63317351800004,18.178588055000034],[120.63799008500007,18.17598035900005],[120.63782695100008,18.175842568000064],[120.63761849500008,18.17573060600006],[120.63744629100006,18.175657398000055],[120.63712453200003,18.175536812000075],[120.63682090000009,18.175416227000028],[120.63653014200008,18.175291867000055],[120.63644947300008,18.175235385000065],[120.63638578700011,18.17514259400002],[120.63631785500002,18.17509014500007],[120.63620746300012,18.175037693000036],[120.63606735200005,18.175017514000047],[120.63592724800003,18.175017509000043],[120.63579139300009,18.175013470000067],[120.63567252100006,18.175013466000053],[120.63557912300007,18.175009428000067],[120.63547723900001,18.17498925500007],[120.63532065100003,18.17493100400003],[120.6352170890001,18.174826805000066],[120.63518054200006,18.17471103500003],[120.63518664300011,18.174572111000032],[120.63519274300006,18.174456342000042],[120.63518056500004,18.174357936000035],[120.63515010800006,18.174294261000057],[120.635083097,18.174224794000054],[120.63494298,18.174161112000036],[120.63476630800005,18.174126371000057],[120.63467492500001,18.174126365000063],[120.63460181500011,18.174126357000034],[120.63448605500002,18.174190020000026],[120.63435810900012,18.174299991000055],[120.63422407100006,18.17433470800006],[120.63411441100004,18.174328912000078],[120.63385243200003,18.174242057000072],[120.63375494000002,18.174149424000063],[120.63365747000012,18.17398154500006],[120.63362701900007,18.173848405000058],[120.6336453020001,18.17376157700005],[120.63370012200005,18.173570538000035],[120.63373076200003,18.173412151000036],[120.63373078200004,18.17314350500004],[120.63369120700008,18.173052163000023],[120.63356116000011,18.17291245800004],[120.6334819980001,18.172842605000028],[120.63330362300007,18.172623187000056],[120.63318217000005,18.17233699800005],[120.63309623700002,18.172111210000025],[120.63305074300001,18.171986305000075],[120.6330001880001,18.17189983000003],[120.63293446600005,18.17179894000003],[120.63274739700012,18.171645192000028],[120.63264627800004,18.17154910000005],[120.63252493400012,18.171371331000046],[120.63227689700011,18.171082437000052],[120.6319164140001,18.170328699000038],[120.63163026300003,18.169204852000064],[120.631150391,18.16927277700006],[120.62977131600007,18.169300367000062],[120.62827730100003,18.169246076000036],[120.62741482600006,18.169129844000054],[120.62651716200003,18.168895381000027],[120.62603186100011,18.16874285800003],[120.62567135100005,18.16863193200004],[120.62532470800011,18.168576469000072],[120.6246175550001,18.168507141000077],[120.62389653600007,18.16849327500006],[120.62546207600008,18.171505702000047],[120.62703164600009,18.174419916000033],[120.628005099,18.17794991200003],[120.62941559300009,18.179571375000023],[120.63025851300006,18.18005669200005],[120.63082046000011,18.180133322000074],[120.63133132100006,18.180031149000058]]]},"properties":{"brgy_name":"Bgy. No. 52-A, San Mateo","name":"Bgy. No. 52-A, San Mateo","brgy_code":"102812064","psgc_code":"102812064","adm4_pcode":"PH0102812064","adm3_pcode":"PH0102812","city_name":"Laoag City","prov_name":"Ilocos Norte","reg_name":"Region I","shape_sqkm":0.910187204961,"boundary_source":"altcoder/philippines-psgc-shapefiles; sourced from PSA/NAMRIA/OCHA public administrative boundaries","boundary_granularity":"barangay"}},{"type":"Feature","geometry":{"type":"Polygon","coordinates":[[[120.6136635900001,18.208635225000023],[120.61381155100003,18.20860127900005],[120.61408075500003,18.208550097000057],[120.61440415600009,18.208482721000053],[120.61476798100011,18.208280596000066],[120.61518570700002,18.208091946000025],[120.61550910800008,18.207822445000033],[120.61575446300003,18.20750337800007],[120.61592164800004,18.20734010500007],[120.61613990000001,18.207022400000028],[120.6162652700001,18.20678853900006],[120.61637150900003,18.206528843000058],[120.61642422400007,18.206422608000025],[120.61650894200011,18.206368939000072],[120.6166548430001,18.206261605000066],[120.61707221000006,18.20561254100005],[120.617284057,18.205307145000063],[120.61736198900007,18.205176662000042],[120.61740908600007,18.204898365000076],[120.61738185500008,18.204576858000053],[120.61735012000008,18.20441872400005],[120.61734614500006,18.204347185000074],[120.61734613400006,18.204279411000073],[120.61736197900007,18.20421916500004],[120.61739368100007,18.204181509000023],[120.61745313100005,18.204155144000026],[120.61752050300004,18.204098655000053],[120.6175839010001,18.20397815900003],[120.61761955200006,18.203846371000054],[120.61763142400002,18.20372588200007],[120.61760762800009,18.203635520000034],[120.61754419400006,18.203537634000043],[120.61747680100007,18.203462339000055],[120.61740544400004,18.20337951500005],[120.61748176900005,18.203197273000058],[120.61749795900005,18.202760128000023],[120.61754113400002,18.202668381000024],[120.61760589700009,18.202609016000054],[120.61767605600005,18.202387744000077],[120.61776307000002,18.202256489000035],[120.6167482520001,18.201752174000035],[120.61547972900007,18.201102443000025],[120.61534978300006,18.201037470000074],[120.61414932700006,18.20045271200007],[120.61344866400009,18.200083127000028],[120.61337213900003,18.20004257100004],[120.61309015900008,18.19989887400004],[120.61126885300007,18.198939766000024],[120.61036541700003,18.198463297000046],[120.60983635000002,18.198187935000078],[120.60845548600003,18.197497834000046],[120.60793975400009,18.197228808000034],[120.60756184500008,18.197041515000024],[120.60751897600005,18.19702151300004],[120.60747047600012,18.19699615600007],[120.60721886200008,18.19687609700003],[120.60626804500009,18.196410659000037],[120.60618857400004,18.19637178100004],[120.60542127300005,18.196031446000063],[120.60466634700003,18.195694205000052],[120.60427394700002,18.195515327000066],[120.60391741000001,18.195354681000026],[120.60352386500006,18.194153248000077],[120.60296618200005,18.192702774000054],[120.60272772000008,18.19203717700003],[120.60256831900006,18.191609996000068],[120.60231501700002,18.19168722200004],[120.60206480400007,18.19174900300004],[120.60185783800011,18.191782982000063],[120.6016385160001,18.191804606000062],[120.60134196700005,18.191813873000058],[120.60153803100002,18.19239618000006],[120.60176863200002,18.193103705000055],[120.60112399800005,18.193326444000036],[120.6016664340001,18.194521374000033],[120.60221283800001,18.195742161000055],[120.60213549600007,18.195760853000024],[120.60198088900006,18.195810641000037],[120.60181842000009,18.195873532000064],[120.60161664500004,18.195952146000025],[120.60142011000005,18.19605434400006],[120.60123667800008,18.19614344000007],[120.60113948700007,18.196503732000053],[120.6009564950001,18.197034408000036],[120.60062772600008,18.19749970400005],[120.60030687500011,18.197775523000075],[120.59981279800002,18.198123207000037],[120.59973960200011,18.19814150700006],[120.59911047100002,18.198272102000033],[120.59912634000011,18.19837922000005],[120.59916059700004,18.19880669300005],[120.59916601300006,18.198879102000035],[120.59916718000011,18.199038183000027],[120.5991682770001,18.199065611000037],[120.59916718000011,18.199087553000027],[120.59915730600005,18.199102913000047],[120.59914304300003,18.199111690000052],[120.59903509200001,18.199160781000046],[120.59870793300001,18.19929585500006],[120.59881465700005,18.199451973000066],[120.59892911100007,18.199672986000053],[120.59914223100009,18.200036081000064],[120.59933167200006,18.200359708000065],[120.59952329000009,18.200637208000046],[120.59962522600006,18.200598444000036],[120.59990731900007,18.201025320000042],[120.59993821600006,18.201075968000055],[120.59995368200009,18.201102481000078],[120.59996767400003,18.201131202000056],[120.59997577500008,18.201156242000025],[120.59998314000006,18.201219577000074],[120.59999124100011,18.20124977100005],[120.60000228800004,18.201272601000028],[120.60001983400002,18.201301692000072],[120.60006435500009,18.201371935000054],[120.60018538500003,18.201536563000047],[120.6003124,18.20171574400007],[120.60079795800004,18.202298099000075],[120.60081352000009,18.20221250800006],[120.60083297200003,18.20215220600005],[120.60085437000009,18.20209579400006],[120.60087771200006,18.202051054000037],[120.60091078100004,18.202010204000032],[120.60095163100004,18.201979080000058],[120.60100220700008,18.201949902000024],[120.60166358700008,18.20162504800004],[120.60175695800001,18.20156474600003],[120.6017880820001,18.20152195000003],[120.60181337000006,18.201475265000056],[120.60184643900004,18.201385784000024],[120.60188339800004,18.201292413000033],[120.60191257700001,18.201202932000058],[120.6019456460001,18.201136794000035],[120.60210904500002,18.20098895600006],[120.6023837140001,18.200790191000067],[120.60241099500001,18.200846830000046],[120.60252446200002,18.201083337000057],[120.6029429140001,18.20186921000004],[120.60343615400006,18.20261946100004],[120.60349296600009,18.20265442300007],[120.60358474000009,18.202641312000026],[120.60368088300004,18.20261946100004],[120.60412663900001,18.203148251000073],[120.60448936300008,18.20316136100007],[120.6046554290001,18.203261875000067],[120.60482149500001,18.20333616700003],[120.60497008000004,18.203314317000036],[120.60511866600007,18.203323057000034],[120.60515362700005,18.20338423900006],[120.60517805900008,18.20348178000006],[120.60557304500003,18.20432966900006],[120.60577044400009,18.204265487000043],[120.60616358900006,18.205436029000055],[120.60598659800007,18.205567134000034],[120.60602592900011,18.20596700300007],[120.60648586000002,18.20722421100004],[120.60653300700005,18.207211912000048],[120.60659450300011,18.207205762000058],[120.60682744500002,18.20717611300006],[120.60748518900004,18.207017347000033],[120.607585803,18.206988873000057],[120.60765985400008,18.206963958000074],[120.6077401330001,18.20692589500004],[120.60776989200008,18.206900289000032],[120.60779480600002,18.206869838000046],[120.60781280000003,18.20684077100003],[120.60790478400008,18.206677135000064],[120.60795896500008,18.20659633400004],[120.60803265000004,18.206537386000036],[120.60813089800001,18.20650545500007],[120.60823160100006,18.20648826200005],[120.60952270700011,18.20647903500003],[120.60966975100007,18.20648768500007],[120.60975624700006,18.206522284000073],[120.60979949600005,18.20658715600007],[120.60981679500003,18.206682302000047],[120.60985571800006,18.206786097000077],[120.6099205910001,18.206837995000058],[120.60999843700006,18.206863944000077],[120.61011953200011,18.206863944000077],[120.6103885980001,18.206825293000065],[120.61071199900005,18.206865718000074],[120.61091412400003,18.20679834300006],[120.61108739300005,18.206824367000024],[120.61121118400001,18.206879688000072],[120.61134226000001,18.206962676000046],[120.6114369280001,18.207035292000057],[120.6114915490001,18.20712174600004],[120.61161482600005,18.207310394000046],[120.61195170100007,18.207782020000025],[120.61222120200011,18.207862870000042],[120.61259850200008,18.207782020000025],[120.61267441000007,18.20774650800007],[120.61271218900004,18.207685483000034],[120.61273485200002,18.207620870000028],[120.61272728400002,18.20754190300005],[120.61269704400002,18.207459349000032],[120.61268947400004,18.207358845000044],[120.61275369900011,18.20727269100007],[120.61279903800005,18.20724038000003],[120.61285949500007,18.207229605000066],[120.61293884600002,18.207229595000058],[120.61302970300005,18.207243019000032],[120.6131126680001,18.207261878000054],[120.61319202900006,18.20733365700005],[120.61324871800002,18.20740543900007],[120.61327518300004,18.207513119000055],[120.61328572900004,18.207714645000067],[120.6132722540001,18.208011096000064],[120.61327576300005,18.20821845300003],[120.6133012890001,18.208329925000044],[120.61336253400009,18.208460779000063],[120.61341867300007,18.20856740100004],[120.6135156260001,18.208640090000074],[120.6136635900001,18.208635225000023]]]},"properties":{"brgy_name":"Bgy. No. 23, San Matias","name":"Bgy. No. 23, San Matias","brgy_code":"102812065","psgc_code":"102812065","adm4_pcode":"PH0102812065","adm3_pcode":"PH0102812","city_name":"Laoag City","prov_name":"Ilocos Norte","reg_name":"Region I","shape_sqkm":1.61864468298,"boundary_source":"altcoder/philippines-psgc-shapefiles; sourced from PSA/NAMRIA/OCHA public administrative boundaries","boundary_granularity":"barangay"}},{"type":"Feature","geometry":{"type":"Polygon","coordinates":[[[120.6009564950001,18.197034408000036],[120.60113948700007,18.196503732000053],[120.60123667800008,18.19614344000007],[120.60043219600004,18.19479128200004],[120.59990548400003,18.193774543000075],[120.59951503500008,18.193001507000076],[120.5990223880001,18.191995250000048],[120.59868135400006,18.19136252100003],[120.59843633900005,18.19085615700004],[120.59835279600009,18.190722513000026],[120.59685254900012,18.18862296100008],[120.59666771700006,18.18884925800006],[120.59652850400005,18.189043027000025],[120.59794903200009,18.19109028200006],[120.5980454590001,18.191283467000062],[120.5981035860001,18.191405329000077],[120.59819676900008,18.191593925000063],[120.5985192600001,18.192223230000025],[120.59799778800004,18.192477414000052],[120.59847733200002,18.19342602100005],[120.59887826300007,18.194220021000035],[120.59930277700005,18.195090014000073],[120.59960881200004,18.195871416000045],[120.60018141900002,18.196782633000055],[120.60062772600008,18.19749970400005],[120.6009564950001,18.197034408000036]]]},"properties":{"brgy_name":"Bgy. No. 20, San Miguel","name":"Bgy. No. 20, San Miguel","brgy_code":"102812066","psgc_code":"102812066","adm4_pcode":"PH0102812066","adm3_pcode":"PH0102812","city_name":"Laoag City","prov_name":"Ilocos Norte","reg_name":"Region I","shape_sqkm":0.0962961344558,"boundary_source":"altcoder/philippines-psgc-shapefiles; sourced from PSA/NAMRIA/OCHA public administrative boundaries","boundary_granularity":"barangay"}},{"type":"Feature","geometry":{"type":"Polygon","coordinates":[[[120.60142011000005,18.19605434400006],[120.60161664500004,18.195952146000025],[120.60181842000009,18.195873532000064],[120.60198088900006,18.195810641000037],[120.60213549600007,18.195760853000024],[120.60221283800001,18.195742161000055],[120.6016664340001,18.194521374000033],[120.60112399800005,18.193326444000036],[120.60047150300011,18.193541322000044],[120.60015180700009,18.192799731000036],[120.59967488300003,18.191751547000024],[120.59932111600006,18.191057614000044],[120.5990924350001,18.19050224600005],[120.59898705600006,18.190285379000045],[120.59732759000008,18.18800751300006],[120.59711672700007,18.188283505000072],[120.59685254900012,18.18862296100008],[120.59835279600009,18.190722513000026],[120.59843633900005,18.19085615700004],[120.59868135400006,18.19136252100003],[120.5990223880001,18.191995250000048],[120.59951503500008,18.193001507000076],[120.59990548400003,18.193774543000075],[120.60043219600004,18.19479128200004],[120.60123667800008,18.19614344000007],[120.60142011000005,18.19605434400006]]]},"properties":{"brgy_name":"Bgy. No. 21, San Pedro","name":"Bgy. No. 21, San Pedro","brgy_code":"102812067","psgc_code":"102812067","adm4_pcode":"PH0102812067","adm3_pcode":"PH0102812","city_name":"Laoag City","prov_name":"Ilocos Norte","reg_name":"Region I","shape_sqkm":0.0893960153322,"boundary_source":"altcoder/philippines-psgc-shapefiles; sourced from PSA/NAMRIA/OCHA public administrative boundaries","boundary_granularity":"barangay"}},{"type":"Feature","geometry":{"type":"Polygon","coordinates":[[[120.59349763400007,18.209773486000074],[120.59376107300011,18.209745756000075],[120.59390249800003,18.20972911800004],[120.59399123600008,18.209712479000075],[120.59407165400012,18.209684749000075],[120.59414652700002,18.209640380000053],[120.59421585300004,18.20958214600006],[120.5944321500001,18.20932148000003],[120.5945597110001,18.209210558000052],[120.59464290200003,18.209160643000075],[120.59473441300008,18.20912459300007],[120.59487306500012,18.20909686300007],[120.5954165820001,18.208911069000067],[120.595549688,18.208833423000044],[120.59567447500001,18.208691998000063],[120.59574380200002,18.20858107600003],[120.59576598600006,18.208456289000026],[120.59576875900007,18.20832318300006],[120.59572993600011,18.208215034000034],[120.59552473100007,18.20756614100003],[120.59551641200005,18.207438581000076],[120.59553582300009,18.207322113000032],[120.59557741900005,18.207191780000073],[120.59564674500007,18.207111361000045],[120.59567074200004,18.20709577300005],[120.59554783800002,18.20703941900007],[120.59512500100004,18.206839797000043],[120.59466686200005,18.20659240200007],[120.59451109500003,18.206491612000036],[120.59428202600009,18.206317519000038],[120.59410090600011,18.206051509000076],[120.59391875100005,18.20593007100007],[120.59377302600001,18.205784347000076],[120.59363944500001,18.205577903000062],[120.59359087000007,18.205335029000025],[120.5935665830001,18.205080011000064],[120.59367587600002,18.20488571100003],[120.59376088200008,18.20477641800005],[120.59379511500003,18.204583927000044],[120.59371341500002,18.20430558000004],[120.5935262270001,18.203941583000073],[120.59310371700008,18.203158039000073],[120.59254238100004,18.203371553000068],[120.59203099700005,18.202380138000024],[120.5913916720001,18.201219495000032],[120.590754833,18.200137023000025],[120.59022025800004,18.199117664000028],[120.58974071400007,18.19836035000003],[120.5892611700001,18.197558489000073],[120.5886348790001,18.197849360000077],[120.58824967200007,18.197047499000064],[120.5879666620001,18.196442172000047],[120.58764172500003,18.195642932000055],[120.58732202800002,18.194885618000058],[120.58706532400004,18.194300749000035],[120.58635808100007,18.194686064000052],[120.58660402200007,18.195124080000028],[120.58697874800009,18.195912839000073],[120.5873849190001,18.196709460000022],[120.58766792900008,18.197309545000053],[120.58801536600004,18.19808105900006],[120.58802431200002,18.198100925000062],[120.5883387670001,18.19796990100002],[120.58876590200009,18.19876914200006],[120.58921400100007,18.199578865000035],[120.58976429800009,18.200545815000055],[120.59040236100009,18.201646079000056],[120.59100901700003,18.202815134000048],[120.59150063700008,18.203802026000062],[120.59203796100007,18.205190153000046],[120.59205413100005,18.20523151200007],[120.59207395500005,18.20527269200005],[120.59231596900008,18.20589270000005],[120.59217772400007,18.20593417300006],[120.59137129500004,18.20621987900006],[120.59176689500009,18.207125534000056],[120.59188597200011,18.20748751900004],[120.59196563400008,18.207840803000067],[120.5921249590001,18.208214870000063],[120.59228082000004,18.208620108000048],[120.59233970000003,18.208814068000038],[120.59228082000004,18.208834850000073],[120.5921976940001,18.208852168000078],[120.59199680600011,18.20881753200007],[120.5918435860001,18.208737662000033],[120.59207153600005,18.209361896000075],[120.59209049800006,18.209383525000078],[120.59211433300004,18.20939941200004],[120.5921492870001,18.209417012000074],[120.59219991900011,18.20941816100003],[120.59289118200002,18.209521250000023],[120.59294538500001,18.209537484000066],[120.59300665800004,18.20955961100003],[120.59305261300005,18.209580035000045],[120.59310707800012,18.209612373000027],[120.59315643700006,18.20964981800006],[120.59321600800001,18.20971109100003],[120.59326706900004,18.20977066200004],[120.59329242800004,18.209798444000057],[120.59349763400007,18.209773486000074]]]},"properties":{"brgy_name":"Bgy. No. 5, San Pedro","name":"Bgy. No. 5, San Pedro","brgy_code":"102812068","psgc_code":"102812068","adm4_pcode":"PH0102812068","adm3_pcode":"PH0102812","city_name":"Laoag City","prov_name":"Ilocos Norte","reg_name":"Region I","shape_sqkm":0.305429444768,"boundary_source":"altcoder/philippines-psgc-shapefiles; sourced from PSA/NAMRIA/OCHA public administrative boundaries","boundary_granularity":"barangay"}},{"type":"Feature","geometry":{"type":"Polygon","coordinates":[[[120.59973960200011,18.19814150700006],[120.59973960200011,18.198114058000044],[120.59969385400007,18.197894468000072],[120.59964584400007,18.19775003700005],[120.5995233000001,18.197580361000064],[120.5993525660001,18.19731478600005],[120.59890446700001,18.19651030400007],[120.59891057900006,18.196411478000073],[120.59892428800003,18.196327979000046],[120.59894330800012,18.19622907100006],[120.5989537700001,18.196174862000078],[120.59895947600012,18.196115898000073],[120.59895947600012,18.196072150000077],[120.59895662300005,18.19603220700003],[120.59894996600008,18.195993214000055],[120.59893379800008,18.19592949400004],[120.59891002200004,18.195859118000044],[120.59880217500006,18.19559608800006],[120.59866750800006,18.19534270400004],[120.59863897600007,18.195263768000075],[120.59830962300009,18.19534944000003],[120.59791917400003,18.19462357200007],[120.59747893600002,18.19385839800003],[120.59696270500001,18.192993645000058],[120.59659872600002,18.19236163900007],[120.59651485400002,18.192196789000036],[120.59531170500009,18.190402834000054],[120.59507950900002,18.19065669500003],[120.594984726,18.19074177600004],[120.59482430800006,18.190868674000058],[120.59600082100008,18.192504599000074],[120.59608560700008,18.192641817000037],[120.59641369500002,18.193279421000057],[120.59693650100007,18.194117823000056],[120.59736363600007,18.194856793000042],[120.59775670500005,18.195538113000055],[120.598388236,18.196735664000073],[120.59883371500007,18.197613519000072],[120.59911047100002,18.198272102000033],[120.59973960200011,18.19814150700006]]]},"properties":{"brgy_name":"Bry. No. 18, San Quirino","name":"Bry. No. 18, San Quirino","brgy_code":"102812069","psgc_code":"102812069","adm4_pcode":"PH0102812069","adm3_pcode":"PH0102812","city_name":"Laoag City","prov_name":"Ilocos Norte","reg_name":"Region I","shape_sqkm":0.0657869001048,"boundary_source":"altcoder/philippines-psgc-shapefiles; sourced from PSA/NAMRIA/OCHA public administrative boundaries","boundary_granularity":"barangay"}},{"type":"Feature","geometry":{"type":"Polygon","coordinates":[[[120.59477745800007,18.20368310500004],[120.59484827300003,18.203655611000045],[120.59491044800006,18.203623609000033],[120.59496530900003,18.203580635000037],[120.59499913900004,18.203533089000075],[120.59503937000011,18.203491030000066],[120.59509842200009,18.20343411500005],[120.5948508140001,18.20284173500005],[120.59469991000003,18.202505442000074],[120.59465019700008,18.202420438000047],[120.59407495700009,18.201449874000048],[120.59344342600002,18.200385967000045],[120.59291671300002,18.199246066000057],[120.59242406600004,18.19817691800006],[120.59202051500006,18.197356714000023],[120.5915750370001,18.196486720000053],[120.59120555200002,18.195711064000022],[120.59088847600003,18.195076912000047],[120.59064477300001,18.194558061000066],[120.590524232,18.194275051000034],[120.58992323300004,18.19296696300006],[120.58923794600003,18.193231385000047],[120.58975119600007,18.194445381000037],[120.589932008,18.194757216000028],[120.59025694500008,18.19536778300005],[120.59053733400003,18.19599931500005],[120.59092516300007,18.19677235100005],[120.59136278000005,18.19768165100004],[120.59171392100006,18.19846516900003],[120.59225111600006,18.199515974000064],[120.59287740600007,18.200619188000076],[120.59354562400006,18.201688336000075],[120.59417645500002,18.202715513000044],[120.59427905500002,18.202905263000048],[120.59440611200012,18.203169409000054],[120.59446715500007,18.20329788300006],[120.59456725400003,18.203501209000024],[120.59458797700006,18.203541246000043],[120.59467791300006,18.20371500300007],[120.59477745800007,18.20368310500004]]]},"properties":{"brgy_name":"Bgy. No. 8, San Vicente","name":"Bgy. No. 8, San Vicente","brgy_code":"102812070","psgc_code":"102812070","adm4_pcode":"PH0102812070","adm3_pcode":"PH0102812","city_name":"Laoag City","prov_name":"Ilocos Norte","reg_name":"Region I","shape_sqkm":0.09312563642,"boundary_source":"altcoder/philippines-psgc-shapefiles; sourced from PSA/NAMRIA/OCHA public administrative boundaries","boundary_granularity":"barangay"}},{"type":"Feature","geometry":{"type":"Polygon","coordinates":[[[120.59525404100009,18.203332963000037],[120.59538437100002,18.203262935000055],[120.5954871670001,18.203219628000056],[120.5957617470001,18.20311898800003],[120.59538350100001,18.20223854900007],[120.59524904800003,18.202289864000022],[120.59515505700006,18.202326699000025],[120.59459904900007,18.201206171000024],[120.5940644750001,18.20011081800004],[120.59355610600005,18.198981400000037],[120.59310395500006,18.197919011000067],[120.5926939740001,18.197026535000077],[120.59230352500003,18.19617488500006],[120.59193404000007,18.195359922000023],[120.59152524800004,18.195564318000038],[120.591226516,18.19491182300004],[120.5910156860001,18.19442508700007],[120.59091206000005,18.194167612000058],[120.59028278900007,18.192800550000072],[120.58992323300004,18.19296696300006],[120.590524232,18.194275051000034],[120.59064477300001,18.194558061000066],[120.59088847600003,18.195076912000047],[120.59120555200002,18.195711064000022],[120.5915750370001,18.196486720000053],[120.59202051500006,18.197356714000023],[120.59242406600004,18.19817691800006],[120.59291671300002,18.199246066000057],[120.59344342600002,18.200385967000045],[120.59407495700009,18.201449874000048],[120.59465019700008,18.202420438000047],[120.59469991000003,18.202505442000074],[120.5948508140001,18.20284173500005],[120.59509842200009,18.20343411500005],[120.59525404100009,18.203332963000037]]]},"properties":{"brgy_name":"Bgy. No. 9, Santa Angela","name":"Bgy. No. 9, Santa Angela","brgy_code":"102812071","psgc_code":"102812071","adm4_pcode":"PH0102812071","adm3_pcode":"PH0102812","city_name":"Laoag City","prov_name":"Ilocos Norte","reg_name":"Region I","shape_sqkm":0.083380639688,"boundary_source":"altcoder/philippines-psgc-shapefiles; sourced from PSA/NAMRIA/OCHA public administrative boundaries","boundary_granularity":"barangay"}},{"type":"Feature","geometry":{"type":"MultiPolygon","coordinates":[[[[120.5935063170001,18.19565341400005],[120.59316827700002,18.19480962500006],[120.59308898900008,18.194845109000028],[120.59301247100007,18.19488081700007],[120.59270856400008,18.195030022000026],[120.59274470600008,18.195081552000033],[120.59276431400008,18.19511858800007],[120.59279396500006,18.195178784000063],[120.59295349500007,18.195569961000047],[120.59297134600001,18.19561344400006],[120.5929830990001,18.19564429600007],[120.59306118500001,18.195856477000063],[120.59317139900008,18.195808399000043],[120.5935063170001,18.19565341400005]]],[[[120.5935063170001,18.19565341400005],[120.59386007900002,18.19647623800006],[120.59352466000007,18.196646568000062],[120.59392821100005,18.197597796000025],[120.5943841720001,18.19863287800007],[120.59490040200001,18.199772779000057],[120.59537994700008,18.200855029000024],[120.59592589600004,18.202026757000056],[120.59638296800006,18.203024034000066],[120.59644841400006,18.203169564000063],[120.5964724700001,18.20321956400005],[120.59694057700005,18.203239625000037],[120.5971144450001,18.203253000000075],[120.59718466100003,18.203269718000058],[120.5974354330001,18.203430212000058],[120.59762267600001,18.20355392600004],[120.59777982600008,18.203667609000036],[120.59787280500007,18.20373646200005],[120.59793469200008,18.20377152900005],[120.59804214000008,18.20381324500005],[120.5981732140001,18.20384804200006],[120.598332002,18.203878083000063],[120.59848649800006,18.203890958000045],[120.59877454100001,18.203905485000064],[120.59869516600008,18.203786423000054],[120.59835510000005,18.203272516000027],[120.59778586700008,18.20241493800006],[120.59718976400006,18.201489527000035],[120.59646219700005,18.200372865000077],[120.59583328700012,18.19934564400006],[120.59578349800006,18.19925654800005],[120.59521485800008,18.198279116000037],[120.59473793400002,18.19727547900004],[120.59457284500002,18.196911235000073],[120.59426101000008,18.196290186000056],[120.59388104300001,18.19549618600007],[120.5935063170001,18.19565341400005]]]]},"properties":{"brgy_name":"Bgy. No. 11, Santa Balbina","name":"Bgy. No. 11, Santa Balbina","brgy_code":"102812072","psgc_code":"102812072","adm4_pcode":"PH0102812072","adm3_pcode":"PH0102812","city_name":"Laoag City","prov_name":"Ilocos Norte","reg_name":"Region I","shape_sqkm":0.117166567837,"boundary_source":"altcoder/philippines-psgc-shapefiles; sourced from PSA/NAMRIA/OCHA public administrative boundaries","boundary_granularity":"barangay"}},{"type":"Feature","geometry":{"type":"Polygon","coordinates":[[[120.60567573900005,18.194898721000072],[120.60520667700007,18.193646140000055],[120.60464589800006,18.19382695200005],[120.60412180600008,18.192314946000067],[120.60392265100006,18.191720101000044],[120.60372349600004,18.191185527000073],[120.60338209800011,18.190175504000024],[120.60309229600011,18.18937556900005],[120.60294092400011,18.18900643300003],[120.60079861200006,18.182428409000067],[120.60046771600003,18.183029146000024],[120.60014305700008,18.18360481700006],[120.60220784700005,18.18952498400006],[120.60212245600007,18.18969641900003],[120.60205308800005,18.189856167000073],[120.60235466300003,18.18996376800004],[120.60246196300011,18.190002664000076],[120.60269482700005,18.19010619900007],[120.60276811400001,18.190157182000064],[120.60281272400005,18.190230469000028],[120.60287718900008,18.190374949000045],[120.60292162400003,18.190494218000026],[120.60314437400007,18.191177666000044],[120.60240540400002,18.191188148000037],[120.60256831900006,18.191609996000068],[120.60272772000008,18.19203717700003],[120.60296618200005,18.192702774000054],[120.60352386500006,18.194153248000077],[120.60391741000001,18.195354681000026],[120.60427394700002,18.195515327000066],[120.60466634700003,18.195694205000052],[120.60542127300005,18.196031446000063],[120.60618857400004,18.19637178100004],[120.60567573900005,18.194898721000072]]]},"properties":{"brgy_name":"Bgy. No. 25, Santa Cayetana","name":"Bgy. No. 25, Santa Cayetana","brgy_code":"102812073","psgc_code":"102812073","adm4_pcode":"PH0102812073","adm3_pcode":"PH0102812","city_name":"Laoag City","prov_name":"Ilocos Norte","reg_name":"Region I","shape_sqkm":0.17461324696,"boundary_source":"altcoder/philippines-psgc-shapefiles; sourced from PSA/NAMRIA/OCHA public administrative boundaries","boundary_granularity":"barangay"}},{"type":"Feature","geometry":{"type":"Polygon","coordinates":[[[120.59123645400007,18.213029385000027],[120.59148332900008,18.212941216000047],[120.59176106300004,18.212711975000047],[120.59197267000002,18.212469509000073],[120.59232975600003,18.211856730000022],[120.59242674300003,18.211583405000056],[120.59244110300006,18.21147891000004],[120.59243115100003,18.211354164000056],[120.59235179900008,18.211173417000055],[120.5922459950001,18.211036754000077],[120.59214438700008,18.210979762000022],[120.59203901100011,18.21096035100004],[120.59191977000012,18.210963124000045],[120.591736749,18.21098808100004],[120.59165633000009,18.210990854000045],[120.59158977700008,18.210971443000062],[120.59146221700007,18.210854975000075],[120.59137902600003,18.210769010000035],[120.59133465700006,18.210699684000076],[120.59132633800004,18.210649769000042],[120.5913540680001,18.210588762000043],[120.59142062100011,18.210522209000032],[120.59165078400008,18.21027540800003],[120.59177557100008,18.210183897000036],[120.59202237300008,18.210036926000043],[120.59219984800006,18.209934323000027],[120.5924022800001,18.20985667800005],[120.59253538600001,18.20982340100005],[120.5927710950001,18.20979567100005],[120.59294302400008,18.20979567100005],[120.59316209500003,18.209798444000057],[120.59329242800004,18.209798444000057],[120.59326706900004,18.20977066200004],[120.59321600800001,18.20971109100003],[120.59315643700006,18.20964981800006],[120.59310707800012,18.209612373000027],[120.59305261300005,18.209580035000045],[120.59300665800004,18.20955961100003],[120.59294538500001,18.209537484000066],[120.59289118200002,18.209521250000023],[120.59219991900011,18.20941816100003],[120.5921492870001,18.209417012000074],[120.59211433300004,18.20939941200004],[120.59209049800006,18.209383525000078],[120.59207153600005,18.209361896000075],[120.5918435860001,18.208737662000033],[120.59157621100007,18.207801594000045],[120.59156259100007,18.207734731000073],[120.59153268700004,18.20766069800004],[120.59010396200006,18.20648221600004],[120.58998966400009,18.20602502400004],[120.58991173400011,18.205754865000074],[120.58983380300003,18.20545353400007],[120.58980757300003,18.205118636000066],[120.58991026500007,18.205080016000068],[120.59009310300007,18.205005714000038],[120.59014118300001,18.204992958000048],[120.59013418500001,18.20495139800005],[120.59010069600004,18.204774533000034],[120.59002531700003,18.204520625000043],[120.58997332000001,18.204401244000053],[120.58979271400005,18.204007844000046],[120.5895022520001,18.203389015000027],[120.58919614800004,18.20279484200006],[120.5889471370001,18.202275365000048],[120.58873535800001,18.202357051000035],[120.5882732560001,18.201169485000037],[120.58788804800008,18.20015798700007],[120.5874949790001,18.199301096000056],[120.58713073500007,18.19850447600004],[120.58675862900009,18.197705235000058],[120.5864965830001,18.197152318000064],[120.58610351400011,18.196240397000054],[120.5857838170001,18.195682239000064],[120.58550326800002,18.19510063200005],[120.58491992200004,18.195407368000076],[120.58408881500009,18.195879638000065],[120.58483302400009,18.196540382000023],[120.58489600900009,18.196689224000067],[120.58540385100002,18.197705235000058],[120.58567113800007,18.197589935000053],[120.58574370600002,18.19780026500007],[120.5858493290001,18.198093063000044],[120.58616902500012,18.198939472000063],[120.58638128300004,18.199746574000073],[120.58672194300004,18.200600845000054],[120.58718052300003,18.201630686000044],[120.58782168200003,18.20278363500006],[120.58732853900005,18.203025668000066],[120.58700725000006,18.203197674000023],[120.58658428700005,18.203425023000023],[120.58540740100011,18.206296142000042],[120.58545883300008,18.206450438000047],[120.58544673100005,18.206501871000057],[120.58543462900002,18.20658960800006],[120.58542857900011,18.206759031000047],[120.58543160400006,18.206988962000025],[120.58545883300008,18.207103928000038],[120.58550118800008,18.20721889400005],[120.58560707800007,18.207445800000073],[120.58570994200011,18.207715062000034],[120.58578557800001,18.207893562000038],[120.58586726400006,18.208126519000075],[120.58589146700001,18.20826266200004],[120.5859005430001,18.20835039900004],[120.58590962000005,18.208447213000056],[120.58590356900004,18.20853797500007],[120.58588239100004,18.20871950000003],[120.5857946540001,18.209155160000023],[120.58567061200006,18.20957266700003],[120.58553749300006,18.210008327000025],[120.58559826400005,18.210033473000067],[120.58563918300001,18.21005393200005],[120.58568573900004,18.210086988000057],[120.5857311200001,18.210132369000064],[120.58577045000004,18.210198928000068],[120.58579925000004,18.21026936100003],[120.58581850600001,18.210309076000044],[120.58583655900009,18.210329536000074],[120.58585822200007,18.21033796100005],[120.58588710600009,18.210341571000072],[120.58591960100011,18.21033796100005],[120.58602761100008,18.210319945000037],[120.58817697200004,18.211623081000027],[120.58847234000007,18.21165834900006],[120.58912920300008,18.211852322000027],[120.58949069800008,18.212108014000023],[120.58973316400011,18.212350480000055],[120.5899976720001,18.212672299000076],[120.59016960300005,18.21288390500007],[120.59030626600008,18.212980892000076],[120.59053550700003,18.213029385000027],[120.59090581900011,18.21305142800003],[120.59123645400007,18.213029385000027]]]},"properties":{"brgy_name":"Bgy. No. 2, Santa Joaquina","name":"Bgy. No. 2, Santa Joaquina","brgy_code":"102812074","psgc_code":"102812074","adm4_pcode":"PH0102812074","adm3_pcode":"PH0102812","city_name":"Laoag City","prov_name":"Ilocos Norte","reg_name":"Region I","shape_sqkm":0.651100078573,"boundary_source":"altcoder/philippines-psgc-shapefiles; sourced from PSA/NAMRIA/OCHA public administrative boundaries","boundary_granularity":"barangay"}},{"type":"Feature","geometry":{"type":"Polygon","coordinates":[[[120.59981279800002,18.198123207000037],[120.60030687500011,18.197775523000075],[120.60062772600008,18.19749970400005],[120.60018141900002,18.196782633000055],[120.59960881200004,18.195871416000045],[120.59930277700005,18.195090014000073],[120.59887826300007,18.194220021000035],[120.59847733200002,18.19342602100005],[120.59799778800004,18.192477414000052],[120.5985192600001,18.192223230000025],[120.59819676900008,18.191593925000063],[120.5981035860001,18.191405329000077],[120.5980454590001,18.191283467000062],[120.59794903200009,18.19109028200006],[120.59652850400005,18.189043027000025],[120.59637137000004,18.18924438700003],[120.59609468300005,18.189605267000047],[120.59584612900005,18.189901989000077],[120.59567577900009,18.190086375000078],[120.59550029000002,18.190286091000075],[120.59531170500009,18.190402834000054],[120.59651485400002,18.192196789000036],[120.59659872600002,18.19236163900007],[120.59696270500001,18.192993645000058],[120.59747893600002,18.19385839800003],[120.59791917400003,18.19462357200007],[120.59830962300009,18.19534944000003],[120.59863897600007,18.195263768000075],[120.59866750800006,18.19534270400004],[120.59880217500006,18.19559608800006],[120.59891002200004,18.195859118000044],[120.59893379800008,18.19592949400004],[120.59894996600008,18.195993214000055],[120.59895662300005,18.19603220700003],[120.59895947600012,18.196072150000077],[120.59895947600012,18.196115898000073],[120.5989537700001,18.196174862000078],[120.59894330800012,18.19622907100006],[120.59892428800003,18.196327979000046],[120.59891057900006,18.196411478000073],[120.59890446700001,18.19651030400007],[120.5993525660001,18.19731478600005],[120.5995233000001,18.197580361000064],[120.59964584400007,18.19775003700005],[120.59969385400007,18.197894468000072],[120.59973960200011,18.198114058000044],[120.59973960200011,18.19814150700006],[120.59981279800002,18.198123207000037]]]},"properties":{"brgy_name":"Bgy. No. 19, Santa Marcela","name":"Bgy. No. 19, Santa Marcela","brgy_code":"102812075","psgc_code":"102812075","adm4_pcode":"PH0102812075","adm3_pcode":"PH0102812","city_name":"Laoag City","prov_name":"Ilocos Norte","reg_name":"Region I","shape_sqkm":0.135431202682,"boundary_source":"altcoder/philippines-psgc-shapefiles; sourced from PSA/NAMRIA/OCHA public administrative boundaries","boundary_granularity":"barangay"}},{"type":"Feature","geometry":{"type":"Polygon","coordinates":[[[120.57197928300002,18.213088369000047],[120.5741087670001,18.213271531000032],[120.57441850000009,18.213202702000046],[120.57462987600002,18.212921403000053],[120.57705591400008,18.211227904000054],[120.57825559900004,18.21079915100006],[120.57871321100004,18.21054767000004],[120.57893583300006,18.210358029000076],[120.57951712400006,18.210259086000065],[120.57984496200004,18.209878326000023],[120.5797887120001,18.209857493000072],[120.57973558700007,18.20983249300002],[120.57970017100001,18.209805410000058],[120.57966475400008,18.209774160000052],[120.5796262130001,18.20971895200006],[120.57954079700005,18.209532495000076],[120.57950017200005,18.209452287000033],[120.5794845470001,18.209430412000074],[120.5794647560001,18.20941478700007],[120.5794526410001,18.209407698000064],[120.57946319900009,18.20939714000008],[120.57949346400005,18.209352093000064],[120.57953542700011,18.20937026000007],[120.57956577100003,18.209376763000023],[120.57959936600002,18.209374595000043],[120.57964704900007,18.209365925000043],[120.57987996700001,18.209321558000056],[120.57997678000004,18.209294329000045],[120.58001550900008,18.20927706200007],[120.58004939000011,18.209248948000038],[120.58006535900006,18.20921312300004],[120.58007186200007,18.20918061200007],[120.58007186200007,18.20913076100004],[120.58004636400005,18.20879513500006],[120.58001611000009,18.208607560000075],[120.57998888200007,18.208528899000044],[120.57994652600007,18.208395781000036],[120.57990417000008,18.20824148400004],[120.5797757790001,18.20766714000007],[120.58024885800012,18.207382729000074],[120.58002127200007,18.20704080300004],[120.5799410410001,18.20687365400005],[120.57990761100007,18.206816823000054],[120.57985078000002,18.206783393000023],[120.5797070320001,18.206542698000078],[120.57943959300007,18.206067994000023],[120.57942287800006,18.205981077000047],[120.57938610500003,18.20589081600002],[120.57892143000004,18.20507178400004],[120.57837652300009,18.204219323000075],[120.5782728910001,18.204072232000044],[120.57836315100008,18.203895053000053],[120.57841663900001,18.203821508000033],[120.57847317700009,18.203780793000078],[120.57839236900008,18.203759037000054],[120.57833642500009,18.20373728100003],[120.57826804900003,18.203678229000047],[120.57782049700006,18.202969605000078],[120.57772414900012,18.202848393000068],[120.57763401700004,18.202702317000046],[120.57748794100007,18.20257488900006],[120.5773449730001,18.202450569000064],[120.57727970500002,18.202388409000037],[120.5772051130001,18.202329357000053],[120.57714606100001,18.202223685000035],[120.57710565700006,18.202127337000036],[120.5770683610001,18.202021665000075],[120.57699066100008,18.201819645000057],[120.5767300660001,18.20130711300004],[120.57648109700006,18.200508899000056],[120.57560213700003,18.19956641500005],[120.57457607200001,18.199732804000064],[120.57373026200003,18.199732804000064],[120.5727596590001,18.199635743000044],[120.57228822400009,18.199594146000038],[120.57173359400008,18.199594146000038],[120.57124829300005,18.199649609000062],[120.57089098100005,18.19968798600007],[120.57048567700008,18.199815998000076],[120.56959826900004,18.20012104500006],[120.56923789400003,18.200347711000063],[120.5683919490001,18.200869795000074],[120.56728268900008,18.201701740000033],[120.5694330450001,18.204760917000044],[120.56983268700003,18.206171273000052],[120.56990001000008,18.206457397000065],[120.57012442000007,18.20705769400007],[120.57015808200003,18.20741675100004],[120.57024223600001,18.20853319200006],[120.57025345600005,18.20876882300007],[120.57020857400005,18.209930146000033],[120.57020857400005,18.21005357200005],[120.57017491200008,18.210715582000034],[120.57017339200002,18.211440512000024],[120.56950319600003,18.211454592000052],[120.5693286070001,18.211446144000035],[120.56919907300005,18.211440512000024],[120.56918535000011,18.211482932000024],[120.56917230800002,18.21155150100003],[120.56918535400007,18.21163847200006],[120.56920274800007,18.21172109400004],[120.5692679760001,18.211825459000067],[120.56964629900006,18.21264298600005],[120.570539198,18.214069297000037],[120.57197928300002,18.213088369000047]]]},"properties":{"brgy_name":"Bgy. No. 30-B, Santa Maria","name":"Bgy. No. 30-B, Santa Maria","brgy_code":"102812076","psgc_code":"102812076","adm4_pcode":"PH0102812076","adm3_pcode":"PH0102812","city_name":"Laoag City","prov_name":"Ilocos Norte","reg_name":"Region I","shape_sqkm":1.38514337798,"boundary_source":"altcoder/philippines-psgc-shapefiles; sourced from PSA/NAMRIA/OCHA public administrative boundaries","boundary_granularity":"barangay"}},{"type":"Feature","geometry":{"type":"Polygon","coordinates":[[[120.54196353600003,18.172972556000047],[120.54225836500007,18.172767814000053],[120.54259293700011,18.172568870000077],[120.54271745900007,18.17252299300003],[120.54284525800006,18.172500055000057],[120.54293701100005,18.172500055000057],[120.54316717100005,18.17225445400004],[120.54377917500005,18.17213304200004],[120.54393974300001,18.17210027300007],[120.54499162800005,18.171887275000074],[120.54618114300001,18.171634953000023],[120.5463449880001,18.17160218400005],[120.54659821500002,18.17157669100004],[120.54672531300002,18.171566386000052],[120.54648753300012,18.17058716500003],[120.54637611800001,18.17017099800006],[120.54614018200004,18.169440249000047],[120.54613526600008,18.169347677000076],[120.54615001200011,18.16917154300006],[120.54616967400011,18.16904702100004],[120.54619261200003,18.168909391000057],[120.54620899700001,18.168794700000035],[120.54624831900003,18.168529271000068],[120.54625815000009,18.168411303000028],[120.54623521200006,18.168283503000055],[120.54611396600001,18.167988582000078],[120.54597306000005,18.16760518500007],[120.54594684500012,18.16753637000005],[120.5459075220001,18.167388910000057],[120.54587803000004,18.167189019000034],[120.5458485370001,18.166808898000056],[120.5457371230001,18.165757013000075],[120.5457174610001,18.165678368000044],[120.54561260100002,18.16544243100003],[120.54545203300006,18.165127848000054],[120.54530457200008,18.16486569600005],[120.54518660400004,18.164600267000026],[120.54507518900004,18.164308623000068],[120.54502603500009,18.164138224000055],[120.54496377400005,18.16392194900004],[120.54489495900009,18.163633582000045],[120.5428304620001,18.163739045000057],[120.53848111800005,18.163982631000067],[120.53928326700009,18.16955739900004],[120.53925377500002,18.16960655200006],[120.53921772900003,18.169665536000025],[120.53932914400002,18.169767120000074],[120.53973875700001,18.170356962000028],[120.53998452400003,18.17066171400006],[120.54017786100007,18.170910758000048],[120.54024995300006,18.17102217300004],[120.54034826000009,18.171133588000032],[120.54048261300011,18.171241725000073],[120.54055077200007,18.171301885000048],[120.54065554100009,18.17136371600003],[120.54072767800005,18.171389479000027],[120.5408416030001,18.171422937000045],[120.54128652300005,18.172139939000033],[120.54136409900002,18.172237903000052],[120.54141755800003,18.17233376100006],[120.54146123600003,18.17243203700008],[120.54175060500006,18.173098131000074],[120.54196353600003,18.172972556000047]]]},"properties":{"brgy_name":"Bgy. No. 39, Santa Rosa","name":"Bgy. No. 39, Santa Rosa","brgy_code":"102812077","psgc_code":"102812077","adm4_pcode":"PH0102812077","adm3_pcode":"PH0102812","city_name":"Laoag City","prov_name":"Ilocos Norte","reg_name":"Region I","shape_sqkm":0.656889386344,"boundary_source":"altcoder/philippines-psgc-shapefiles; sourced from PSA/NAMRIA/OCHA public administrative boundaries","boundary_granularity":"barangay"}},{"type":"Feature","geometry":{"type":"Polygon","coordinates":[[[120.59838029600007,18.20105475500003],[120.5977560230001,18.199799806000044],[120.59709634900003,18.198596192000025],[120.59656701600011,18.197673789000078],[120.59642763600004,18.197460269000032],[120.59632703200009,18.197300690000077],[120.59617862400012,18.196994627000038],[120.5958752140001,18.19638976300007],[120.59552931300004,18.19568748000006],[120.59512052100001,18.194943269000078],[120.59465564000004,18.194096545000036],[120.5943708850001,18.193502273000036],[120.59415129700005,18.193417926000052],[120.5940560140001,18.193379813000035],[120.59394984000005,18.19334169900003],[120.59386272400002,18.193322642000055],[120.59377288500002,18.193309030000023],[120.59285112700002,18.19182932800004],[120.5924559990001,18.191965390000064],[120.59207428400009,18.192126173000077],[120.5917286020001,18.192261737000024],[120.59134975600011,18.19240247600004],[120.59206120700003,18.19398588300004],[120.5922808250001,18.19446130800003],[120.5923029920001,18.194511974000022],[120.5924264900001,18.194679805000078],[120.5924929900001,18.194765304000043],[120.59254365600009,18.194847637000066],[120.5926101550001,18.194914136000023],[120.59270856400008,18.195030022000026],[120.59301247100007,18.19488081700007],[120.59308898900008,18.194845109000028],[120.59316827700002,18.19480962500006],[120.5935063170001,18.19565341400005],[120.59388104300001,18.19549618600007],[120.5942400460001,18.195338958000036],[120.59461477200011,18.196132958000078],[120.59492660700005,18.19677235100005],[120.59558696300007,18.198124509000024],[120.59608485100011,18.199091459000044],[120.59664676800003,18.200291466000067],[120.59711993300004,18.20006103000003],[120.59783202900007,18.201245018000066],[120.59838029600007,18.20105475500003]]]},"properties":{"brgy_name":"Bgy. No. 14, Santo Tomas","name":"Bgy. No. 14, Santo Tomas","brgy_code":"102812078","psgc_code":"102812078","adm4_pcode":"PH0102812078","adm3_pcode":"PH0102812","city_name":"Laoag City","prov_name":"Ilocos Norte","reg_name":"Region I","shape_sqkm":0.162072863212,"boundary_source":"altcoder/philippines-psgc-shapefiles; sourced from PSA/NAMRIA/OCHA public administrative boundaries","boundary_granularity":"barangay"}},{"type":"Feature","geometry":{"type":"Polygon","coordinates":[[[120.60919239900011,18.19237259600004],[120.60983965200012,18.192202266000038],[120.61041091300001,18.19203717700003],[120.6109795530001,18.191864227000053],[120.61149316400008,18.191651969000077],[120.6120329790001,18.191410887000075],[120.61206714500008,18.191393009000024],[120.612483698,18.191175045000023],[120.612955381,18.190907758000037],[120.61273526200011,18.190443936000065],[120.61339229700002,18.190134172000057],[120.61364774900005,18.190001049000045],[120.61374489200011,18.18995067800006],[120.61451844200008,18.18955131100006],[120.61474337400011,18.189447679000068],[120.61493220200009,18.18935702400006],[120.61570935000009,18.189033212000027],[120.6158820490001,18.188954058000036],[120.61598386600008,18.18890287800002],[120.61610186200005,18.188814381000043],[120.61621353600003,18.188709028000062],[120.61629571200001,18.188603675000024],[120.61650808500008,18.18824167200006],[120.61617318900005,18.188037227000052],[120.61579173000007,18.187638814000024],[120.61416523200012,18.185620261000054],[120.61299935700004,18.18402558400004],[120.6128059130001,18.183506989000023],[120.61279974000001,18.183467889000042],[120.61279974000001,18.183418499000027],[120.61281826100003,18.183342356000026],[120.61293144600006,18.183109812000055],[120.61296025700005,18.18306659600006],[120.61297054600004,18.18303572700006],[120.6129726040001,18.18298222100003],[120.61403654600008,18.182338095000034],[120.61429584300004,18.182165230000066],[120.614483113,18.18204587100007],[120.61430385200003,18.181580845000042],[120.61424966400011,18.181580845000042],[120.61420503900001,18.181566501000077],[120.61416891800002,18.18154310600005],[120.6141361650001,18.181505490000063],[120.61398145500004,18.18122125600007],[120.61394844300003,18.18113140400004],[120.6139261300001,18.181102716000055],[120.6138878800001,18.18108996600006],[120.613843255,18.18108996600006],[120.61377637400005,18.18109892700005],[120.61373328500008,18.181091560000027],[120.61369344100001,18.181072435000033],[120.61365404500009,18.181026969000072],[120.61356594000006,18.180881183000054],[120.61353087700002,18.180852495000067],[120.61348465800006,18.18084133900004],[120.6134448140001,18.180854089000036],[120.61336353200011,18.18090827700007],[120.61334835600007,18.180915466000044],[120.61333325100009,18.180922621000036],[120.61329818800004,18.18092421500006],[120.61326153100003,18.180913058000044],[120.61322806200008,18.180876402000024],[120.6131755240001,18.180803899000068],[120.61308197800008,18.180674374000034],[120.61303160700004,18.180595220000043],[120.61214292400007,18.179361138000047],[120.61213932600003,18.179296375000035],[120.61206377000008,18.179249603000073],[120.61198821400001,18.179148861000044],[120.6117579480001,18.17883584300006],[120.61167519600008,18.178735102000076],[120.61148810500003,18.178501238000024],[120.61135265900009,18.17830973200006],[120.6112517900001,18.17811821600003],[120.61118604900003,18.177989341000057],[120.61114400500003,18.17788478700004],[120.61109037800009,18.177749537000068],[120.61107345900007,18.177680563000024],[120.61100311200005,18.177647171000046],[120.61090200900003,18.177659731000062],[120.61073938000004,18.17772660600002],[120.61067343900004,18.177722449000044],[120.61062067400007,18.177680699000064],[120.61055910100004,18.177593009000077],[120.61048873200002,18.177492792000066],[120.61021603400002,18.17704597900007],[120.6098423840001,18.176533651000057],[120.6087551390001,18.175024042000075],[120.60834044900002,18.175233916000025],[120.60648115700008,18.176174899000046],[120.6046231470001,18.177339622000034],[120.60407777300009,18.17780742900004],[120.60423675800007,18.178915580000023],[120.60425888200007,18.179512927000076],[120.60453717400003,18.180330384000058],[120.604790105,18.18062276300003],[120.60493552100002,18.18079911800004],[120.60506237300001,18.180975474000036],[120.60513662800008,18.181099232000065],[120.6052201650001,18.181266306000055],[120.60526038700004,18.181374595000023],[120.60530679600004,18.181569514000046],[120.60535629900005,18.18242344600003],[120.60535939300007,18.182751406000023],[120.60535939300007,18.18290919800006],[120.60544911800002,18.18336400900006],[120.6055079030001,18.183784788000025],[120.60561928600009,18.184313855000028],[120.60566260100006,18.184536619000028],[120.60573324100005,18.184736762000057],[120.60581729900002,18.184892425000044],[120.6058760840001,18.184972868000045],[120.6059565270001,18.18503474700003],[120.60603078200006,18.185053310000058],[120.60610194300011,18.18506878000005],[120.60618548000002,18.18511209600007],[120.60623498300004,18.185170881000033],[120.60630305000007,18.185232760000076],[120.60638349300007,18.18526679400003],[120.60647631200004,18.185282263000033],[120.60624130700012,18.185467236000022],[120.60588871200002,18.185690306000026],[120.60581315600007,18.18575147100006],[120.60567643500008,18.18590258300003],[120.6055970540001,18.186061493000068],[120.60554691100003,18.18616523000003],[120.60552892100009,18.186255178000067],[120.60551093200002,18.186381105000066],[120.60550373600006,18.18661496900006],[120.60552532300005,18.18687761600006],[120.60553971500008,18.186978357000044],[120.60555050900007,18.18722301500003],[120.60552892100009,18.18740291000006],[120.60549294200007,18.187546827000062],[120.6054497670001,18.187701537000066],[120.60524828400003,18.18825561400007],[120.60521230500001,18.188413922000052],[120.60518352200006,18.188626199000055],[120.60518558900003,18.188729567000053],[120.6051871200001,18.18880609400003],[120.60519071800002,18.188975196000058],[120.60522712700003,18.189138882000066],[120.60531994500002,18.189459106000072],[120.60533103600005,18.189651602000026],[120.60535707300005,18.18996960900006],[120.60540812300007,18.190480112000046],[120.60542668700009,18.190688954000052],[120.60543596900004,18.19078641400006],[120.60547309600008,18.190934924000032],[120.60555781900007,18.19114884100003],[120.60585917200001,18.191161943000054],[120.60611859700009,18.19118290700004],[120.60628630700012,18.191196009000066],[120.60638588400002,18.191211732000056],[120.6065693170001,18.191245798000068],[120.60671082200008,18.19126938200003],[120.60682350100001,18.191306068000074],[120.60753105800006,18.191482827000073],[120.60791361300005,18.191586458000074],[120.60818352100011,18.191615283000033],[120.60856086700005,18.192574372000024],[120.60919239900011,18.19237259600004]]]},"properties":{"brgy_name":"Bgy. No. 29, Santo Tomas","name":"Bgy. No. 29, Santo Tomas","brgy_code":"102812079","psgc_code":"102812079","adm4_pcode":"PH0102812079","adm3_pcode":"PH0102812","city_name":"Laoag City","prov_name":"Ilocos Norte","reg_name":"Region I","shape_sqkm":1.49775217449,"boundary_source":"altcoder/philippines-psgc-shapefiles; sourced from PSA/NAMRIA/OCHA public administrative boundaries","boundary_granularity":"barangay"}},{"type":"Feature","geometry":{"type":"Polygon","coordinates":[[[120.570539198,18.214069297000037],[120.56964629900006,18.21264298600005],[120.5692679760001,18.211825459000067],[120.56920274800007,18.21172109400004],[120.56918535400007,18.21163847200006],[120.56917230800002,18.21155150100003],[120.56918535000011,18.211482932000024],[120.56919907300005,18.211440512000024],[120.5693286070001,18.211446144000035],[120.56950319600003,18.211454592000052],[120.57017339200002,18.211440512000024],[120.57017491200008,18.210715582000034],[120.57020857400005,18.21005357200005],[120.57020857400005,18.209930146000033],[120.57025345600005,18.20876882300007],[120.57024223600001,18.20853319200006],[120.57015808200003,18.20741675100004],[120.57012442000007,18.20705769400007],[120.56990001000008,18.206457397000065],[120.56983268700003,18.206171273000052],[120.5694330450001,18.204760917000044],[120.56728268900008,18.201701740000033],[120.56631208700003,18.20253368500005],[120.5657297250001,18.20299125400004],[120.5654246790001,18.203365629000075],[120.56350254000006,18.205996655000035],[120.56290977900005,18.20640222800006],[120.56194437600004,18.206915261000063],[120.56119562600009,18.20720644200003],[120.56106385100009,18.207682830000067],[120.56108472100004,18.20895594900003],[120.56143952500008,18.209498590000067],[120.5625039360001,18.210667355000055],[120.56379792700011,18.21148131700005],[120.56471624200003,18.212399633000075],[120.56546759100002,18.212733566000054],[120.56671984000002,18.213651881000033],[120.56761728400011,18.21423626400002],[120.56877774800012,18.21525471900003],[120.56911773800005,18.21560442300006],[120.5698108900001,18.216129177000028],[120.570539198,18.214069297000037]]]},"properties":{"brgy_name":"Bgy. No. 30-A, Suyo","name":"Bgy. No. 30-A, Suyo","brgy_code":"102812080","psgc_code":"102812080","adm4_pcode":"PH0102812080","adm3_pcode":"PH0102812","city_name":"Laoag City","prov_name":"Ilocos Norte","reg_name":"Region I","shape_sqkm":0.875590297738,"boundary_source":"altcoder/philippines-psgc-shapefiles; sourced from PSA/NAMRIA/OCHA public administrative boundaries","boundary_granularity":"barangay"}},{"type":"Feature","geometry":{"type":"Polygon","coordinates":[[[120.54581351400009,18.229555108000056],[120.54579886200008,18.22953450800003],[120.5568689690001,18.226866467000036],[120.55733414200006,18.226736218000042],[120.55748770700006,18.226687863000052],[120.55756219800003,18.226664349000032],[120.55845309200004,18.22642604400005],[120.55888204000007,18.22628306100006],[120.55916067400005,18.226187739000068],[120.55996724400006,18.225850446000038],[120.56023854500006,18.225751458000047],[120.56077014800007,18.22557914500004],[120.56119176400011,18.225443495000036],[120.56170503600003,18.225234520000072],[120.56198367000002,18.22511353400006],[120.56204232900006,18.22504021000003],[120.5621083210001,18.224959553000076],[120.56224030600004,18.224662588000058],[120.56232462900005,18.224537936000047],[120.56239428700007,18.224482943000055],[120.56248594300007,18.22443161600006],[120.56261059500002,18.224376622000023],[120.56287456300004,18.224240972000075],[120.56303954300006,18.22416764700006],[120.56312753300006,18.224090657000033],[120.56319352500009,18.224002667000036],[120.56330351200006,18.22379735800007],[120.56339883400005,18.223636044000045],[120.56346482600009,18.223551721000035],[120.5635418170001,18.223511392000034],[120.5636334720001,18.223482063000063],[120.56376545700004,18.223427069000024],[120.56384611400006,18.22340140600005],[120.56409908300009,18.22334274600007],[120.56433005600002,18.223309750000055],[120.56446937200008,18.223280420000037],[120.56467834700004,18.22323275900004],[120.56474434000006,18.223221760000058],[120.56491298600008,18.22319243100003],[120.56505230300002,18.223137437000048],[120.56512196100005,18.22307511100007],[120.56520261800006,18.222972457000026],[120.56525027900011,18.222895466000068],[120.56530160600005,18.222785479000038],[120.56544175900001,18.222691232000045],[120.56554348000009,18.222681230000035],[120.56568378700001,18.222677889000067],[120.56592706900005,18.222701709000034],[120.5660353180001,18.222703714000033],[120.56614356800003,18.222729774000072],[120.5662678540001,18.222773876000076],[120.56633601100009,18.222785904000034],[120.56646831600005,18.222801941000057],[120.5665805750001,18.222801941000057],[120.56667078300006,18.222799936000058],[120.56676099100002,18.222791917000052],[120.56684919400004,18.22277588000003],[120.56693338900004,18.222753830000045],[120.56706769800007,18.222701709000034],[120.5671719390001,18.22264758500006],[120.56726615600007,18.222613506000073],[120.56734433600002,18.22260147800006],[120.56741449800006,18.22259746900005],[120.56752475200005,18.222603483000057],[120.56760092800005,18.222611501000074],[120.5677512740001,18.222645580000062],[120.56812212900002,18.222689682000066],[120.56837471100005,18.222715742000048],[120.56842081800005,18.222717746000058],[120.56847895200008,18.222703714000033],[120.56856314600009,18.22266161700003],[120.56872552000004,18.22259346000004],[120.56901418600012,18.222465164000027],[120.56957347500008,18.22223262800003],[120.56969575700009,18.222194540000032],[120.56982004400004,18.222154448000026],[120.56991626500007,18.222126383000045],[120.56982791600001,18.221754256000054],[120.56957078900007,18.22092855300002],[120.56951410300007,18.220813048000025],[120.56956176400001,18.220754389000035],[120.56978540400007,18.220681064000075],[120.57018813600007,18.220516117000045],[120.57033167200007,18.220453758000076],[120.57038666500011,18.220409763000077],[120.5704049960001,18.220347437000044],[120.5704049960001,18.220263114000034],[120.57044165900004,18.220215453000037],[120.57051498300007,18.220156793000058],[120.57062130400004,18.220072470000048],[120.57067996300009,18.220039474000032],[120.57073862300001,18.22001014400007],[120.57078628400006,18.21996981600006],[120.57085960900008,18.219914822000078],[120.57091460200002,18.219874494000067],[120.57100625800001,18.219837832000053],[120.57107591600004,18.219823167000072],[120.57114557400007,18.21978650400007],[120.57136653100008,18.21971830700005],[120.57195422900008,18.219528883000066],[120.57233307600006,18.21928603300006],[120.57254678400011,18.21890718700007],[120.5727216360001,18.21844091400004],[120.57237193200001,18.217683221000073],[120.57197365700006,18.216857530000027],[120.57151709900006,18.216459256000064],[120.57066226600011,18.216109552000034],[120.5698108900001,18.216129177000028],[120.56911773800005,18.21560442300006],[120.56877774800012,18.21525471900003],[120.56761728400011,18.21423626400002],[120.56671984000002,18.213651881000033],[120.56546759100002,18.212733566000054],[120.56471624200003,18.212399633000075],[120.56379792700011,18.21148131700005],[120.5625039360001,18.210667355000055],[120.56143952500008,18.209498590000067],[120.56108472100004,18.20895594900003],[120.56106385100009,18.207682830000067],[120.56119562600009,18.20720644200003],[120.56051620400001,18.207400562000032],[120.55881071700003,18.207830400000034],[120.5572993510001,18.20810771500004],[120.55582958200011,18.208232507000048],[120.55434594700012,18.208274104000054],[120.55319509000003,18.20821864100003],[120.55205809800009,18.208246373000065],[120.55047220900008,18.210170737000055],[120.55000556300001,18.21082381900004],[120.54974649500002,18.211226500000066],[120.5493691580001,18.211336322000022],[120.54913543400005,18.21141516800003],[120.54894676600009,18.21150527900005],[120.5488425750001,18.211581309000053],[120.54876654500003,18.21168268400004],[120.54869614600011,18.211750266000024],[120.54861448400004,18.211803769000028],[120.5485356370001,18.211834745000033],[120.54845397400004,18.21184882500006],[120.5483835760001,18.21182066500006],[120.54830472900005,18.211750266000024],[120.54811887700009,18.211570046000077],[120.54805974200008,18.211524990000044],[120.54800060700006,18.21150527900005],[120.54794992000006,18.211502463000045],[120.54787107300001,18.211530622000055],[120.54726564400005,18.21184882500006],[120.5471304780001,18.211922039000058],[120.54705163200003,18.211972726000056],[120.54699249700002,18.212029045000065],[120.54684325100004,18.212248689000035],[120.54662772400002,18.212479037000037],[120.5465430380001,18.212508239000044],[120.54638242700003,18.212531600000034],[120.54616341100007,18.212595845000067],[120.54602324100006,18.212657169000067],[120.54592687400009,18.212709733000054],[120.54575458200009,18.21285282300005],[120.54562901300005,18.212943350000046],[120.54552972600004,18.213007595000022],[120.54527274700001,18.213139004000027],[120.54508001300007,18.21329961600003],[120.5449836460001,18.213395982000065],[120.54492524200009,18.213483589000077],[120.54484931700006,18.213556594000067],[120.5447617100001,18.21362375900003],[120.54464198200003,18.213670482000055],[120.54235584100002,18.214783131000047],[120.5406893930001,18.215624459000026],[120.536786,18.21765025600007],[120.53686105800011,18.217717377000042],[120.53783816400005,18.21869276900003],[120.53868542300006,18.219599937000055],[120.53945017000001,18.22044942200006],[120.54019662600001,18.22134144300003],[120.54087779800011,18.222249137000063],[120.54143479100003,18.223009243000035],[120.54193475300008,18.22370892200007],[120.54255003200001,18.224543743000027],[120.54332803000011,18.225752618000058],[120.54411644000004,18.226961661000075],[120.54479487900005,18.228071809000028],[120.5452785760001,18.228786730000024],[120.54571024200004,18.22947534800005],[120.54577210900004,18.22956537300007],[120.54581351400009,18.229555108000056]]]},"properties":{"brgy_name":"Bgy. No. 31, Talingaan","name":"Bgy. No. 31, Talingaan","brgy_code":"102812081","psgc_code":"102812081","adm4_pcode":"PH0102812081","adm3_pcode":"PH0102812","city_name":"Laoag City","prov_name":"Ilocos Norte","reg_name":"Region I","shape_sqkm":5.29894505794,"boundary_source":"altcoder/philippines-psgc-shapefiles; sourced from PSA/NAMRIA/OCHA public administrative boundaries","boundary_granularity":"barangay"}},{"type":"Feature","geometry":{"type":"Polygon","coordinates":[[[120.5572993510001,18.20810771500004],[120.55881071700003,18.207830400000034],[120.56051620400001,18.207400562000032],[120.56119562600009,18.20720644200003],[120.56194437600004,18.206915261000063],[120.56290977900005,18.20640222800006],[120.56350254000006,18.205996655000035],[120.5654246790001,18.203365629000075],[120.5657297250001,18.20299125400004],[120.56631208700003,18.20253368500005],[120.56728268900008,18.201701740000033],[120.5683919490001,18.200869795000074],[120.56923789400003,18.200347711000063],[120.56959826900004,18.20012104500006],[120.57048567700008,18.199815998000076],[120.57089098100005,18.19968798600007],[120.57124829300005,18.199649609000062],[120.57173359400008,18.199594146000038],[120.57228822400009,18.199594146000038],[120.5727596590001,18.199635743000044],[120.57373026200003,18.199732804000064],[120.57265255400011,18.196462798000027],[120.57101194300003,18.19132739300005],[120.57201184200005,18.18926934700005],[120.56846007100012,18.18973441600002],[120.56602420500008,18.18996799200005],[120.56511164000005,18.19134983200007],[120.56074371300008,18.199569644000064],[120.55874441200001,18.199616915000036],[120.55769888000009,18.202575547000038],[120.55582958200011,18.208232507000048],[120.5572993510001,18.20810771500004]]]},"properties":{"brgy_name":"Bgy. No. 45, Tangid","name":"Bgy. No. 45, Tangid","brgy_code":"102812082","psgc_code":"102812082","adm4_pcode":"PH0102812082","adm3_pcode":"PH0102812","city_name":"Laoag City","prov_name":"Ilocos Norte","reg_name":"Region I","shape_sqkm":1.80548217212,"boundary_source":"altcoder/philippines-psgc-shapefiles; sourced from PSA/NAMRIA/OCHA public administrative boundaries","boundary_granularity":"barangay"}},{"type":"Feature","geometry":{"type":"Polygon","coordinates":[[[120.59339398600002,18.23391515700007],[120.59392797800001,18.23291621000004],[120.59571397100001,18.232189239000036],[120.59849096300002,18.231260271000053],[120.59921596200002,18.231199269000058],[120.59958101100005,18.231032524000057],[120.60170598000002,18.22982699000005],[120.60261094600003,18.229338351000024],[120.60137492700005,18.227064492000068],[120.60073391300011,18.225308598000026],[120.60000819900006,18.22407404100005],[120.59938346600006,18.22351406200005],[120.59927571000003,18.22341732600006],[120.59773495800005,18.221851316000027],[120.59712876000003,18.219754883000064],[120.59700621800005,18.218469759000072],[120.59618522100004,18.216760202000046],[120.5961707350001,18.216698637000036],[120.59603674000005,18.21644151000004],[120.59601138900007,18.216376323000077],[120.59600414600004,18.21625681300003],[120.59602587500001,18.216082981000056],[120.59608744100001,18.215862069000025],[120.59609830500006,18.215738938000072],[120.5960801980001,18.215554241000063],[120.59607657600009,18.215434732000062],[120.59608381900011,18.215257278000024],[120.59609106200003,18.215123282000036],[120.59612003400002,18.215050852000047],[120.59616349200007,18.214931343000046],[120.59624678700004,18.214764754000043],[120.5962612730001,18.214692324000055],[120.5963228380001,18.214159962000053],[120.59636629600004,18.214102018000062],[120.59642061900001,18.214036831000044],[120.59651477800003,18.21399699500006],[120.59663066600001,18.21394629400004],[120.59608146000005,18.213166269000055],[120.59540284500008,18.21241622200006],[120.59457350000002,18.211788152000054],[120.59426745100006,18.210690616000022],[120.5942419920001,18.210145784000076],[120.59423690000006,18.209881006000046],[120.59421585300004,18.20958214600006],[120.59414652700002,18.209640380000053],[120.59407165400012,18.209684749000075],[120.59399123600008,18.209712479000075],[120.59390249800003,18.20972911800004],[120.59376107300011,18.209745756000075],[120.59349763400007,18.209773486000074],[120.59329242800004,18.209798444000057],[120.59316209500003,18.209798444000057],[120.59294302400008,18.20979567100005],[120.5927710950001,18.20979567100005],[120.59253538600001,18.20982340100005],[120.5924022800001,18.20985667800005],[120.59219984800006,18.209934323000027],[120.59202237300008,18.210036926000043],[120.59177557100008,18.210183897000036],[120.59165078400008,18.21027540800003],[120.59142062100011,18.210522209000032],[120.5913540680001,18.210588762000043],[120.59132633800004,18.210649769000042],[120.59133465700006,18.210699684000076],[120.59137902600003,18.210769010000035],[120.59146221700007,18.210854975000075],[120.59158977700008,18.210971443000062],[120.59165633000009,18.210990854000045],[120.591736749,18.21098808100004],[120.59191977000012,18.210963124000045],[120.59203901100011,18.21096035100004],[120.59214438700008,18.210979762000022],[120.5922459950001,18.211036754000077],[120.59235179900008,18.211173417000055],[120.59243115100003,18.211354164000056],[120.59244110300006,18.21147891000004],[120.59242674300003,18.211583405000056],[120.59232975600003,18.211856730000022],[120.59197267000002,18.212469509000073],[120.59176106300004,18.212711975000047],[120.59148332900008,18.212941216000047],[120.59123645400007,18.213029385000027],[120.59172294500001,18.213591786000052],[120.59191254400002,18.21416170300006],[120.59196545800012,18.214690837000035],[120.59183846500002,18.21511414400004],[120.5916479770001,18.215558617000056],[120.5915209850001,18.215992507000067],[120.59110826000006,18.217516413000055],[120.59096010300004,18.21797146800003],[120.59076552500005,18.218292285000075],[120.58963460100006,18.220043169000064],[120.5893988570001,18.220430462000024],[120.58908696800006,18.220754714000066],[120.588875314,18.220966368000063],[120.588472722,18.226576633000036],[120.58828588800009,18.226788162000048],[120.58799695200003,18.226977331000057],[120.58766445800006,18.227283863000025],[120.58754658700002,18.227671156000042],[120.58740432100001,18.227961521000054],[120.58741187600003,18.228294193000067],[120.58742548700002,18.22849065500003],[120.58749956600002,18.22861764700008],[120.58770063700001,18.22877638700004],[120.58789112500006,18.22899862400004],[120.58783788300002,18.229232178000075],[120.58776413300006,18.22954892300004],[120.59091541600003,18.235767166000073],[120.59339398600002,18.23391515700007]]]},"properties":{"brgy_name":"Bgy. No. 55-C, Vira","name":"Bgy. No. 55-C, Vira","brgy_code":"102812083","psgc_code":"102812083","adm4_pcode":"PH0102812083","adm3_pcode":"PH0102812","city_name":"Laoag City","prov_name":"Ilocos Norte","reg_name":"Region I","shape_sqkm":2.30029965072,"boundary_source":"altcoder/philippines-psgc-shapefiles; sourced from PSA/NAMRIA/OCHA public administrative boundaries","boundary_granularity":"barangay"}},{"type":"Feature","geometry":{"type":"Polygon","coordinates":[[[120.5532158200001,18.202385754000034],[120.553318708,18.202185695000026],[120.55346732300006,18.20201993200004],[120.55358735900006,18.201934192000067],[120.55368453000006,18.201848453000025],[120.5540741100001,18.200222558000064],[120.554123462,18.200004958000022],[120.55413692200011,18.19989054900003],[120.55415324000012,18.199704963000045],[120.55418182000005,18.199504904000037],[120.55423326300001,18.19936200500007],[120.55439331100001,18.199064774000078],[120.55463338100003,18.198721816000045],[120.5543875950001,18.198578917000077],[120.5543075710001,18.198521757000037],[120.55417610400002,18.198441734000028],[120.55399319300011,18.19833884600007],[120.55381599700002,18.198184515000037],[120.55363880200002,18.198018752000053],[120.55353591500011,18.197852988000022],[120.55347875500001,18.19775581700003],[120.55338759300002,18.19774311200007],[120.55163650000009,18.196662144000072],[120.55173389400011,18.196637198000076],[120.55177888000003,18.196579359000054],[120.55180458600012,18.196480819000044],[120.5518131550001,18.196337293000056],[120.55180458600012,18.195932421000066],[120.55177245300001,18.195767473000046],[120.55174032000002,18.195463284000027],[120.55172746700009,18.195238355000072],[120.55172318300004,18.19514409900006],[120.55170818800002,18.19508626000004],[120.5517103300001,18.195034848000034],[120.55182600800003,18.194861331000027],[120.55187956200007,18.194794924000064],[120.55188384600001,18.194696383000064],[120.55186644100002,18.194569192000074],[120.55188572100008,18.194458334000046],[120.55196765900007,18.194361936000064],[120.55199657900005,18.19425589800005],[120.55203379900001,18.19417797600005],[120.55204451000009,18.194113711000057],[120.55206887700001,18.194010083000023],[120.55206887700001,18.193740168000033],[120.55205441800001,18.19358593100003],[120.55202067800008,18.193489533000047],[120.55198211900006,18.193383495000035],[120.55198211900006,18.19331119700007],[120.55201546600006,18.193245915000034],[120.55211835400007,18.193194471000027],[120.55218694500002,18.193103016000066],[120.5521812290001,18.192994412000075],[120.55215265000004,18.192868661000034],[120.552146934,18.192731477000052],[120.55210692200001,18.192605726000068],[120.55208977400002,18.192348507000077],[120.55210692200001,18.192199892000076],[120.55208977400002,18.19202841300006],[120.5520840580001,18.19191980900007],[120.55214121800009,18.19183978600006],[120.55228411700011,18.191788342000052],[120.55234588600001,18.191787055000077],[120.55239977500003,18.19176169600007],[120.5524663440001,18.19171731600005],[120.55248484300012,18.19169571300006],[120.55245123200007,18.191613587000063],[120.55244403200004,18.191556556000023],[120.5524512400001,18.19149724400006],[120.55247285600001,18.191435653000042],[120.55252328800009,18.191346689000056],[120.55260734400008,18.19117104000003],[120.55269527400003,18.190965668000047],[120.55273369700001,18.190922327000067],[120.55278172400006,18.19088811200004],[120.55231388900006,18.190656233000027],[120.55188009800008,18.190457010000046],[120.55130007600008,18.188663202000043],[120.55048734100001,18.188615404000075],[120.55016344100011,18.188596106000034],[120.55000747100007,18.18858488500007],[120.5498229210001,18.188575955000033],[120.54962898800011,18.188548129000026],[120.54948480500002,18.188525191000053],[120.54934062100006,18.188492422000024],[120.54918660700002,18.188439991000052],[120.5490129310001,18.18835479200004],[120.54892117800011,18.18830891500005],[120.5484525810001,18.188017271000035],[120.54794138500006,18.187686304000067],[120.547708725,18.187538844000073],[120.5463029340001,18.18676221800007],[120.54596213700006,18.186565604000066],[120.5457587730001,18.18645350500003],[120.5452215570001,18.18614943800003],[120.54487092900001,18.185992147000036],[120.54455962300005,18.185861071000033],[120.54379282900004,18.185612026000058],[120.54299326500006,18.185408859000063],[120.54287857300005,18.185382643000025],[120.54238376100011,18.185245013000042],[120.54212259500002,18.185162002000027],[120.54376197400006,18.19023491400003],[120.54344666200006,18.19053051900005],[120.54315105800003,18.190786710000054],[120.54291457400006,18.191003487000046],[120.5426780900001,18.191249824000067],[120.54242189900003,18.191506015000073],[120.54217556200001,18.191624257000058],[120.5418799570001,18.191831180000065],[120.54162376600004,18.192008543000043],[120.5412000660001,18.192097225000055],[120.54090446100008,18.192116932000033],[120.54051032100006,18.19216619900004],[120.54022457000008,18.19216619900004],[120.53962052300005,18.199067248000063],[120.54050898900005,18.19964122300007],[120.54095351000001,18.19995104000003],[120.5414115000001,18.200274327000045],[120.5420715460001,18.200664966000033],[120.54263729900003,18.201015195000025],[120.54348906700011,18.20161854500003],[120.54398433000006,18.202133230000072],[120.54444580300003,18.202686208000046],[120.5448599,18.203318618000026],[120.54511135900009,18.20378160200005],[120.54549300500003,18.204355832000033],[120.54577588100005,18.204773412000065],[120.54604036400008,18.205209774000025],[120.546456336,18.205653478000045],[120.54690004000008,18.206027853000023],[120.54778744800001,18.20672114000007],[120.54903536500001,18.207497622000062],[120.5497286530001,18.207816534000074],[120.55036647700001,18.208052252000073],[120.55124001900003,18.20820477500007],[120.5532158200001,18.202385754000034]]]},"properties":{"brgy_name":"Bgy. No. 44, Zamboanga","name":"Bgy. No. 44, Zamboanga","brgy_code":"102812084","psgc_code":"102812084","adm4_pcode":"PH0102812084","adm3_pcode":"PH0102812","city_name":"Laoag City","prov_name":"Ilocos Norte","reg_name":"Region I","shape_sqkm":2.3745234571,"boundary_source":"altcoder/philippines-psgc-shapefiles; sourced from PSA/NAMRIA/OCHA public administrative boundaries","boundary_granularity":"barangay"}}]}