{"type":"FeatureCollection","name":"NOAH_Flood_IlocosNorte_Laoag","properties":{"source":"Project NOAH / UP Resilience Institute","description":"Laoag-focused flood hazard polygons clipped from Ilocos Norte 5-year and 25-year NOAH flood shapefiles.","note":"Simplified local operational screening layer. Validate warnings with PAGASA/LGU field checks and river or drainage observations.","generated_at":"2026-06-05T05:37:50.145Z","visual_palette":"blue hazard intensity by NOAH Var class"},"features":[{"type":"Feature","properties":{"source":"Project NOAH / UP Resilience Institute Flood Hazard Maps","province":"Ilocos Norte","focus_area":"Laoag operational area","return_period":5,"return_period_label":"5-year flood hazard","var":1,"hazard_label":"Low Hazard","color":"#93c5fd","fillColor":"#93c5fd","attribution":"Project NOAH / UP Resilience Institute flood hazard shapefiles, WGS84"},"geometry":{"type":"MultiPolygon","coordinates":[[[[120.5884,18.0903],[120.588,18.0915],[120.5904,18.0911],[120.5884,18.0903]]],[[[120.6263,18.0922],[120.626,18.091],[120.6242,18.0923],[120.6263,18.0922]]],[[[120.586,18.094],[120.5848,18.0922],[120.5834,18.0935],[120.586,18.094]]],[[[120.4791,18.0932],[120.4805,18.0946],[120.4809,18.0933],[120.4791,18.0932]]],[[[120.6313,18.0935],[120.6316,18.0921],[120.6294,18.0933],[120.6313,18.0935]]],[[[120.5389,18.0951],[120.5391,18.0927],[120.5371,18.0941],[120.5389,18.0951]]],[[[120.6292,18.094],[120.6264,18.0947],[120.6271,18.0958],[120.6292,18.094]]],[[[120.5987,18.0965],[120.5993,18.0922],[120.5979,18.0936],[120.5987,18.0965]]],[[[120.6207,18.097],[120.6199,18.096],[120.6179,18.0965],[120.6207,18.097]]],[[[120.6745,18.0956],[120.6754,18.0979],[120.6756,18.0943],[120.6745,18.0956]]],[[[120.5025,18.0988],[120.503,18.0964],[120.5082,18.098],[120.5093,18.0934],[120.5076,18.0916],[120.5078,18.0928],[120.505,18.0913],[120.5076,18.0938],[120.5064,18.0943],[120.5048,18.0925],[120.5051,18.0937],[120.502,18.093],[120.5034,18.095],[120.5025,18.0988]]],[[[120.537,18.0981],[120.5364,18.0971],[120.5355,18.0993],[120.537,18.0981]]],[[[120.5191,18.0996],[120.5188,18.0979],[120.5213,18.0981],[120.5169,18.0963],[120.5191,18.0996]]],[[[120.5244,18.1011],[120.526,18.1002],[120.5262,18.0982],[120.5244,18.1011]]],[[[120.6356,18.101],[120.6347,18.0992],[120.6334,18.101],[120.6356,18.101]]],[[[120.5355,18.1024],[120.5371,18.1009],[120.5355,18.1005],[120.5355,18.1024]]],[[[120.6287,18.1024],[120.6295,18.1003],[120.6283,18.1002],[120.6287,18.1024]]],[[[120.5864,18.105],[120.5828,18.1043],[120.5839,18.1055],[120.5864,18.105]]],[[[120.5344,18.1058],[120.5352,18.1009],[120.5326,18.1064],[120.5344,18.1058]]],[[[120.4926,18.106],[120.4916,18.1028],[120.4928,18.103],[120.4912,18.105],[120.4903,18.1017],[120.4895,18.1039],[120.4926,18.106]]],[[[120.5683,18.1072],[120.5668,18.104],[120.5704,18.1011],[120.5693,18.1006],[120.5656,18.1053],[120.5683,18.1072]]],[[[120.4937,18.1077],[120.4938,18.1049],[120.4927,18.106],[120.4937,18.1077]]],[[[120.5442,18.1066],[120.5421,18.1067],[120.5448,18.1081],[120.5442,18.1066]]],[[[120.5232,18.1079],[120.5276,18.1047],[120.5222,18.1073],[120.5232,18.1079]]],[[[120.6026,18.1076],[120.6009,18.109],[120.6031,18.1091],[120.6026,18.1076]]],[[[120.5705,18.1055],[120.5722,18.1092],[120.5728,18.1069],[120.5705,18.1055]]],[[[120.636,18.1087],[120.6368,18.1077],[120.6331,18.1091],[120.636,18.1087]]],[[[120.679,18.1087],[120.6764,18.107],[120.6782,18.1095],[120.6803,18.1086],[120.679,18.1087]]],[[[120.6702,18.1104],[120.674,18.1091],[120.6721,18.1087],[120.6702,18.1104]]],[[[120.5635,18.1109],[120.563,18.108],[120.559,18.1063],[120.5635,18.1109]]],[[[120.5575,18.1115],[120.5569,18.1054],[120.5563,18.1085],[120.5529,18.1098],[120.5566,18.1097],[120.5575,18.1115]]],[[[120.6374,18.1105],[120.6337,18.1104],[120.6355,18.1118],[120.6374,18.1105]]],[[[120.6315,18.1122],[120.6349,18.1119],[120.632,18.1101],[120.6315,18.1122]]],[[[120.6259,18.1121],[120.6273,18.1103],[120.6245,18.1081],[120.6253,18.1062],[120.623,18.1063],[120.624,18.1114],[120.6259,18.1121]]],[[[120.4992,18.1138],[120.4973,18.1107],[120.4971,18.1128],[120.4992,18.1138]]],[[[120.6037,18.1138],[120.6014,18.1138],[120.6005,18.1151],[120.6037,18.1138]]],[[[120.6746,18.1154],[120.6737,18.1162],[120.673,18.1142],[120.6716,18.1159],[120.6755,18.1168],[120.6746,18.1154]]],[[[120.6286,18.1217],[120.6277,18.1199],[120.6264,18.1211],[120.6286,18.1217]]],[[[120.5528,18.1198],[120.5512,18.1205],[120.5509,18.1231],[120.5528,18.1198]]],[[[120.6279,18.1245],[120.6289,18.1221],[120.6258,18.1217],[120.6279,18.1245]]],[[[120.6737,18.1248],[120.6757,18.1249],[120.6771,18.1218],[120.6746,18.1214],[120.6737,18.1248]]],[[[120.5889,18.1253],[120.5875,18.1233],[120.5878,18.1257],[120.5889,18.1253]]],[[[120.7147,18.1241],[120.7127,18.125],[120.717,18.1263],[120.7147,18.1241]]],[[[120.555,18.1243],[120.5539,18.1245],[120.5546,18.1265],[120.555,18.1243]]],[[[120.6272,18.1276],[120.6267,18.1247],[120.6259,18.1274],[120.6272,18.1276]]],[[[120.72,18.121],[120.7185,18.1197],[120.72,18.1149],[120.7165,18.1199],[120.7182,18.1214],[120.715,18.1209],[120.7136,18.123],[120.717,18.1219],[120.7199,18.1241],[120.72,18.121]]],[[[120.7124,18.1306],[120.7169,18.1277],[120.7155,18.1256],[120.712,18.1274],[120.7128,18.1297],[120.7106,18.1301],[120.7124,18.1306]]],[[[120.6527,18.1298],[120.6525,18.1325],[120.6554,18.1339],[120.6527,18.1298]]],[[[120.6254,18.1325],[120.623,18.1321],[120.6235,18.1342],[120.6254,18.1325]]],[[[120.5268,18.135],[120.5241,18.1323],[120.5258,18.1353],[120.5268,18.135]]],[[[120.5721,18.1353],[120.5692,18.1315],[120.5666,18.134],[120.5693,18.1323],[120.5721,18.1353]]],[[[120.5271,18.1338],[120.5287,18.1357],[120.5265,18.1313],[120.5271,18.1338]]],[[[120.6866,18.1329],[120.6863,18.1304],[120.6836,18.1356],[120.6866,18.1329]]],[[[120.5926,18.1368],[120.5943,18.1351],[120.5919,18.1358],[120.5926,18.1368]]],[[[120.7024,18.1359],[120.7077,18.1359],[120.7082,18.1338],[120.6998,18.136],[120.7024,18.1359]]],[[[120.7163,18.1375],[120.7194,18.1338],[120.7136,18.1369],[120.7144,18.1335],[120.7109,18.1333],[120.711,18.1376],[120.7163,18.1375]]],[[[120.59,18.1381],[120.5913,18.136],[120.5889,18.1359],[120.5884,18.1381],[120.59,18.1381]]],[[[120.6276,18.1375],[120.6312,18.1349],[120.6266,18.1365],[120.627,18.14],[120.6276,18.1375]]],[[[120.5449,18.1401],[120.5412,18.1387],[120.5443,18.1409],[120.5449,18.1401]]],[[[120.5683,18.1376],[120.5712,18.1416],[120.5726,18.1419],[120.5683,18.1376]]],[[[120.5485,18.1408],[120.548,18.1397],[120.5463,18.1415],[120.5485,18.1408]]],[[[120.568,18.1432],[120.5676,18.1394],[120.5673,18.1419],[120.5643,18.1409],[120.568,18.1432]]],[[[120.5784,18.1403],[120.5755,18.1397],[120.5768,18.1443],[120.5784,18.1403]]],[[[120.5905,18.1441],[120.5911,18.143],[120.5858,18.1409],[120.5905,18.1441]]],[[[120.66,18.1446],[120.661,18.1414],[120.6598,18.1414],[120.66,18.1446]]],[[[120.5306,18.1407],[120.5312,18.1431],[120.5329,18.1451],[120.5306,18.1407]]],[[[120.5691,18.1443],[120.566,18.1456],[120.5673,18.1459],[120.5691,18.1443]]],[[[120.6062,18.1477],[120.6064,18.1465],[120.6036,18.1484],[120.6062,18.1477]]],[[[120.5815,18.1413],[120.5837,18.1403],[120.5783,18.139],[120.5784,18.1403],[120.5826,18.1399],[120.5802,18.1427],[120.5801,18.1487],[120.5815,18.1413]]],[[[120.6014,18.1497],[120.6033,18.1482],[120.601,18.1484],[120.6014,18.1497]]],[[[120.5503,18.1499],[120.5507,18.1448],[120.548,18.1456],[120.5503,18.1499]]],[[[120.5674,18.1511],[120.5721,18.1465],[120.5696,18.1466],[120.5674,18.1511]]],[[[120.5961,18.149],[120.5917,18.1472],[120.5964,18.1508],[120.5961,18.149]]],[[[120.5916,18.1515],[120.5886,18.1487],[120.5906,18.1515],[120.5916,18.1515]]],[[[120.5736,18.1499],[120.5721,18.1498],[120.5697,18.1518],[120.5736,18.1499]]],[[[120.6191,18.1489],[120.6167,18.1513],[120.619,18.1519],[120.6191,18.1489]]],[[[120.6947,18.1509],[120.6954,18.1499],[120.6934,18.1497],[120.6927,18.152],[120.6947,18.1509]]],[[[120.5752,18.1469],[120.5748,18.1485],[120.5771,18.1525],[120.5752,18.1469]]],[[[120.6199,18.1508],[120.6181,18.1525],[120.6191,18.1535],[120.6199,18.1508]]],[[[120.6562,18.1475],[120.6552,18.1519],[120.658,18.1539],[120.6562,18.1475]]],[[[120.6345,18.1452],[120.6337,18.1524],[120.6317,18.1533],[120.6305,18.1476],[120.6347,18.1432],[120.6339,18.1408],[120.6297,18.1484],[120.6292,18.153],[120.6313,18.1542],[120.6349,18.1512],[120.6345,18.1452]]],[[[120.6599,18.145],[120.6584,18.1504],[120.6646,18.1543],[120.6606,18.1513],[120.6599,18.145]]],[[[120.531,18.147],[120.5303,18.1447],[120.5317,18.1544],[120.533,18.1541],[120.531,18.147]]],[[[120.5959,18.1537],[120.596,18.1524],[120.5936,18.1546],[120.5959,18.1537]]],[[[120.5992,18.156],[120.6007,18.1505],[120.5971,18.1538],[120.5992,18.156]]],[[[120.5927,18.1566],[120.5937,18.1558],[120.5913,18.1541],[120.5949,18.1531],[120.5858,18.1518],[120.5875,18.1535],[120.5911,18.1525],[120.5904,18.155],[120.5927,18.1566]]],[[[120.6612,18.1545],[120.6574,18.1549],[120.6584,18.1571],[120.6612,18.1545]]],[[[120.5958,18.1572],[120.593,18.157],[120.5931,18.158],[120.5958,18.1572]]],[[[120.5811,18.1539],[120.5796,18.1531],[120.5783,18.1557],[120.5775,18.1533],[120.5782,18.1582],[120.5809,18.1565],[120.5811,18.1539]]],[[[120.5324,18.1581],[120.532,18.1561],[120.5308,18.1579],[120.5324,18.1581]]],[[[120.6339,18.1573],[120.6343,18.1561],[120.6312,18.1579],[120.6339,18.1573]]],[[[120.5421,18.1556],[120.5412,18.1577],[120.5423,18.1585],[120.5421,18.1556]]],[[[120.6169,18.1563],[120.6185,18.1582],[120.6185,18.1547],[120.6155,18.1549],[120.6169,18.1563]]],[[[120.6027,18.1587],[120.6025,18.1562],[120.6045,18.1552],[120.6022,18.1542],[120.6029,18.1519],[120.6014,18.1539],[120.6027,18.1587]]],[[[120.5463,18.1586],[120.5471,18.1576],[120.5448,18.1572],[120.5463,18.1586]]],[[[120.7139,18.1598],[120.7183,18.1593],[120.7145,18.1552],[120.7109,18.1571],[120.7133,18.1578],[120.7117,18.1596],[120.7131,18.1616],[120.7139,18.1598]],[[120.7145,18.1594],[120.7136,18.157],[120.7145,18.1568],[120.7145,18.1594]]],[[[120.6226,18.1624],[120.6262,18.1616],[120.6249,18.161],[120.6226,18.1624]]],[[[120.5758,18.1615],[120.577,18.162],[120.575,18.1565],[120.5728,18.1611],[120.5738,18.1589],[120.5743,18.1624],[120.5758,18.1615]],[[120.5752,18.1601],[120.5745,18.1623],[120.574,18.16],[120.5752,18.1601]]],[[[120.6117,18.1607],[120.6108,18.1636],[120.6121,18.1624],[120.6117,18.1607]]],[[[120.6462,18.1577],[120.6457,18.1588],[120.6524,18.1621],[120.6508,18.1638],[120.6544,18.1611],[120.6472,18.1563],[120.6462,18.1577]],[[120.6512,18.1599],[120.6527,18.1613],[120.6494,18.1596],[120.6512,18.1599]]],[[[120.6584,18.1651],[120.6594,18.163],[120.6568,18.1653],[120.6584,18.1651]]],[[[120.5435,18.1645],[120.5424,18.1637],[120.5438,18.1656],[120.5445,18.1634],[120.5435,18.1645]]],[[[120.6989,18.1657],[120.7008,18.1664],[120.7001,18.1646],[120.6989,18.1657]]],[[[120.6239,18.1651],[120.6238,18.1638],[120.62,18.1664],[120.6239,18.1651]]],[[[120.6473,18.1655],[120.6436,18.1676],[120.6464,18.1672],[120.6473,18.1655]]],[[[120.5559,18.1641],[120.5586,18.1639],[120.5574,18.1659],[120.5585,18.1654],[120.5581,18.1626],[120.5598,18.1613],[120.5551,18.1622],[120.5531,18.1609],[120.5535,18.1585],[120.5525,18.1608],[120.5549,18.1625],[120.5549,18.1673],[120.5559,18.1641]]],[[[120.6888,18.1681],[120.6903,18.1651],[120.6879,18.1649],[120.6888,18.1681]]],[[[120.6075,18.1687],[120.6088,18.1662],[120.607,18.1673],[120.6075,18.1687]]],[[[120.6033,18.1681],[120.6085,18.1651],[120.6036,18.1627],[120.6078,18.1583],[120.6077,18.1562],[120.5993,18.1615],[120.5961,18.1602],[120.5988,18.1567],[120.595,18.1595],[120.5971,18.1625],[120.6007,18.162],[120.6006,18.1661],[120.6033,18.1681]],[[120.6012,18.1611],[120.6026,18.1596],[120.6031,18.1617],[120.6012,18.1611]]],[[[120.5497,18.1656],[120.5486,18.166],[120.5498,18.169],[120.5497,18.1656]]],[[[120.6576,18.1691],[120.6584,18.1682],[120.6563,18.1671],[120.6559,18.1694],[120.6576,18.1691]]],[[[120.5452,18.1684],[120.5447,18.1662],[120.5434,18.1681],[120.5452,18.1684]]],[[[120.6509,18.1669],[120.6505,18.1657],[120.6434,18.1697],[120.6497,18.167],[120.6488,18.1693],[120.6509,18.1669]]],[[[120.5545,18.1694],[120.5539,18.1661],[120.5516,18.1653],[120.5545,18.1694]]],[[[120.6992,18.1689],[120.6961,18.1698],[120.6957,18.1716],[120.6992,18.1689]]],[[[120.6912,18.1703],[120.6909,18.1669],[120.6889,18.1683],[120.6903,18.1712],[120.6912,18.1703]]],[[[120.5858,18.1695],[120.5901,18.1675],[120.5883,18.1661],[120.5825,18.1695],[120.5837,18.1717],[120.5858,18.1695]]],[[[120.5449,18.1712],[120.5414,18.1699],[120.5439,18.1719],[120.5449,18.1712]]],[[[120.5551,18.1719],[120.5529,18.1711],[120.5534,18.1685],[120.5504,18.1716],[120.5551,18.1719]]],[[[120.5867,18.1729],[120.5874,18.1719],[120.5851,18.1718],[120.5867,18.1729]]],[[[120.5611,18.1707],[120.5581,18.1733],[120.5601,18.1736],[120.5611,18.1707]]],[[[120.6038,18.1719],[120.6005,18.174],[120.6048,18.1727],[120.6038,18.1719]]],[[[120.5387,18.1722],[120.5401,18.1749],[120.5403,18.1727],[120.539,18.173],[120.5406,18.172],[120.5387,18.1722]]],[[[120.5826,18.1726],[120.5814,18.1727],[120.5826,18.1749],[120.5826,18.1726]]],[[[120.5784,18.1752],[120.5772,18.1738],[120.5764,18.1751],[120.5784,18.1752]]],[[[120.5895,18.1743],[120.5884,18.1755],[120.5914,18.1755],[120.5895,18.1743]]],[[[120.6032,18.1739],[120.6016,18.1745],[120.6018,18.1761],[120.6032,18.1739]]],[[[120.5805,18.1735],[120.5794,18.173],[120.5822,18.1707],[120.5778,18.1722],[120.5804,18.1767],[120.5817,18.175],[120.5805,18.1735]]],[[[120.6585,18.1735],[120.661,18.174],[120.6549,18.1705],[120.6579,18.1764],[120.6577,18.1752],[120.66,18.1758],[120.6563,18.172],[120.6585,18.1735]]],[[[120.5553,18.176],[120.5517,18.1727],[120.5474,18.1732],[120.5496,18.1703],[120.5473,18.1693],[120.5463,18.1722],[120.5478,18.1753],[120.5508,18.1736],[120.5534,18.1772],[120.5553,18.176]]],[[[120.6536,18.1766],[120.6548,18.1764],[120.6526,18.1699],[120.6523,18.1753],[120.644,18.1744],[120.6455,18.1754],[120.6444,18.1769],[120.641,18.1738],[120.6422,18.178],[120.6447,18.1781],[120.647,18.1752],[120.6459,18.1784],[120.6477,18.1767],[120.6536,18.1766]]],[[[120.5811,18.1771],[120.5796,18.1759],[120.577,18.178],[120.5811,18.1771]]],[[[120.6405,18.1786],[120.6404,18.1751],[120.6396,18.1793],[120.6405,18.1786]]],[[[120.533,18.1773],[120.5318,18.1772],[120.532,18.1795],[120.533,18.1773]]],[[[120.7034,18.1785],[120.7045,18.1798],[120.7066,18.1766],[120.7034,18.1785]]],[[[120.5746,18.18],[120.5778,18.1809],[120.575,18.1788],[120.5746,18.18]]],[[[120.6431,18.1792],[120.6418,18.1791],[120.6429,18.1813],[120.6431,18.1792]]],[[[120.5721,18.1811],[120.5745,18.1814],[120.5745,18.1801],[120.5669,18.1787],[120.5689,18.1817],[120.5687,18.1806],[120.5721,18.1811]]],[[[120.6938,18.1799],[120.6937,18.1775],[120.6891,18.1753],[120.6907,18.1826],[120.6932,18.1829],[120.6941,18.1807],[120.6927,18.1825],[120.6906,18.1819],[120.6938,18.1799]],[[120.6926,18.1797],[120.6913,18.1801],[120.6929,18.1782],[120.6926,18.1797]],[[120.6917,18.1781],[120.6903,18.1779],[120.6924,18.1768],[120.6917,18.1781]]],[[[120.5211,18.1802],[120.5197,18.1832],[120.5209,18.1834],[120.5211,18.1802]]],[[[120.6921,18.1845],[120.6919,18.1833],[120.69,18.1845],[120.6921,18.1845]]],[[[120.6559,18.1846],[120.6528,18.183],[120.6512,18.1844],[120.6559,18.1846]]],[[[120.7012,18.1811],[120.702,18.1789],[120.6999,18.1803],[120.701,18.185],[120.7012,18.1811]]],[[[120.5804,18.1886],[120.5788,18.1881],[120.5781,18.1896],[120.5804,18.1886]]],[[[120.7155,18.1876],[120.7126,18.1895],[120.715,18.1896],[120.7155,18.1876]]],[[[120.5509,18.1901],[120.5527,18.1892],[120.5507,18.1887],[120.5509,18.1901]]],[[[120.6945,18.1887],[120.6935,18.1839],[120.6922,18.1842],[120.6936,18.1875],[120.6922,18.1902],[120.6945,18.1887]]],[[[120.6505,18.1904],[120.6527,18.1901],[120.6496,18.1894],[120.6505,18.1904]]],[[[120.6558,18.1866],[120.6576,18.1878],[120.6541,18.1865],[120.6594,18.191],[120.6575,18.1864],[120.6558,18.1866]]],[[[120.562,18.1891],[120.5616,18.1916],[120.5642,18.1892],[120.562,18.1891]]],[[[120.6479,18.1903],[120.6473,18.1914],[120.6496,18.1921],[120.6479,18.1903]]],[[[120.5644,18.1927],[120.5624,18.1937],[120.5647,18.1944],[120.5644,18.1927]]],[[[120.5295,18.1948],[120.5329,18.1952],[120.5326,18.1943],[120.5295,18.1948]]],[[[120.5714,18.1951],[120.5763,18.1907],[120.5719,18.1921],[120.5714,18.1951]]],[[[120.5462,18.1907],[120.5442,18.1914],[120.5484,18.1934],[120.5478,18.1923],[120.5509,18.196],[120.5512,18.1939],[120.5462,18.1907]]],[[[120.5427,18.1964],[120.5406,18.194],[120.541,18.1956],[120.5427,18.1964]]],[[[120.5682,18.192],[120.5669,18.1855],[120.5678,18.1961],[120.5682,18.192]]],[[[120.6921,18.1976],[120.6907,18.1963],[120.6892,18.1973],[120.6921,18.1976]]],[[[120.5279,18.1982],[120.5282,18.197],[120.5244,18.1964],[120.5279,18.1982]]],[[[120.6066,18.1984],[120.607,18.1959],[120.6047,18.1953],[120.6041,18.1929],[120.6066,18.1984]]],[[[120.6543,18.1968],[120.6546,18.1956],[120.6528,18.1968],[120.6538,18.199],[120.6543,18.1968]]],[[[120.5993,18.1971],[120.5984,18.1967],[120.5979,18.1995],[120.5993,18.1971]]],[[[120.5886,18.1979],[120.5873,18.1982],[120.5901,18.1948],[120.5873,18.196],[120.5864,18.1989],[120.5886,18.1979]]],[[[120.6134,18.1999],[120.6101,18.1982],[120.6153,18.1997],[120.6134,18.1999]]],[[[120.5912,18.1999],[120.5948,18.1995],[120.5963,18.1949],[120.6013,18.1929],[120.5954,18.1938],[120.5918,18.1996],[120.59,18.1981],[120.5912,18.1999]]],[[[120.566,18.1974],[120.5646,18.1995],[120.5665,18.1989],[120.566,18.1974]]],[[[120.5556,18.2004],[120.555,18.1993],[120.5573,18.2],[120.5544,18.1978],[120.5521,18.1985],[120.5556,18.2004]]],[[[120.696,18.2007],[120.6936,18.1992],[120.6933,18.2001],[120.696,18.2007]]],[[[120.6521,18.1987],[120.6486,18.2],[120.6497,18.2013],[120.6521,18.1987]]],[[[120.6363,18.1997],[120.6375,18.1997],[120.6356,18.1967],[120.6315,18.1943],[120.635,18.1946],[120.6308,18.1924],[120.6337,18.1911],[120.6374,18.194],[120.6383,18.192],[120.6331,18.1895],[120.6337,18.1853],[120.6306,18.1863],[120.6354,18.1843],[120.6352,18.1824],[120.6329,18.1833],[120.6297,18.1817],[120.6309,18.1748],[120.634,18.1785],[120.6308,18.1739],[120.6286,18.175],[120.6266,18.1834],[120.6286,18.1904],[120.6306,18.1889],[120.6281,18.1942],[120.63,18.1966],[120.6268,18.1949],[120.6273,18.1987],[120.6305,18.1956],[120.6331,18.198],[120.6354,18.1976],[120.6345,18.199],[120.6315,18.197],[120.6367,18.2016],[120.6363,18.1997]]],[[[120.586,18.2025],[120.5864,18.2001],[120.5841,18.1991],[120.5838,18.2011],[120.586,18.2025]]],[[[120.6002,18.1996],[120.5944,18.1998],[120.596,18.2026],[120.6002,18.1996]]],[[[120.579,18.2032],[120.5814,18.2005],[120.5831,18.2022],[120.5816,18.1989],[120.579,18.2032]]],[[[120.6056,18.2031],[120.6038,18.2007],[120.604,18.2029],[120.6056,18.2031]]],[[[120.5889,18.2041],[120.5912,18.2013],[120.5894,18.2005],[120.5889,18.2041]]],[[[120.715,18.2043],[120.7131,18.2019],[120.7123,18.2029],[120.715,18.2043]]],[[[120.6942,18.2038],[120.6908,18.2027],[120.6909,18.2043],[120.6942,18.2038]]],[[[120.5936,18.2043],[120.5949,18.2035],[120.5928,18.2005],[120.5918,18.2025],[120.5936,18.2043]]],[[[120.6528,18.204],[120.6531,18.2016],[120.6514,18.2047],[120.6528,18.204]]],[[[120.6276,18.2031],[120.6332,18.2024],[120.6329,18.2012],[120.6301,18.1997],[120.6313,18.2017],[120.6291,18.2027],[120.6265,18.2008],[120.6231,18.2039],[120.6246,18.2052],[120.6267,18.2028],[120.6274,18.205],[120.6276,18.2031]]],[[[120.6113,18.2029],[120.6136,18.2022],[120.6158,18.2048],[120.6173,18.2031],[120.6163,18.2038],[120.6145,18.2007],[120.6107,18.202],[120.61,18.1998],[120.608,18.2011],[120.6079,18.199],[120.6043,18.1994],[120.607,18.2037],[120.6095,18.2011],[120.6088,18.2044],[120.6113,18.2029]]],[[[120.5793,18.2062],[120.5827,18.203],[120.5786,18.2039],[120.5793,18.2062]]],[[[120.6026,18.2057],[120.6058,18.2064],[120.6037,18.2051],[120.6026,18.2057]]],[[[120.6944,18.2071],[120.6903,18.2044],[120.6927,18.2067],[120.6918,18.2084],[120.6944,18.2071]]],[[[120.5351,18.2091],[120.5351,18.2079],[120.533,18.2086],[120.5351,18.2091]]],[[[120.698,18.209],[120.6989,18.2074],[120.6938,18.2059],[120.698,18.209]]],[[[120.701,18.2067],[120.6993,18.2038],[120.6972,18.2026],[120.6978,18.2046],[120.6961,18.2028],[120.699,18.2086],[120.7002,18.2072],[120.6983,18.2056],[120.701,18.2067]]],[[[120.6303,18.2091],[120.6264,18.2067],[120.6275,18.2087],[120.6303,18.2091]]],[[[120.6407,18.2104],[120.6395,18.2085],[120.6386,18.2095],[120.6407,18.2104]]],[[[120.616,18.2109],[120.6173,18.2091],[120.6195,18.2102],[120.6191,18.2085],[120.623,18.2061],[120.627,18.2087],[120.6233,18.2057],[120.621,18.2068],[120.6231,18.2049],[120.6189,18.2027],[120.6194,18.2074],[120.6153,18.2095],[120.616,18.2109]]],[[[120.6332,18.2108],[120.6316,18.2094],[120.6298,18.2107],[120.6332,18.2108]]],[[[120.6964,18.2103],[120.6928,18.2102],[120.6945,18.2117],[120.6964,18.2103]]],[[[120.5644,18.2095],[120.5628,18.2092],[120.564,18.2126],[120.5644,18.2095]]],[[[120.7099,18.2126],[120.7073,18.2087],[120.7073,18.2125],[120.7099,18.2126]]],[[[120.6094,18.211],[120.606,18.2123],[120.6067,18.2133],[120.6094,18.211]]],[[[120.6589,18.211],[120.6565,18.2097],[120.6582,18.2129],[120.6589,18.211]]],[[[120.572,18.2142],[120.573,18.2133],[120.5715,18.212],[120.572,18.2142]]],[[[120.704,18.2132],[120.702,18.2142],[120.7042,18.215],[120.704,18.2132]]],[[[120.7003,18.2106],[120.698,18.2101],[120.6987,18.2121],[120.6969,18.2137],[120.6921,18.2147],[120.6992,18.2143],[120.7003,18.2106]]],[[[120.6064,18.2136],[120.6079,18.2156],[120.6087,18.2147],[120.6064,18.2136]]],[[[120.5705,18.2154],[120.5711,18.2135],[120.5646,18.2127],[120.5705,18.2154]]],[[[120.6407,18.214],[120.6381,18.216],[120.6391,18.2167],[120.6407,18.214]]],[[[120.581,18.2158],[120.5801,18.2148],[120.5796,18.217],[120.581,18.2158]]],[[[120.5953,18.2176],[120.5931,18.2119],[120.5916,18.2163],[120.5922,18.2173],[120.5942,18.2149],[120.5953,18.2176]]],[[[120.6424,18.218],[120.6441,18.2163],[120.6429,18.214],[120.6424,18.218]]],[[[120.5726,18.2189],[120.5706,18.2157],[120.57,18.2162],[120.5726,18.2189]]],[[[120.5741,18.2182],[120.5771,18.2163],[120.5764,18.2143],[120.5741,18.2182]]],[[[120.5979,18.2152],[120.5969,18.2165],[120.5965,18.2195],[120.5975,18.2182],[120.5979,18.2152]]],[[[120.6955,18.2198],[120.6953,18.2176],[120.698,18.2162],[120.6901,18.2183],[120.6913,18.2183],[120.6896,18.2201],[120.6929,18.2185],[120.6945,18.2209],[120.6955,18.2198]]],[[[120.6692,18.2202],[120.6685,18.2145],[120.6677,18.2199],[120.6692,18.2202]]],[[[120.6998,18.2175],[120.6962,18.2215],[120.699,18.2196],[120.6984,18.2219],[120.6998,18.2175]]],[[[120.707,18.2203],[120.7098,18.2181],[120.7051,18.212],[120.707,18.2203]],[[120.7078,18.2168],[120.7051,18.2151],[120.7058,18.2142],[120.7078,18.2168]]],[[[120.5683,18.2223],[120.57,18.219],[120.568,18.2201],[120.5683,18.2223]]],[[[120.6187,18.2225],[120.6155,18.2209],[120.6168,18.2229],[120.6187,18.2225]]],[[[120.6636,18.2232],[120.6641,18.221],[120.6585,18.2207],[120.6601,18.2175],[120.6572,18.2191],[120.6562,18.2152],[120.6539,18.214],[120.6534,18.217],[120.6554,18.2194],[120.6533,18.2181],[120.6519,18.2197],[120.6615,18.2213],[120.6636,18.2232]]],[[[120.5948,18.2227],[120.5929,18.2211],[120.593,18.2233],[120.5948,18.2227]]],[[[120.589,18.2216],[120.5902,18.2246],[120.5917,18.223],[120.589,18.2216]]],[[[120.6387,18.2244],[120.6407,18.2235],[120.6378,18.2218],[120.6372,18.2239],[120.6387,18.2244]]],[[[120.6935,18.2247],[120.7012,18.2223],[120.6993,18.2213],[120.6953,18.2238],[120.6948,18.2216],[120.6935,18.2247]]],[[[120.6064,18.2228],[120.6042,18.2222],[120.6042,18.2245],[120.6064,18.2228]]],[[[120.5571,18.2245],[120.5562,18.2206],[120.5555,18.2209],[120.5571,18.2245]]],[[[120.6556,18.225],[120.659,18.2241],[120.6562,18.2227],[120.6511,18.2248],[120.6556,18.225]]],[[[120.5668,18.2251],[120.5687,18.2235],[120.5662,18.2237],[120.5668,18.2251]]],[[[120.5868,18.2236],[120.584,18.2246],[120.5875,18.2255],[120.5868,18.2236]]],[[[120.6632,18.2263],[120.6661,18.2247],[120.66,18.2264],[120.6636,18.2274],[120.6632,18.2263]]],[[[120.6369,18.2266],[120.6353,18.2249],[120.6354,18.2271],[120.6369,18.2266]]],[[[120.631,18.2271],[120.63,18.2249],[120.6292,18.2285],[120.631,18.2271]]],[[[120.7057,18.2282],[120.7069,18.2278],[120.7046,18.2268],[120.7047,18.2235],[120.7028,18.222],[120.7031,18.2256],[120.7013,18.2238],[120.6995,18.2269],[120.7016,18.2259],[120.7057,18.2282]]],[[[120.6984,18.2283],[120.6973,18.2265],[120.6951,18.2277],[120.6984,18.2283]]],[[[120.6635,18.229],[120.661,18.2277],[120.6619,18.2293],[120.6635,18.229]]],[[[120.6007,18.2283],[120.5984,18.2274],[120.5997,18.2295],[120.6007,18.2283]]],[[[120.6652,18.2288],[120.6701,18.2269],[120.6659,18.225],[120.6636,18.229],[120.6652,18.2288]]],[[[120.5712,18.2296],[120.5692,18.2282],[120.5696,18.2302],[120.5712,18.2296]]],[[[120.618,18.2293],[120.6171,18.2291],[120.6186,18.2304],[120.62,18.2291],[120.618,18.2293]]],[[[120.649,18.2284],[120.6459,18.2281],[120.6476,18.23],[120.649,18.2284]]],[[[120.6282,18.2297],[120.6283,18.2278],[120.6268,18.229],[120.6282,18.2297]]],[[[120.7033,18.2304],[120.7005,18.2282],[120.7013,18.2304],[120.7033,18.2304]]],[[[120.6459,18.2297],[120.643,18.229],[120.6451,18.2312],[120.6459,18.2297]]],[[[120.6759,18.2289],[120.6732,18.2303],[120.6739,18.2313],[120.6763,18.2304],[120.6759,18.2289]]],[[[120.6106,18.2308],[120.6093,18.2293],[120.6093,18.2313],[120.6106,18.2308]]],[[[120.5669,18.23],[120.5648,18.2317],[120.5655,18.2324],[120.5669,18.23]]],[[[120.6121,18.2316],[120.6121,18.2303],[120.6114,18.2327],[120.6149,18.2316],[120.6121,18.2316]]],[[[120.6612,18.2344],[120.6618,18.2334],[120.6582,18.2331],[120.6612,18.2344]]],[[[120.5711,18.2334],[120.5693,18.2333],[120.5706,18.2349],[120.5711,18.2334]]],[[[120.5573,18.2344],[120.5585,18.2349],[120.5588,18.2325],[120.5573,18.2344]]],[[[120.5727,18.2343],[120.5718,18.2333],[120.571,18.2357],[120.5727,18.2343]]],[[[120.6562,18.2343],[120.6547,18.2338],[120.6504,18.2358],[120.6562,18.2343]]],[[[120.5691,18.2344],[120.5687,18.2372],[120.5707,18.2371],[120.5691,18.2344]]],[[[120.6088,18.2365],[120.6067,18.2369],[120.6085,18.2381],[120.6088,18.2365]]],[[[120.6426,18.2383],[120.6457,18.2391],[120.6438,18.2378],[120.6426,18.2383]]],[[[120.6179,18.2389],[120.6133,18.2384],[120.6178,18.2396],[120.6179,18.2389]]],[[[120.5799,18.2382],[120.5793,18.2356],[120.5779,18.2374],[120.5764,18.2355],[120.5779,18.24],[120.5799,18.2382]]],[[[120.6055,18.2396],[120.6064,18.2388],[120.604,18.2383],[120.6055,18.2396]]],[[[120.5667,18.2381],[120.5644,18.2394],[120.5651,18.2401],[120.5667,18.2381]]],[[[120.6517,18.2395],[120.6529,18.2393],[120.6511,18.2378],[120.6469,18.2386],[120.6517,18.2395]]],[[[120.6388,18.238],[120.6375,18.238],[120.6351,18.2407],[120.6388,18.238]]],[[[120.5913,18.2408],[120.5913,18.239],[120.5897,18.2397],[120.5913,18.2408]]],[[[120.5636,18.2368],[120.562,18.2349],[120.5636,18.2417],[120.5636,18.2368]]],[[[120.5644,18.2398],[120.5655,18.2418],[120.5695,18.2403],[120.5644,18.2398]]],[[[120.6151,18.2417],[120.6106,18.2404],[120.6091,18.2422],[120.6151,18.2417]]],[[[120.5845,18.2423],[120.5813,18.2416],[120.5827,18.2431],[120.5845,18.2423]]],[[[120.6038,18.2418],[120.6034,18.2434],[120.6048,18.2445],[120.6038,18.2418]]],[[[120.6557,18.2442],[120.6542,18.2436],[120.653,18.2449],[120.6557,18.2442]]],[[[120.6515,18.2454],[120.6472,18.2436],[120.6484,18.2453],[120.6515,18.2454]]],[[[120.6641,18.2442],[120.6621,18.2432],[120.6643,18.2457],[120.6641,18.2442]]],[[[120.6616,18.2449],[120.6594,18.2446],[120.6613,18.2461],[120.6616,18.2449]]],[[[120.6,18.2444],[120.6004,18.241],[120.5975,18.2448],[120.5995,18.246],[120.6,18.2444]]],[[[120.5762,18.2427],[120.5728,18.2428],[120.5754,18.2468],[120.5762,18.2427]]],[[[120.5793,18.2432],[120.5816,18.2476],[120.5808,18.2419],[120.5793,18.2432]]],[[[120.5958,18.2478],[120.5976,18.245],[120.5946,18.2472],[120.5958,18.2478]]],[[[120.6562,18.2463],[120.6542,18.2459],[120.6557,18.2476],[120.6562,18.2463]]],[[[120.5792,18.2503],[120.5772,18.2478],[120.578,18.2518],[120.5792,18.2503]]],[[[120.6347,18.2525],[120.6376,18.2493],[120.6386,18.251],[120.6393,18.2494],[120.6427,18.2504],[120.6409,18.2478],[120.6468,18.2478],[120.6419,18.245],[120.6331,18.251],[120.6284,18.2506],[120.6347,18.2525]]],[[[120.6143,18.2542],[120.6173,18.2528],[120.6143,18.2509],[120.6113,18.2524],[120.6143,18.2542]]],[[[120.5806,18.2542],[120.5829,18.2533],[120.5692,18.2517],[120.5705,18.2536],[120.5724,18.252],[120.5768,18.2546],[120.5792,18.2529],[120.5806,18.2542]]],[[[120.609,18.2554],[120.6099,18.2549],[120.6084,18.2539],[120.6078,18.2554],[120.609,18.2554]]],[[[120.6398,18.2559],[120.6357,18.2531],[120.6406,18.2537],[120.6373,18.2527],[120.6381,18.2511],[120.6357,18.2513],[120.6341,18.2555],[120.6362,18.2543],[120.6398,18.2559]]],[[[120.5777,18.2561],[120.5781,18.2544],[120.5749,18.2575],[120.5777,18.2561]]],[[[120.5739,18.2573],[120.5705,18.2572],[120.5732,18.2558],[120.5708,18.254],[120.57,18.2576],[120.5739,18.2573]]],[[[120.6241,18.2576],[120.6247,18.254],[120.6228,18.2571],[120.6241,18.2576]]],[[[120.653,18.2591],[120.656,18.2572],[120.6514,18.2588],[120.653,18.2591]]],[[[120.5941,18.2549],[120.5911,18.2564],[120.5906,18.2589],[120.5941,18.2549]]],[[[120.6641,18.2601],[120.6643,18.2589],[120.6619,18.2592],[120.6641,18.2601]]],[[[120.5737,18.2603],[120.5743,18.2582],[120.5721,18.2593],[120.5737,18.2603]]],[[[120.6543,18.2607],[120.6558,18.259],[120.6518,18.2612],[120.6543,18.2607]]],[[[120.6518,18.2621],[120.6506,18.2599],[120.6476,18.2594],[120.6505,18.2567],[120.6461,18.2569],[120.649,18.2618],[120.6518,18.2621]]],[[[120.6468,18.2625],[120.6448,18.2635],[120.6482,18.2629],[120.6468,18.2625]]],[[[120.6562,18.2639],[120.6529,18.2624],[120.6525,18.2636],[120.6562,18.2639]]],[[[120.6316,18.2617],[120.6317,18.2593],[120.629,18.2617],[120.6266,18.2613],[120.6256,18.2578],[120.6271,18.2561],[120.6244,18.2592],[120.622,18.2576],[120.6268,18.2511],[120.6257,18.2506],[120.6213,18.2549],[120.6214,18.2537],[120.6192,18.2548],[120.6203,18.2553],[120.6184,18.258],[120.6099,18.2589],[120.6128,18.2607],[120.6203,18.2574],[120.62,18.2599],[120.6222,18.2588],[120.6262,18.2607],[120.6253,18.2616],[120.6281,18.2639],[120.6316,18.2617]]],[[[120.6426,18.2639],[120.6417,18.2626],[120.6408,18.265],[120.6426,18.2639]]],[[[120.6295,18.2654],[120.6254,18.2629],[120.6288,18.2664],[120.6295,18.2654]]],[[[120.6358,18.2644],[120.6369,18.2639],[120.6332,18.2635],[120.6314,18.2652],[120.6333,18.2665],[120.6358,18.2644]],[[120.6325,18.2652],[120.6348,18.2644],[120.6333,18.2662],[120.6325,18.2652]]],[[[120.5948,18.2658],[120.5995,18.2622],[120.5997,18.2576],[120.592,18.2669],[120.5948,18.2658]]],[[[120.5687,18.2674],[120.5708,18.2651],[120.5688,18.2657],[120.5687,18.2674]]],[[[120.5898,18.268],[120.5889,18.266],[120.5882,18.2683],[120.5898,18.268]]],[[[120.5991,18.2683],[120.601,18.2634],[120.5985,18.2679],[120.5996,18.2692],[120.5991,18.2683]]],[[[120.6062,18.2687],[120.6051,18.2668],[120.6078,18.2664],[120.6055,18.2639],[120.6097,18.2603],[120.6069,18.2633],[120.605,18.2609],[120.6035,18.2672],[120.6062,18.2687]]],[[[120.5906,18.2711],[120.5914,18.2677],[120.5898,18.2692],[120.5906,18.2711]]],[[[120.599,18.2687],[120.598,18.2694],[120.5991,18.2714],[120.599,18.2687]]],[[[120.6131,18.2719],[120.6103,18.2698],[120.6099,18.2709],[120.6131,18.2719]]],[[[120.6581,18.272],[120.6569,18.2698],[120.6597,18.2707],[120.6596,18.2694],[120.6565,18.2703],[120.6581,18.272]]],[[[120.5849,18.2746],[120.5889,18.272],[120.5892,18.2691],[120.5849,18.2746]]],[[[120.6401,18.275],[120.6382,18.2735],[120.6378,18.2745],[120.6401,18.275]]],[[[120.6995,18.2744],[120.7011,18.2757],[120.7004,18.2737],[120.6995,18.2744]]],[[[120.5831,18.2757],[120.5819,18.2742],[120.5811,18.2761],[120.5831,18.2757]]],[[[120.6124,18.2755],[120.611,18.2747],[120.6099,18.277],[120.6124,18.2755]]],[[[120.5739,18.2777],[120.5745,18.2754],[120.5725,18.2782],[120.5739,18.2777]]],[[[120.6432,18.2786],[120.6398,18.2758],[120.6381,18.2775],[120.6375,18.2752],[120.6393,18.2785],[120.6432,18.2786]]],[[[120.6101,18.2794],[120.6111,18.2799],[120.6096,18.2784],[120.6081,18.2796],[120.6101,18.2794]]],[[[120.6236,18.2808],[120.6256,18.2794],[120.6232,18.2796],[120.6236,18.2808]]],[[[120.6488,18.2811],[120.647,18.2785],[120.6472,18.2805],[120.6488,18.2811]]],[[[120.5938,18.2814],[120.5951,18.2796],[120.5923,18.2815],[120.5938,18.2814]]],[[[120.6056,18.2828],[120.6055,18.2801],[120.6045,18.2828],[120.6056,18.2828]]],[[[120.58,18.2797],[120.585,18.2779],[120.5773,18.2781],[120.5786,18.2799],[120.5772,18.2833],[120.58,18.2797]]],[[[120.6448,18.2798],[120.6437,18.2794],[120.6459,18.2837],[120.6448,18.2798]]],[[[120.6391,18.2818],[120.6384,18.2808],[120.6372,18.2842],[120.6391,18.2818]]],[[[120.6151,18.2856],[120.6128,18.2828],[120.6112,18.2845],[120.6151,18.2856]]],[[[120.5986,18.2824],[120.5992,18.2835],[120.5998,18.2812],[120.6032,18.2809],[120.6024,18.2819],[120.6035,18.2801],[120.5985,18.2799],[120.5974,18.2859],[120.5988,18.2877],[120.5991,18.281],[120.5986,18.2824]]],[[[120.5896,18.2857],[120.5891,18.2873],[120.5904,18.2884],[120.5896,18.2857]]],[[[120.5918,18.2881],[120.5952,18.2864],[120.5918,18.2858],[120.5906,18.2878],[120.5918,18.2881]]],[[[120.5838,18.2891],[120.5826,18.2859],[120.582,18.288],[120.5838,18.2891]]],[[[120.6371,18.2883],[120.6361,18.285],[120.6326,18.2874],[120.6371,18.2883]]],[[[120.5962,18.2889],[120.5949,18.2891],[120.5969,18.2863],[120.5928,18.2902],[120.5962,18.2889]]],[[[120.6136,18.2931],[120.6115,18.2897],[120.6093,18.2896],[120.6136,18.2931]]],[[[120.6291,18.2962],[120.6284,18.2955],[120.6304,18.2956],[120.6266,18.2939],[120.6291,18.2962]]],[[[120.7069,18.2959],[120.7039,18.2967],[120.7056,18.2971],[120.7069,18.2959]]],[[[120.6002,18.2925],[120.6016,18.2959],[120.6043,18.2975],[120.6002,18.2925]]],[[[120.6076,18.2949],[120.6036,18.2918],[120.6064,18.2883],[120.6088,18.2886],[120.6066,18.2863],[120.6116,18.2887],[120.6073,18.2846],[120.6019,18.2877],[120.6037,18.2868],[120.6052,18.2885],[120.6011,18.2899],[120.6035,18.2948],[120.6067,18.296],[120.6038,18.2957],[120.6087,18.2993],[120.6076,18.2949]]],[[[120.6001,18.2997],[120.5965,18.2978],[120.5962,18.2988],[120.6001,18.2997]]],[[[120.6236,18.2999],[120.6233,18.299],[120.6211,18.3002],[120.6236,18.2999]]],[[[120.7091,18.3007],[120.7103,18.2972],[120.7081,18.2999],[120.7091,18.3007]]],[[[120.6142,18.303],[120.6062,18.3007],[120.6125,18.3038],[120.6142,18.303]]],[[[120.5936,18.3047],[120.5952,18.3023],[120.5925,18.3002],[120.5936,18.3047]]],[[[120.6084,18.3079],[120.6068,18.306],[120.6104,18.3041],[120.6083,18.3029],[120.6052,18.3064],[120.6084,18.3079]]],[[[120.6069,18.31],[120.605,18.3086],[120.6016,18.3097],[120.6069,18.31]]],[[[120.6142,18.31],[120.6089,18.3089],[120.6119,18.3092],[120.6124,18.3056],[120.6084,18.3079],[120.6142,18.31]]],[[[120.599,18.31],[120.5981,18.3077],[120.602,18.3076],[120.6008,18.3052],[120.6017,18.306],[120.6021,18.3036],[120.5985,18.3005],[120.6006,18.3047],[120.5982,18.3018],[120.5996,18.3047],[120.5957,18.3071],[120.5985,18.3097],[120.5966,18.31],[120.5963,18.3088],[120.599,18.31]]]]}},{"type":"Feature","properties":{"source":"Project NOAH / UP Resilience Institute Flood Hazard Maps","province":"Ilocos Norte","focus_area":"Laoag operational area","return_period":5,"return_period_label":"5-year flood hazard","var":2,"hazard_label":"Medium Hazard","color":"#3b82f6","fillColor":"#3b82f6","attribution":"Project NOAH / UP Resilience Institute flood hazard shapefiles, WGS84"},"geometry":{"type":"MultiPolygon","coordinates":[[[[120.5934,18.0906],[120.5941,18.09],[120.5901,18.09],[120.5934,18.0906]]],[[[120.6882,18.0904],[120.6831,18.09],[120.6829,18.0912],[120.6882,18.0904]]],[[[120.6887,18.09],[120.6867,18.0916],[120.6902,18.0906],[120.6887,18.09]]],[[[120.6002,18.0906],[120.6026,18.0906],[120.5975,18.09],[120.5984,18.0922],[120.6002,18.0906]]],[[[120.5869,18.09],[120.5833,18.0925],[120.5807,18.09],[120.5842,18.0932],[120.5869,18.09]]],[[[120.6257,18.0955],[120.6238,18.0924],[120.6229,18.0932],[120.6257,18.0955]]],[[[120.5499,18.0943],[120.5516,18.0912],[120.5491,18.0907],[120.5485,18.0953],[120.5499,18.0943]]],[[[120.6239,18.097],[120.6218,18.0979],[120.6239,18.0995],[120.6248,18.0959],[120.6239,18.097]]],[[[120.4866,18.0964],[120.4878,18.0998],[120.4878,18.0973],[120.4866,18.0964]]],[[[120.6832,18.0918],[120.6828,18.0934],[120.6837,18.101],[120.684,18.094],[120.683,18.0934],[120.6832,18.0918]]],[[[120.545,18.0983],[120.5466,18.1014],[120.5488,18.103],[120.545,18.0983]]],[[[120.5342,18.1041],[120.5357,18.1021],[120.5357,18.0989],[120.5342,18.1041]]],[[[120.5655,18.1066],[120.5652,18.1044],[120.5712,18.0995],[120.5688,18.0994],[120.5687,18.0976],[120.5633,18.1025],[120.5606,18.099],[120.5583,18.0997],[120.5547,18.0907],[120.5538,18.0972],[120.5565,18.0984],[120.5537,18.1051],[120.5499,18.1035],[120.5506,18.1046],[120.5537,18.1065],[120.5556,18.1049],[120.5589,18.1063],[120.5645,18.105],[120.5655,18.1066]]],[[[120.5765,18.1052],[120.5822,18.1062],[120.5838,18.1041],[120.5765,18.1039],[120.5729,18.0992],[120.5742,18.104],[120.5765,18.1052]]],[[[120.5208,18.107],[120.5142,18.0904],[120.5114,18.09],[120.515,18.1007],[120.5226,18.1079],[120.5208,18.107]]],[[[120.6303,18.1063],[120.6275,18.1011],[120.6295,18.108],[120.6303,18.1063]]],[[[120.5685,18.1083],[120.5665,18.1057],[120.5665,18.1076],[120.5685,18.1083]]],[[[120.6286,18.108],[120.6265,18.1011],[120.6274,18.108],[120.6294,18.1091],[120.6286,18.108]]],[[[120.585,18.1092],[120.5835,18.106],[120.5825,18.1066],[120.585,18.1092]]],[[[120.5305,18.1123],[120.5332,18.1068],[120.5355,18.1109],[120.5344,18.1052],[120.5305,18.1123]]],[[[120.5692,18.1126],[120.5692,18.1085],[120.568,18.1086],[120.5692,18.1126]]],[[[120.5767,18.1078],[120.5766,18.1096],[120.5789,18.1123],[120.5767,18.1078]]],[[[120.5414,18.1133],[120.5448,18.1133],[120.5464,18.1123],[120.5414,18.1133]]],[[[120.6289,18.111],[120.6277,18.1089],[120.6271,18.1126],[120.6277,18.1115],[120.6293,18.1141],[120.6289,18.111]]],[[[120.6746,18.1097],[120.6749,18.1081],[120.6734,18.1097],[120.6754,18.111],[120.6738,18.1127],[120.6751,18.1147],[120.6763,18.1133],[120.6746,18.1097]]],[[[120.6323,18.1148],[120.631,18.1114],[120.6299,18.1149],[120.6323,18.1148]]],[[[120.6762,18.1074],[120.6756,18.1041],[120.677,18.1133],[120.6828,18.1177],[120.6779,18.1124],[120.6762,18.1074]]],[[[120.5263,18.1176],[120.5293,18.1151],[120.5273,18.1154],[120.5263,18.1176]]],[[[120.5986,18.1189],[120.6004,18.1156],[120.5987,18.1154],[120.5986,18.1189]]],[[[120.6333,18.1162],[120.6352,18.1195],[120.6353,18.1175],[120.6333,18.1162]]],[[[120.627,18.1134],[120.6274,18.1187],[120.628,18.1163],[120.628,18.1191],[120.6302,18.1197],[120.6323,18.1168],[120.627,18.1134]]],[[[120.5945,18.1143],[120.5948,18.1194],[120.5957,18.1153],[120.5945,18.1143]]],[[[120.6314,18.1192],[120.6323,18.1216],[120.6342,18.1201],[120.6314,18.1192]]],[[[120.6765,18.1179],[120.6746,18.1153],[120.6768,18.1239],[120.6781,18.1218],[120.6765,18.1179]]],[[[120.5503,18.1213],[120.5491,18.1214],[120.5544,18.1263],[120.5503,18.1213]]],[[[120.5882,18.1278],[120.5903,18.1224],[120.5874,18.1185],[120.5897,18.1222],[120.5882,18.1278]]],[[[120.5549,18.1261],[120.555,18.1271],[120.5581,18.1294],[120.5549,18.1261]]],[[[120.5214,18.1265],[120.5236,18.1304],[120.5237,18.1292],[120.5214,18.1265]]],[[[120.5939,18.1252],[120.5918,18.1302],[120.5939,18.1281],[120.5939,18.1252]]],[[[120.6773,18.1312],[120.6769,18.1251],[120.6765,18.1272],[120.6773,18.1312]]],[[[120.72,18.1286],[120.7188,18.1266],[120.7155,18.1273],[120.7135,18.1306],[120.71,18.1306],[120.712,18.1278],[120.7144,18.1276],[120.7115,18.1258],[120.7184,18.1193],[120.72,18.1107],[120.7184,18.1088],[120.7191,18.1107],[120.7173,18.1119],[120.7192,18.1129],[120.7169,18.1131],[120.7161,18.1162],[120.7056,18.1257],[120.7083,18.1242],[120.7084,18.1265],[120.7057,18.1286],[120.709,18.1303],[120.706,18.1308],[120.7066,18.1319],[120.7161,18.1302],[120.713,18.1322],[120.7178,18.1321],[120.7176,18.1295],[120.7191,18.1314],[120.7194,18.1302],[120.719,18.1324],[120.72,18.1286]]],[[[120.6531,18.1286],[120.6527,18.131],[120.6567,18.1353],[120.6588,18.1338],[120.6531,18.1286]]],[[[120.6536,18.1351],[120.6521,18.1322],[120.652,18.1344],[120.6536,18.1351]]],[[[120.5986,18.1342],[120.5962,18.135],[120.5986,18.1358],[120.5986,18.1342]]],[[[120.6935,18.1352],[120.6955,18.1343],[120.6931,18.1348],[120.6929,18.137],[120.6935,18.1352]]],[[[120.6825,18.1374],[120.6864,18.1315],[120.6844,18.1288],[120.6827,18.1305],[120.6825,18.1374]]],[[[120.5507,18.1322],[120.554,18.1377],[120.5519,18.1348],[120.555,18.1345],[120.5507,18.1322]]],[[[120.5956,18.1348],[120.592,18.1351],[120.5901,18.1381],[120.5946,18.1382],[120.5913,18.1371],[120.5956,18.1348]]],[[[120.5801,18.1383],[120.5805,18.1347],[120.5762,18.1321],[120.5769,18.1286],[120.576,18.1321],[120.5791,18.1341],[120.5802,18.1363],[120.5784,18.138],[120.5801,18.1383]]],[[[120.5393,18.1388],[120.5418,18.1384],[120.5394,18.1376],[120.5393,18.1388]]],[[[120.526,18.1364],[120.5274,18.1393],[120.5283,18.1386],[120.526,18.1364]]],[[[120.6588,18.1395],[120.6599,18.1367],[120.6575,18.1378],[120.6588,18.1395]]],[[[120.7038,18.1363],[120.7003,18.1352],[120.7184,18.1326],[120.7055,18.1327],[120.7031,18.135],[120.6971,18.1332],[120.6953,18.1378],[120.708,18.138],[120.7136,18.14],[120.7174,18.138],[120.7053,18.1351],[120.7038,18.1363]]],[[[120.6749,18.1396],[120.6755,18.1373],[120.6735,18.1371],[120.6749,18.1396]]],[[[120.5307,18.1405],[120.5289,18.1358],[120.5286,18.1374],[120.5307,18.1405]]],[[[120.5849,18.1428],[120.5891,18.1425],[120.5858,18.1409],[120.5901,18.1368],[120.5877,18.1377],[120.5933,18.1307],[120.5948,18.1248],[120.5935,18.1301],[120.5891,18.1338],[120.5908,18.1321],[120.5873,18.1327],[120.5881,18.1281],[120.5856,18.13],[120.583,18.1277],[120.5854,18.1314],[120.5837,18.1333],[120.5859,18.1342],[120.5839,18.133],[120.5859,18.1315],[120.5878,18.1331],[120.5878,18.1355],[120.5842,18.136],[120.5849,18.1385],[120.587,18.138],[120.5849,18.1428]]],[[[120.5697,18.1438],[120.5663,18.1416],[120.5683,18.1444],[120.5697,18.1438]]],[[[120.5755,18.1396],[120.5738,18.144],[120.575,18.1426],[120.5762,18.1447],[120.5755,18.1396]]],[[[120.5211,18.1447],[120.5213,18.1428],[120.5198,18.1417],[120.5206,18.1455],[120.5211,18.1447]]],[[[120.5212,18.1447],[120.5216,18.1471],[120.5229,18.1459],[120.5212,18.1447]]],[[[120.568,18.1444],[120.563,18.147],[120.5649,18.1471],[120.568,18.1444]]],[[[120.6482,18.1465],[120.65,18.1476],[120.6504,18.1441],[120.6535,18.143],[120.6494,18.1435],[120.6482,18.1465]]],[[[120.5296,18.1478],[120.5294,18.1444],[120.526,18.1374],[120.5296,18.1478]]],[[[120.699,18.149],[120.698,18.1465],[120.6977,18.1481],[120.699,18.149]]],[[[120.6029,18.1493],[120.605,18.1487],[120.6045,18.1477],[120.6029,18.1493]]],[[[120.6597,18.147],[120.6609,18.1402],[120.6582,18.1409],[120.6594,18.147],[120.6565,18.1483],[120.6573,18.1493],[120.6597,18.147]]],[[[120.6925,18.1472],[120.6949,18.1497],[120.6965,18.1504],[120.6925,18.1472]]],[[[120.7053,18.1497],[120.6994,18.1459],[120.7008,18.1493],[120.7053,18.1497]]],[[[120.5749,18.1394],[120.5761,18.1398],[120.5758,18.1363],[120.5697,18.1307],[120.5734,18.1398],[120.5735,18.1423],[120.5711,18.1439],[120.573,18.1448],[120.5713,18.1449],[120.5748,18.1507],[120.5725,18.1472],[120.5737,18.1473],[120.5736,18.1401],[120.5749,18.1394]]],[[[120.5282,18.1515],[120.5268,18.1443],[120.5237,18.1386],[120.5282,18.1515]]],[[[120.5343,18.1535],[120.5351,18.151],[120.5317,18.1432],[120.5343,18.1535]]],[[[120.5503,18.1539],[120.551,18.1512],[120.5498,18.1512],[120.5503,18.1539]]],[[[120.6583,18.1557],[120.6605,18.1547],[120.6571,18.1544],[120.6583,18.1557]]],[[[120.7023,18.1549],[120.7002,18.1503],[120.7002,18.1546],[120.7023,18.1549]]],[[[120.6003,18.1504],[120.602,18.1495],[120.6008,18.1498],[120.6009,18.1454],[120.5996,18.1494],[120.5922,18.1521],[120.5967,18.1538],[120.5927,18.1566],[120.5962,18.1569],[120.6003,18.1504]]],[[[120.549,18.1572],[120.5473,18.1557],[120.5477,18.1576],[120.549,18.1572]]],[[[120.6985,18.1567],[120.6974,18.1533],[120.6979,18.1578],[120.6985,18.1567]]],[[[120.5248,18.1544],[120.5238,18.1559],[120.5247,18.1571],[120.5248,18.1544]]],[[[120.6439,18.1572],[120.6453,18.1592],[120.646,18.1569],[120.6439,18.1572]]],[[[120.5455,18.1598],[120.5435,18.1485],[120.5414,18.148],[120.5423,18.1463],[120.5383,18.139],[120.5455,18.1598]]],[[[120.6223,18.1596],[120.6224,18.1575],[120.6203,18.1603],[120.6223,18.1596]]],[[[120.5662,18.161],[120.5684,18.16],[120.566,18.1598],[120.565,18.1576],[120.5662,18.161]]],[[[120.602,18.1603],[120.6007,18.1618],[120.6031,18.1621],[120.602,18.1603]]],[[[120.7101,18.1615],[120.7075,18.1589],[120.7081,18.1619],[120.7101,18.1615]]],[[[120.7146,18.1633],[120.7191,18.1616],[120.7155,18.1612],[120.7146,18.1633]]],[[[120.6714,18.157],[120.6716,18.158],[120.671,18.1577],[120.6747,18.1634],[120.6714,18.157]]],[[[120.6226,18.1624],[120.637,18.1534],[120.6393,18.1478],[120.6395,18.1437],[120.6285,18.1289],[120.6286,18.1192],[120.6281,18.1282],[120.627,18.1275],[120.6251,18.1347],[120.625,18.1334],[120.6222,18.1349],[120.6196,18.1405],[120.6187,18.1619],[120.622,18.1556],[120.6219,18.1486],[120.6259,18.1479],[120.6257,18.16],[120.619,18.1629],[120.6226,18.1624]],[[120.629,18.1532],[120.6334,18.1403],[120.6347,18.1436],[120.6331,18.1483],[120.6355,18.1443],[120.635,18.1511],[120.6327,18.154],[120.629,18.1532]],[[120.6274,18.1391],[120.6272,18.1367],[120.6302,18.1349],[120.6274,18.1391]],[[120.6245,18.141],[120.6251,18.1453],[120.6234,18.1471],[120.6245,18.141]],[[120.6216,18.1413],[120.621,18.1518],[120.6194,18.1471],[120.6216,18.1413]],[[120.6274,18.1463],[120.6268,18.1452],[120.6276,18.15],[120.6274,18.1463]]],[[[120.72,18.1533],[120.7176,18.1547],[120.7144,18.153],[120.7094,18.1555],[120.7049,18.1539],[120.7032,18.1561],[120.7067,18.1567],[120.7129,18.1625],[120.7136,18.1602],[120.7161,18.1602],[120.7116,18.1605],[120.7129,18.1584],[120.7108,18.1576],[120.715,18.1552],[120.7152,18.1576],[120.7195,18.1612],[120.72,18.1533]]],[[[120.7051,18.1576],[120.7068,18.1649],[120.7067,18.1593],[120.7051,18.1576]]],[[[120.6111,18.1654],[120.6105,18.163],[120.6083,18.1642],[120.6111,18.1654]]],[[[120.5381,18.1634],[120.5348,18.1651],[120.5418,18.1647],[120.5381,18.1634]]],[[[120.5777,18.1619],[120.5741,18.1624],[120.5737,18.1599],[120.5726,18.1621],[120.5755,18.1658],[120.5755,18.164],[120.5786,18.1649],[120.5777,18.1619]]],[[[120.633,18.1641],[120.636,18.1601],[120.6307,18.1628],[120.6304,18.1659],[120.6338,18.1647],[120.6347,18.1625],[120.633,18.1641]]],[[[120.7101,18.1641],[120.7102,18.1659],[120.7118,18.1658],[120.7101,18.1641]]],[[[120.5493,18.1653],[120.553,18.1659],[120.553,18.1646],[120.5475,18.1638],[120.5471,18.1611],[120.534,18.1597],[120.531,18.1577],[120.5328,18.1605],[120.5315,18.164],[120.5334,18.1609],[120.5338,18.1638],[120.5332,18.1627],[120.539,18.1616],[120.5437,18.1626],[120.5442,18.1643],[120.547,18.1636],[120.5479,18.1666],[120.5493,18.1653]]],[[[120.638,18.1606],[120.6384,18.1594],[120.6363,18.1601],[120.6349,18.1635],[120.6364,18.1616],[120.6366,18.1628],[120.6332,18.1665],[120.6364,18.1651],[120.638,18.1606]]],[[[120.7041,18.1667],[120.7023,18.164],[120.7033,18.167],[120.7041,18.1667]]],[[[120.5704,18.1662],[120.5649,18.162],[120.5669,18.1664],[120.5687,18.1675],[120.5704,18.1662]]],[[[120.6436,18.1691],[120.6499,18.1662],[120.648,18.165],[120.6404,18.17],[120.6436,18.1691]]],[[[120.6947,18.1649],[120.6984,18.1679],[120.7001,18.1664],[120.7001,18.1687],[120.7022,18.1659],[120.7008,18.1638],[120.7011,18.1658],[120.6986,18.1661],[120.6899,18.1641],[120.6887,18.1646],[120.6917,18.1656],[120.6895,18.1668],[120.6915,18.168],[120.6908,18.1703],[120.6947,18.1649]]],[[[120.6289,18.1618],[120.6299,18.161],[120.6226,18.1624],[120.6238,18.1624],[120.6188,18.1655],[120.6187,18.1674],[120.6138,18.1684],[120.6126,18.1705],[120.6207,18.1681],[120.6238,18.1634],[120.6289,18.1618]]],[[[120.5374,18.1709],[120.5364,18.1687],[120.5378,18.1678],[120.5343,18.1668],[120.5353,18.1641],[120.5328,18.1645],[120.5347,18.1701],[120.5357,18.1708],[120.5359,18.1688],[120.5374,18.1709]]],[[[120.6341,18.1715],[120.6374,18.1712],[120.6387,18.1692],[120.6341,18.1715]]],[[[120.5629,18.1724],[120.5638,18.1723],[120.5641,18.1691],[120.5629,18.1724]]],[[[120.5327,18.1725],[120.5327,18.1707],[120.5313,18.1708],[120.5327,18.1725]]],[[[120.5581,18.172],[120.5614,18.1703],[120.5607,18.1647],[120.5575,18.1661],[120.5581,18.172]]],[[[120.5363,18.1708],[120.5349,18.1717],[120.5369,18.173],[120.5363,18.1708]]],[[[120.5404,18.1746],[120.5337,18.1724],[120.5353,18.1743],[120.5404,18.1746]]],[[[120.587,18.1746],[120.5894,18.1754],[120.5895,18.1741],[120.587,18.1746]]],[[[120.7107,18.1673],[120.7132,18.17],[120.7133,18.1744],[120.7178,18.1757],[120.7141,18.1728],[120.7161,18.1699],[120.7107,18.1673]]],[[[120.698,18.1765],[120.7005,18.1708],[120.6966,18.1763],[120.698,18.1765]]],[[[120.7029,18.1718],[120.6993,18.1746],[120.6991,18.177],[120.7029,18.1718]]],[[[120.7081,18.1752],[120.7068,18.1751],[120.7048,18.1772],[120.7081,18.1752]]],[[[120.6587,18.177],[120.6549,18.171],[120.6565,18.1676],[120.6556,18.1641],[120.6499,18.163],[120.6504,18.1653],[120.6551,18.1643],[120.6542,18.1723],[120.6514,18.1672],[120.6546,18.1752],[120.6534,18.1757],[120.6587,18.177]]],[[[120.5527,18.1764],[120.5544,18.1777],[120.5548,18.1765],[120.5527,18.1764]]],[[[120.5885,18.1795],[120.5899,18.1777],[120.5878,18.178],[120.5885,18.1795]]],[[[120.6014,18.1755],[120.5988,18.1781],[120.6005,18.1751],[120.5958,18.1761],[120.5953,18.1773],[120.5976,18.1776],[120.5955,18.1787],[120.6001,18.1792],[120.6046,18.1737],[120.6014,18.1755]]],[[[120.5423,18.1789],[120.5388,18.1785],[120.5405,18.1802],[120.5423,18.1789]]],[[[120.5474,18.1793],[120.5449,18.1765],[120.5448,18.1805],[120.5474,18.1793]]],[[[120.6961,18.1782],[120.6947,18.179],[120.6946,18.1808],[120.6961,18.1782]]],[[[120.5593,18.177],[120.5567,18.1783],[120.559,18.1807],[120.5577,18.1791],[120.5593,18.177]]],[[[120.5485,18.181],[120.5526,18.1793],[120.548,18.1788],[120.5485,18.181]]],[[[120.5748,18.1776],[120.5741,18.1753],[120.5809,18.1704],[120.5801,18.1695],[120.5879,18.1672],[120.5849,18.1659],[120.5899,18.1645],[120.588,18.1577],[120.5914,18.1592],[120.5899,18.1611],[120.5885,18.1595],[120.5923,18.1684],[120.6016,18.1687],[120.6005,18.1623],[120.5931,18.1601],[120.5942,18.1579],[120.5905,18.1553],[120.5909,18.1528],[120.5865,18.1545],[120.5879,18.1578],[120.5824,18.1525],[120.5823,18.15],[120.5831,18.1523],[120.5847,18.1513],[120.5831,18.1506],[120.5826,18.1456],[120.5845,18.1401],[120.5804,18.1427],[120.5811,18.1561],[120.5785,18.1582],[120.5743,18.1451],[120.5735,18.1487],[120.5759,18.1514],[120.5764,18.1589],[120.5791,18.1604],[120.5769,18.1605],[120.5793,18.1635],[120.5815,18.158],[120.5812,18.1592],[120.5871,18.1593],[120.5832,18.1619],[120.5807,18.1669],[120.5754,18.1674],[120.5776,18.1701],[120.5764,18.1723],[120.5763,18.17],[120.5732,18.1718],[120.5736,18.1751],[120.5632,18.1762],[120.5652,18.1791],[120.5662,18.1779],[120.5702,18.1805],[120.5761,18.1804],[120.5748,18.1776]]],[[[120.7046,18.1774],[120.7019,18.1781],[120.7028,18.1785],[120.7007,18.1806],[120.7046,18.1774]]],[[[120.6428,18.1787],[120.6411,18.1742],[120.6456,18.1756],[120.6432,18.1748],[120.6436,18.1716],[120.6421,18.1704],[120.6433,18.1701],[120.6405,18.1715],[120.6422,18.1717],[120.6426,18.1742],[120.641,18.1727],[120.6407,18.1739],[120.6423,18.1758],[120.6391,18.1725],[120.6348,18.1719],[120.6395,18.1738],[120.6395,18.1792],[120.6434,18.1819],[120.6428,18.1787]]],[[[120.5835,18.1841],[120.5849,18.1823],[120.5826,18.1831],[120.5835,18.1841]]],[[[120.643,18.182],[120.6433,18.1835],[120.6458,18.185],[120.643,18.182]]],[[[120.5501,18.1841],[120.5498,18.1829],[120.5478,18.1844],[120.5501,18.1841]]],[[[120.5436,18.1831],[120.5435,18.1849],[120.5452,18.1858],[120.5436,18.1831]]],[[[120.7118,18.1769],[120.7104,18.1758],[120.7088,18.1815],[120.7106,18.1858],[120.7098,18.1811],[120.7118,18.1769]]],[[[120.5585,18.1815],[120.5566,18.1837],[120.5556,18.1813],[120.5516,18.1824],[120.5542,18.1824],[120.553,18.1855],[120.5577,18.1861],[120.5585,18.1815]],[[120.5566,18.1854],[120.5548,18.1844],[120.557,18.1838],[120.5566,18.1854]]],[[[120.5847,18.1863],[120.5877,18.1844],[120.5873,18.1836],[120.5847,18.1863]]],[[[120.551,18.1867],[120.5519,18.1849],[120.55,18.1856],[120.551,18.1867]]],[[[120.5786,18.1845],[120.5832,18.1804],[120.5746,18.1865],[120.5786,18.1845]]],[[[120.5897,18.1864],[120.5924,18.1859],[120.592,18.185],[120.5897,18.1864]]],[[[120.6534,18.1852],[120.6575,18.1881],[120.6569,18.1866],[120.6534,18.1852]]],[[[120.5558,18.1871],[120.5535,18.1863],[120.5513,18.1883],[120.5558,18.1871]]],[[[120.7179,18.1882],[120.7174,18.1864],[120.7156,18.187],[120.7179,18.1882]]],[[[120.5833,18.1899],[120.5875,18.1876],[120.5839,18.1873],[120.5833,18.1899]]],[[[120.6448,18.1853],[120.6429,18.1837],[120.646,18.1898],[120.6484,18.1897],[120.6448,18.1853]]],[[[120.5467,18.1889],[120.5499,18.1903],[120.5485,18.189],[120.5467,18.1889]]],[[[120.5669,18.1907],[120.5683,18.188],[120.5667,18.1888],[120.5669,18.1907]]],[[[120.6951,18.1784],[120.6983,18.1768],[120.6961,18.1774],[120.694,18.1744],[120.6909,18.1742],[120.6937,18.1773],[120.694,18.1823],[120.6878,18.1818],[120.6902,18.1825],[120.689,18.1844],[120.6932,18.1833],[120.6947,18.1917],[120.6951,18.1784]]],[[[120.5545,18.1918],[120.5582,18.1911],[120.5586,18.1888],[120.5528,18.1909],[120.5545,18.1918]]],[[[120.6516,18.1931],[120.6497,18.1908],[120.6499,18.193],[120.6516,18.1931]]],[[[120.5964,18.1929],[120.5991,18.1903],[120.5943,18.194],[120.5964,18.1929]]],[[[120.571,18.1965],[120.5726,18.1947],[120.5705,18.1958],[120.5717,18.1924],[120.5762,18.1908],[120.5706,18.1917],[120.5696,18.1966],[120.571,18.1965]]],[[[120.555,18.1937],[120.5522,18.1912],[120.5533,18.1969],[120.5533,18.1944],[120.5561,18.1967],[120.5602,18.1962],[120.5632,18.1941],[120.5624,18.19],[120.5609,18.1945],[120.5564,18.1953],[120.555,18.1937]]],[[[120.6304,18.1953],[120.6332,18.1986],[120.6322,18.1961],[120.6304,18.1953]]],[[[120.708,18.1968],[120.7074,18.1982],[120.7096,18.1991],[120.708,18.1968]]],[[[120.72,18.1914],[120.7195,18.1922],[120.72,18.1977],[120.7195,18.1978],[120.72,18.1984],[120.72,18.1914]]],[[[120.5536,18.1991],[120.5467,18.1973],[120.5408,18.1928],[120.545,18.1895],[120.5408,18.1919],[120.5374,18.1913],[120.5437,18.197],[120.5412,18.1975],[120.5437,18.1981],[120.5425,18.1986],[120.545,18.1973],[120.5539,18.2005],[120.5536,18.1991]]],[[[120.5836,18.1975],[120.5815,18.1987],[120.5841,18.2011],[120.5838,18.1988],[120.5857,18.2004],[120.5862,18.1956],[120.5836,18.1975]]],[[[120.5485,18.2013],[120.543,18.1991],[120.5443,18.2007],[120.5485,18.2013]]],[[[120.6618,18.2003],[120.6596,18.199],[120.658,18.2008],[120.6604,18.1997],[120.6627,18.2023],[120.6618,18.2003]]],[[[120.6236,18.2039],[120.6275,18.1985],[120.6258,18.1947],[120.6293,18.194],[120.6307,18.189],[120.6282,18.1893],[120.6254,18.1825],[120.6262,18.1752],[120.6237,18.1751],[120.6187,18.1785],[120.6154,18.1887],[120.6086,18.1914],[120.6027,18.19],[120.6048,18.1912],[120.6059,18.1957],[120.6102,18.1937],[120.6096,18.198],[120.6129,18.1995],[120.6131,18.1977],[120.6156,18.1973],[120.6176,18.2],[120.6176,18.1988],[120.62,18.1994],[120.6197,18.2018],[120.6215,18.2025],[120.6191,18.2027],[120.6236,18.2039]],[[120.6146,18.192],[120.6127,18.193],[120.6137,18.1913],[120.6146,18.192]],[[120.6171,18.1862],[120.6181,18.1859],[120.6179,18.188],[120.6171,18.1862]]],[[[120.72,18.2036],[120.7163,18.2004],[120.7171,18.1971],[120.7155,18.1992],[120.7169,18.2026],[120.7122,18.2002],[120.7116,18.2025],[120.7138,18.2016],[120.7165,18.2045],[120.72,18.2036]]],[[[120.6026,18.2046],[120.6039,18.2026],[120.6017,18.2017],[120.6026,18.2046]]],[[[120.5968,18.2033],[120.5934,18.1999],[120.5948,18.2027],[120.5938,18.2048],[120.5968,18.2033]]],[[[120.5746,18.2035],[120.5742,18.2023],[120.5721,18.2047],[120.5746,18.2035]]],[[[120.5461,18.2038],[120.548,18.2058],[120.5476,18.2049],[120.551,18.2061],[120.5461,18.2038]]],[[[120.6568,18.2031],[120.6555,18.2039],[120.6557,18.2056],[120.6568,18.2031]]],[[[120.5349,18.2055],[120.5351,18.204],[120.5328,18.2033],[120.5349,18.2055]]],[[[120.5831,18.205],[120.5843,18.2015],[120.5801,18.2066],[120.5831,18.205]]],[[[120.5585,18.2072],[120.5597,18.2068],[120.5504,18.2053],[120.5526,18.2074],[120.5585,18.2072]]],[[[120.642,18.209],[120.6444,18.2076],[120.6454,18.2056],[120.642,18.209]]],[[[120.6158,18.2049],[120.614,18.2027],[120.6105,18.2026],[120.609,18.2058],[120.6007,18.2061],[120.6041,18.2081],[120.6119,18.2054],[120.6142,18.2082],[120.6169,18.2057],[120.6137,18.2089],[120.608,18.207],[120.6161,18.2094],[120.6201,18.2068],[120.6173,18.2021],[120.6158,18.2049]]],[[[120.6255,18.2065],[120.6211,18.2053],[120.6283,18.2092],[120.6255,18.2065]]],[[[120.7154,18.2076],[120.7141,18.2042],[120.7133,18.2091],[120.7154,18.2076]]],[[[120.5717,18.21],[120.5772,18.208],[120.568,18.208],[120.5717,18.21]]],[[[120.6003,18.2103],[120.5986,18.2088],[120.5938,18.2099],[120.6003,18.2103]]],[[[120.571,18.2103],[120.5677,18.2096],[120.5693,18.2111],[120.571,18.2103]]],[[[120.5623,18.2087],[120.5633,18.2114],[120.5642,18.2107],[120.5623,18.2087]]],[[[120.5865,18.2101],[120.5882,18.2055],[120.5889,18.2066],[120.5865,18.2064],[120.5877,18.2041],[120.5854,18.2044],[120.5856,18.2113],[120.5865,18.2101]]],[[[120.5855,18.2088],[120.5831,18.208],[120.5834,18.2112],[120.5855,18.2088]]],[[[120.5931,18.2096],[120.5907,18.2094],[120.5907,18.2117],[120.5895,18.2114],[120.5891,18.2066],[120.5892,18.2117],[120.5916,18.2124],[120.5913,18.2099],[120.5931,18.2096]]],[[[120.6075,18.2072],[120.6027,18.2102],[120.6066,18.2139],[120.6046,18.2107],[120.6075,18.2072]]],[[[120.6006,18.2133],[120.5984,18.2137],[120.6006,18.2146],[120.6006,18.2133]]],[[[120.5595,18.2147],[120.5571,18.2122],[120.5576,18.2144],[120.5595,18.2147]]],[[[120.5922,18.2123],[120.5888,18.2131],[120.5925,18.2148],[120.5922,18.2123]]],[[[120.6968,18.2145],[120.6906,18.2148],[120.694,18.2153],[120.6968,18.2145]]],[[[120.718,18.2117],[120.7166,18.2134],[120.7173,18.2159],[120.718,18.2117]]],[[[120.5809,18.2177],[120.583,18.2149],[120.5809,18.2158],[120.5809,18.2177]]],[[[120.5794,18.2193],[120.58,18.2152],[120.5765,18.2185],[120.5794,18.2175],[120.5781,18.2195],[120.5794,18.2193]]],[[[120.5906,18.2199],[120.5892,18.2173],[120.5872,18.2169],[120.5906,18.2199]]],[[[120.5412,18.216],[120.5401,18.2171],[120.5429,18.2194],[120.5412,18.216]]],[[[120.5802,18.2206],[120.5823,18.2186],[120.5798,18.2197],[120.5802,18.2206]]],[[[120.7027,18.2177],[120.7011,18.2189],[120.7016,18.2209],[120.7027,18.2177]]],[[[120.5559,18.2208],[120.5519,18.2154],[120.553,18.2188],[120.5559,18.2208]]],[[[120.6062,18.2222],[120.6026,18.219],[120.604,18.215],[120.6033,18.216],[120.601,18.2106],[120.6006,18.2189],[120.6018,18.2211],[120.6062,18.2222]]],[[[120.5626,18.2233],[120.5607,18.2197],[120.5598,18.2202],[120.5626,18.2233]]],[[[120.6103,18.2226],[120.6137,18.2216],[120.6155,18.2185],[120.609,18.2212],[120.6114,18.2218],[120.6082,18.2232],[120.6061,18.2209],[120.6067,18.2233],[120.6103,18.2226]]],[[[120.7013,18.2168],[120.7026,18.211],[120.7023,18.2135],[120.7049,18.2155],[120.7076,18.2105],[120.7075,18.2059],[120.7051,18.2112],[120.7046,18.209],[120.6997,18.2096],[120.7079,18.2025],[120.7025,18.2047],[120.6982,18.2024],[120.6981,18.1999],[120.6913,18.1966],[120.7008,18.2061],[120.7036,18.2059],[120.702,18.207],[120.6988,18.2054],[120.7,18.2085],[120.6968,18.2087],[120.698,18.209],[120.6962,18.2104],[120.7008,18.211],[120.6979,18.2164],[120.6981,18.2188],[120.7003,18.2161],[120.6984,18.222],[120.7003,18.2203],[120.6997,18.2237],[120.7018,18.2227],[120.7013,18.2168]]],[[[120.561,18.2244],[120.5578,18.2213],[120.5582,18.2229],[120.561,18.2244]]],[[[120.5795,18.2242],[120.5807,18.2244],[120.5761,18.2232],[120.5797,18.2203],[120.5733,18.2235],[120.5795,18.2242]]],[[[120.5859,18.2201],[120.5927,18.2242],[120.5929,18.2218],[120.5862,18.217],[120.5824,18.2199],[120.5839,18.2246],[120.5863,18.2247],[120.5859,18.2201]]],[[[120.5635,18.2266],[120.5679,18.2248],[120.5658,18.2243],[120.5635,18.2266]]],[[[120.6544,18.2256],[120.6549,18.2272],[120.6579,18.2259],[120.6544,18.2256]]],[[[120.6434,18.2257],[120.6389,18.2261],[120.6422,18.2272],[120.6434,18.2257]]],[[[120.599,18.2276],[120.5961,18.2236],[120.5942,18.2227],[120.599,18.2276]]],[[[120.6694,18.2256],[120.6721,18.2281],[120.6726,18.2273],[120.6694,18.2256]]],[[[120.6646,18.2285],[120.6658,18.2251],[120.6692,18.2256],[120.6637,18.2217],[120.6667,18.2242],[120.6645,18.2243],[120.6626,18.2271],[120.6578,18.2267],[120.6646,18.2285]]],[[[120.5523,18.2283],[120.5525,18.2261],[120.5512,18.2277],[120.5523,18.2283]]],[[[120.5912,18.229],[120.5842,18.228],[120.5809,18.2245],[120.5852,18.2288],[120.5912,18.229]]],[[[120.6996,18.2258],[120.6989,18.2277],[120.7001,18.2297],[120.6996,18.2258]]],[[[120.5932,18.2259],[120.5967,18.2308],[120.5959,18.2282],[120.5932,18.2259]]],[[[120.666,18.2303],[120.6651,18.2311],[120.6683,18.2315],[120.666,18.2303]]],[[[120.6627,18.2328],[120.6581,18.2281],[120.6585,18.23],[120.6627,18.2328]]],[[[120.6424,18.2336],[120.6459,18.2322],[120.6422,18.2322],[120.6424,18.2336]]],[[[120.6161,18.2281],[120.6124,18.2283],[120.6093,18.2321],[120.6122,18.2343],[120.612,18.2295],[120.6167,18.2288],[120.6181,18.2268],[120.6161,18.2281]]],[[[120.6706,18.2301],[120.6727,18.2346],[120.6734,18.2323],[120.6706,18.2301]]],[[[120.5595,18.2312],[120.5592,18.2335],[120.5595,18.2294],[120.5618,18.2284],[120.5616,18.2319],[120.5631,18.2293],[120.5611,18.2263],[120.5582,18.2295],[120.559,18.2343],[120.5595,18.2312]]],[[[120.5623,18.2334],[120.564,18.2364],[120.5641,18.2349],[120.5623,18.2334]]],[[[120.5478,18.2282],[120.5471,18.2289],[120.5532,18.2373],[120.5478,18.2282]]],[[[120.6284,18.2303],[120.6303,18.2275],[120.6255,18.2326],[120.6167,18.2358],[120.6209,18.2354],[120.621,18.2375],[120.6218,18.2341],[120.6242,18.2345],[120.6284,18.2303]]],[[[120.5623,18.2334],[120.5602,18.2334],[120.5585,18.2378],[120.5623,18.2334]]],[[[120.5589,18.235],[120.5568,18.238],[120.5582,18.2379],[120.5589,18.235]]],[[[120.6596,18.2373],[120.6609,18.2353],[120.6589,18.2339],[120.6621,18.2339],[120.6617,18.2327],[120.6534,18.2342],[120.6574,18.2333],[120.6561,18.2335],[120.6581,18.2349],[120.6556,18.2345],[120.6578,18.2357],[120.6456,18.2358],[120.6414,18.2379],[120.6557,18.2389],[120.6596,18.2373]],[[120.6564,18.2373],[120.6574,18.2379],[120.654,18.2377],[120.6564,18.2373]],[[120.6585,18.237],[120.6581,18.236],[120.6598,18.2366],[120.6585,18.237]],[[120.6453,18.2371],[120.6467,18.2363],[120.6487,18.2374],[120.6453,18.2371]]],[[[120.604,18.2387],[120.6077,18.2383],[120.6088,18.236],[120.6097,18.2382],[120.6205,18.2379],[120.6124,18.2367],[120.61,18.2332],[120.6089,18.2351],[120.611,18.2341],[120.6106,18.2353],[120.6011,18.2372],[120.6033,18.2374],[120.6015,18.2388],[120.6034,18.2403],[120.604,18.2387]]],[[[120.6758,18.2414],[120.676,18.2391],[120.6728,18.2372],[120.6619,18.2355],[120.6565,18.2405],[120.6603,18.2377],[120.664,18.2375],[120.6597,18.2397],[120.6631,18.2383],[120.6632,18.2403],[120.6668,18.2399],[120.6648,18.2386],[120.6683,18.2392],[120.6616,18.2375],[120.665,18.236],[120.6723,18.2373],[120.6681,18.2396],[120.6713,18.241],[120.6749,18.2399],[120.6758,18.2414]],[[120.6722,18.2395],[120.6738,18.238],[120.6756,18.2393],[120.6722,18.2395]]],[[[120.621,18.2407],[120.6187,18.2407],[120.6204,18.2419],[120.621,18.2407]]],[[[120.6459,18.2394],[120.6423,18.2385],[120.6404,18.2401],[120.6417,18.2421],[120.6459,18.2394]]],[[[120.5724,18.2427],[120.5725,18.2391],[120.5685,18.2371],[120.5724,18.2427]]],[[[120.7118,18.2427],[120.7141,18.2398],[120.7132,18.2374],[120.7118,18.2427]]],[[[120.6242,18.2424],[120.6319,18.2345],[120.6389,18.2326],[120.6484,18.2254],[120.658,18.2224],[120.6622,18.223],[120.6625,18.2215],[120.6529,18.2199],[120.6477,18.2229],[120.6431,18.222],[120.6419,18.2164],[120.6406,18.2185],[120.6398,18.2168],[120.6453,18.2126],[120.6419,18.2135],[120.6414,18.21],[120.6377,18.2199],[120.6431,18.2249],[120.6456,18.2223],[120.6476,18.2236],[120.6473,18.2259],[120.6437,18.2261],[120.6359,18.2321],[120.6335,18.2319],[120.6323,18.2315],[120.6359,18.2305],[120.6385,18.2253],[120.6416,18.2245],[120.6355,18.2244],[120.6343,18.2225],[120.6338,18.2245],[120.637,18.2261],[120.6362,18.2295],[120.6321,18.2291],[120.6291,18.2313],[120.6315,18.2323],[120.6242,18.2424]],[[120.6413,18.2204],[120.6386,18.2195],[120.6422,18.219],[120.6426,18.2215],[120.6413,18.2204]]],[[[120.6494,18.2426],[120.6542,18.242],[120.6553,18.2414],[120.6504,18.2413],[120.6562,18.2399],[120.6478,18.2411],[120.6462,18.2397],[120.6433,18.2419],[120.6494,18.2426]]],[[[120.5729,18.233],[120.5764,18.2378],[120.5722,18.2333],[120.5694,18.2345],[120.5673,18.2327],[120.5728,18.2301],[120.5737,18.2253],[120.572,18.224],[120.5736,18.2221],[120.5711,18.2247],[120.5715,18.2294],[120.5667,18.2303],[120.566,18.2339],[120.5677,18.2356],[120.5646,18.234],[120.5647,18.2322],[120.5637,18.234],[120.5666,18.2377],[120.569,18.2343],[120.5702,18.2363],[120.5727,18.2341],[120.5793,18.2431],[120.5741,18.2315],[120.5729,18.233]],[[120.5727,18.2287],[120.5722,18.2265],[120.5733,18.2279],[120.5727,18.2287]]],[[[120.6352,18.2428],[120.6406,18.2366],[120.6364,18.2387],[120.6356,18.2396],[120.6386,18.2375],[120.6337,18.2429],[120.6352,18.2428]]],[[[120.6291,18.2442],[120.6324,18.2409],[120.6314,18.2431],[120.6324,18.2423],[120.6338,18.2389],[120.6291,18.2442]]],[[[120.6396,18.245],[120.6428,18.2432],[120.6409,18.2432],[120.6396,18.245]]],[[[120.6067,18.2448],[120.6094,18.2406],[120.6141,18.2417],[120.6137,18.2398],[120.618,18.2438],[120.6227,18.2433],[120.6215,18.2413],[120.6193,18.2428],[120.6155,18.2399],[120.6082,18.2386],[120.6057,18.241],[120.6091,18.24],[120.6053,18.246],[120.6067,18.2448]]],[[[120.6534,18.2459],[120.6571,18.2458],[120.6603,18.2423],[120.6578,18.2448],[120.6516,18.2436],[120.6534,18.2459]]],[[[120.5978,18.2442],[120.6008,18.2382],[120.5928,18.2457],[120.5978,18.2442]]],[[[120.5687,18.2472],[120.5679,18.2445],[120.5667,18.2435],[120.5687,18.2472]]],[[[120.6862,18.2473],[120.6847,18.2455],[120.6851,18.2478],[120.6862,18.2473]]],[[[120.5879,18.2473],[120.5867,18.2471],[120.5875,18.2493],[120.5879,18.2473]]],[[[120.5592,18.2489],[120.5586,18.2474],[120.5575,18.2491],[120.5592,18.2489]]],[[[120.5899,18.2469],[120.5948,18.2369],[120.5984,18.2358],[120.5915,18.236],[120.5937,18.2372],[120.5891,18.2427],[120.5883,18.2495],[120.5899,18.2469]]],[[[120.6413,18.2502],[120.6388,18.2484],[120.6397,18.2503],[120.6413,18.2502]]],[[[120.6172,18.247],[120.6195,18.247],[120.6134,18.2466],[120.6075,18.2499],[120.6157,18.2489],[120.6172,18.247]],[[120.6136,18.2476],[120.6159,18.2468],[120.6148,18.2486],[120.6136,18.2476]]],[[[120.6867,18.2489],[120.6816,18.2423],[120.6813,18.2482],[120.6844,18.2516],[120.6867,18.2489]],[[120.6826,18.2456],[120.6815,18.2464],[120.6812,18.244],[120.6826,18.2456]]],[[[120.5685,18.2502],[120.5701,18.2526],[120.5725,18.2511],[120.5758,18.2527],[120.5685,18.2502]]],[[[120.5778,18.2531],[120.5794,18.2507],[120.5785,18.2505],[120.5778,18.2531]]],[[[120.5818,18.253],[120.5838,18.253],[120.5855,18.2508],[120.5818,18.253]]],[[[120.6034,18.2501],[120.6009,18.2521],[120.6032,18.2493],[120.602,18.2488],[120.598,18.2516],[120.602,18.2541],[120.6052,18.2488],[120.6034,18.2501]]],[[[120.6127,18.2537],[120.6115,18.2524],[120.6098,18.2536],[120.6127,18.2537]]],[[[120.5786,18.2555],[120.5807,18.2537],[120.5786,18.2541],[120.5786,18.2555]]],[[[120.5685,18.2502],[120.5661,18.2446],[120.5712,18.2425],[120.5689,18.2402],[120.5634,18.2415],[120.5611,18.2354],[120.5619,18.237],[120.5568,18.2404],[120.5605,18.2467],[120.5596,18.242],[120.562,18.2417],[120.5618,18.2441],[120.5651,18.2426],[120.5618,18.2519],[120.5647,18.2551],[120.5644,18.2454],[120.5685,18.2502]],[[120.562,18.2403],[120.5611,18.2401],[120.5623,18.2375],[120.562,18.2403]]],[[[120.6246,18.2535],[120.6287,18.2519],[120.631,18.2527],[120.6274,18.252],[120.6337,18.2558],[120.6353,18.2517],[120.626,18.2511],[120.6223,18.2571],[120.6246,18.2535]]],[[[120.5739,18.2616],[120.5708,18.2596],[120.5718,18.2618],[120.5739,18.2616]]],[[[120.5889,18.2611],[120.5874,18.2602],[120.5869,18.2626],[120.5889,18.2611]]],[[[120.5857,18.2633],[120.5851,18.2599],[120.5871,18.2554],[120.5904,18.2534],[120.5893,18.2527],[120.5836,18.2604],[120.5857,18.2633]]],[[[120.6808,18.2621],[120.6785,18.262],[120.6808,18.2644],[120.6808,18.2621]]],[[[120.6885,18.2654],[120.6885,18.263],[120.6854,18.2612],[120.6885,18.2654]]],[[[120.6227,18.2642],[120.6203,18.2641],[120.622,18.2656],[120.6227,18.2642]]],[[[120.6573,18.2656],[120.6543,18.2646],[120.6553,18.2659],[120.6573,18.2656]]],[[[120.6618,18.266],[120.66,18.2666],[120.661,18.2682],[120.6618,18.266]]],[[[120.5819,18.2675],[120.5829,18.2667],[120.5802,18.2683],[120.5837,18.2676],[120.5829,18.2629],[120.5819,18.2675]]],[[[120.6884,18.2667],[120.6822,18.2593],[120.6811,18.2557],[120.6825,18.2591],[120.6841,18.2559],[120.6825,18.254],[120.6802,18.255],[120.6798,18.2596],[120.6903,18.2694],[120.6884,18.2667]]],[[[120.5759,18.2698],[120.5796,18.267],[120.5805,18.2634],[120.5708,18.262],[120.5788,18.2641],[120.5776,18.2665],[120.5788,18.2668],[120.5759,18.2698]]],[[[120.6101,18.2628],[120.6078,18.2624],[120.6068,18.2695],[120.6101,18.2628]]],[[[120.5948,18.2658],[120.5918,18.2674],[120.5907,18.2709],[120.5948,18.2658]]],[[[120.6429,18.2709],[120.636,18.2697],[120.6364,18.2711],[120.6429,18.2709]]],[[[120.5757,18.2682],[120.5733,18.2695],[120.5723,18.2719],[120.5757,18.2682]]],[[[120.5966,18.2732],[120.598,18.2696],[120.5956,18.2729],[120.5966,18.2732]]],[[[120.6363,18.2692],[120.6362,18.2668],[120.6418,18.2648],[120.6426,18.2625],[120.649,18.2673],[120.6472,18.2641],[120.6505,18.2635],[120.6564,18.2691],[120.6512,18.264],[120.6526,18.2621],[120.6508,18.2631],[120.6461,18.2585],[120.6325,18.2664],[120.628,18.2661],[120.6251,18.26],[120.6205,18.2595],[120.6199,18.2573],[120.6134,18.2603],[120.6099,18.259],[120.6113,18.2621],[120.619,18.2633],[120.6177,18.2631],[120.6192,18.2649],[120.6181,18.2607],[120.6244,18.2641],[120.6237,18.2659],[120.6317,18.2688],[120.6282,18.2697],[120.6108,18.264],[120.6209,18.2682],[120.6329,18.2703],[120.6362,18.2731],[120.6333,18.2695],[120.6363,18.2692]],[[120.6436,18.2608],[120.6438,18.2627],[120.6399,18.2629],[120.6436,18.2608]],[[120.6453,18.2624],[120.6475,18.2626],[120.6455,18.2637],[120.6453,18.2624]]],[[[120.6068,18.2709],[120.6022,18.274],[120.6031,18.2748],[120.6068,18.2709]]],[[[120.6992,18.2749],[120.6965,18.2708],[120.6973,18.2744],[120.6992,18.2749]]],[[[120.6011,18.2744],[120.6023,18.269],[120.6032,18.2715],[120.6062,18.27],[120.6037,18.2677],[120.604,18.265],[120.6011,18.2714],[120.5943,18.2732],[120.599,18.2744],[120.6004,18.2727],[120.5987,18.2758],[120.6011,18.2744]]],[[[120.5682,18.2764],[120.5695,18.2742],[120.5676,18.275],[120.5682,18.2764]]],[[[120.5908,18.2712],[120.5892,18.2699],[120.5845,18.275],[120.5842,18.2726],[120.5835,18.2758],[120.5865,18.2757],[120.5908,18.2712]]],[[[120.6383,18.2766],[120.6426,18.2775],[120.6359,18.2732],[120.6383,18.2766]]],[[[120.577,18.277],[120.583,18.2762],[120.5782,18.2761],[120.5873,18.2671],[120.5879,18.2636],[120.5819,18.2725],[120.5777,18.2751],[120.5773,18.2715],[120.5795,18.2704],[120.576,18.2711],[120.5762,18.2746],[120.5735,18.2787],[120.5766,18.2752],[120.577,18.277]]],[[[120.6095,18.2791],[120.6084,18.2785],[120.6106,18.2756],[120.6081,18.2725],[120.6061,18.2738],[120.6076,18.2767],[120.6052,18.2774],[120.6095,18.2791]]],[[[120.573,18.2785],[120.5738,18.275],[120.5719,18.275],[120.5705,18.2797],[120.573,18.2785]]],[[[120.6164,18.2735],[120.6186,18.2793],[120.6209,18.2802],[120.6164,18.2735]]],[[[120.6996,18.2726],[120.7053,18.2798],[120.7036,18.2758],[120.6996,18.2726]]],[[[120.6003,18.2762],[120.6017,18.2749],[120.5983,18.2759],[120.5904,18.2734],[120.5886,18.2794],[120.5906,18.2776],[120.5915,18.28],[120.592,18.2779],[120.6003,18.2762]]],[[[120.5774,18.2811],[120.5789,18.2792],[120.5766,18.2785],[120.5774,18.2811]]],[[[120.5819,18.2791],[120.5816,18.2812],[120.5852,18.2815],[120.5853,18.2789],[120.5819,18.2791]]],[[[120.5761,18.2799],[120.5723,18.2809],[120.575,18.2813],[120.5761,18.2799]]],[[[120.5693,18.2798],[120.567,18.2771],[120.5669,18.2733],[120.5703,18.2731],[120.5673,18.2715],[120.5682,18.2706],[120.5722,18.2709],[120.5692,18.2695],[120.5718,18.2675],[120.5678,18.2691],[120.5658,18.2676],[120.5649,18.2646],[120.5666,18.2662],[120.5687,18.2649],[120.5649,18.2631],[120.5662,18.261],[120.5687,18.2615],[120.5632,18.2601],[120.566,18.2567],[120.5697,18.2595],[120.5701,18.2583],[120.5669,18.255],[120.5622,18.2602],[120.5637,18.2557],[120.5624,18.2535],[120.562,18.2578],[120.5604,18.2485],[120.5609,18.2586],[120.5632,18.2667],[120.5662,18.2701],[120.5658,18.2763],[120.5702,18.2819],[120.5693,18.2798]],[[120.5669,18.2561],[120.5676,18.2552],[120.5687,18.2574],[120.5669,18.2561]]],[[[120.6221,18.2816],[120.6239,18.2815],[120.6226,18.2794],[120.6221,18.2816]]],[[[120.6305,18.2829],[120.6309,18.2841],[120.6325,18.2811],[120.6305,18.2829]]],[[[120.6113,18.2845],[120.6123,18.283],[120.6108,18.2819],[120.6113,18.2845]]],[[[120.5987,18.2862],[120.5994,18.2846],[120.5984,18.282],[120.5987,18.2862]]],[[[120.5784,18.2822],[120.5718,18.2825],[120.5739,18.2855],[120.5746,18.2831],[120.5768,18.2859],[120.579,18.2849],[120.5784,18.2822]]],[[[120.5895,18.2808],[120.5863,18.2809],[120.5875,18.2805],[120.5861,18.2825],[120.5869,18.2884],[120.5882,18.281],[120.5895,18.2808]]],[[[120.6319,18.2885],[120.6358,18.2853],[120.6325,18.2863],[120.6311,18.2843],[120.6289,18.2872],[120.6319,18.2885]]],[[[120.5781,18.2877],[120.5764,18.2879],[120.5766,18.2897],[120.5781,18.2877]]],[[[120.6306,18.2886],[120.6271,18.2892],[120.6261,18.287],[120.6225,18.2864],[120.6294,18.2866],[120.631,18.2852],[120.6301,18.2829],[120.6257,18.2855],[120.6098,18.2727],[120.6172,18.279],[120.6216,18.2874],[120.6266,18.2905],[120.6306,18.2886]]],[[[120.6285,18.291],[120.6314,18.2894],[120.6282,18.2902],[120.6285,18.291]]],[[[120.6147,18.2914],[120.6127,18.2886],[120.6063,18.2887],[120.6147,18.2914]]],[[[120.6361,18.2928],[120.6351,18.2896],[120.6319,18.2885],[120.6361,18.2928]]],[[[120.6149,18.2924],[120.6177,18.2945],[120.6174,18.2933],[120.6149,18.2924]]],[[[120.5814,18.2885],[120.583,18.2831],[120.5795,18.2817],[120.5805,18.2879],[120.5846,18.294],[120.5845,18.2915],[120.5814,18.2885]]],[[[120.6036,18.2948],[120.6031,18.2922],[120.602,18.2926],[120.6036,18.2948]]],[[[120.6062,18.2964],[120.6055,18.2947],[120.6036,18.2952],[120.6062,18.2964]]],[[[120.6509,18.2961],[120.6513,18.2949],[120.6492,18.2957],[120.6474,18.2941],[120.6413,18.2944],[120.6425,18.2923],[120.6392,18.2935],[120.6433,18.2964],[120.6424,18.2955],[120.6504,18.2975],[120.6509,18.2961]]],[[[120.709,18.2929],[120.7085,18.294],[120.7036,18.2876],[120.7036,18.292],[120.7108,18.2976],[120.709,18.2929]]],[[[120.5975,18.2965],[120.5963,18.296],[120.5983,18.299],[120.5975,18.2965]]],[[[120.5979,18.2968],[120.5999,18.2996],[120.5993,18.2973],[120.5979,18.2968]]],[[[120.6409,18.2999],[120.6377,18.2981],[120.6389,18.2961],[120.6374,18.2928],[120.638,18.3002],[120.6409,18.2999]]],[[[120.6772,18.2975],[120.6766,18.3011],[120.6773,18.3012],[120.6772,18.2975]]],[[[120.5898,18.3015],[120.592,18.3013],[120.5896,18.2944],[120.5912,18.2922],[120.596,18.2962],[120.5969,18.2954],[120.5939,18.2922],[120.5978,18.2893],[120.6022,18.2915],[120.5969,18.2848],[120.5947,18.2903],[120.5897,18.288],[120.5922,18.2816],[120.5874,18.2887],[120.5899,18.2913],[120.5879,18.2945],[120.5887,18.2989],[120.5859,18.295],[120.5876,18.2995],[120.5904,18.2981],[120.5883,18.3033],[120.5898,18.3015]]],[[[120.5902,18.3064],[120.5896,18.3035],[120.5884,18.304],[120.5902,18.3064]]],[[[120.6176,18.3053],[120.6163,18.3034],[120.6185,18.3044],[120.6181,18.3027],[120.621,18.3005],[120.6134,18.3035],[120.6066,18.3013],[120.6055,18.3026],[120.6004,18.2964],[120.6008,18.2945],[120.5989,18.2953],[120.6045,18.3061],[120.6082,18.3031],[120.6104,18.3053],[120.6083,18.3066],[120.6153,18.3044],[120.6162,18.3064],[120.6176,18.3053]]],[[[120.6291,18.3068],[120.6276,18.3072],[120.6277,18.3089],[120.6291,18.3068]]],[[[120.5942,18.3057],[120.5953,18.31],[120.5964,18.31],[120.5942,18.3057]]],[[[120.6084,18.3079],[120.6059,18.3078],[120.6086,18.31],[120.6084,18.3079]]],[[[120.5948,18.31],[120.5919,18.305],[120.5938,18.3099],[120.5948,18.31]]]]}},{"type":"Feature","properties":{"source":"Project NOAH / UP Resilience Institute Flood Hazard Maps","province":"Ilocos Norte","focus_area":"Laoag operational area","return_period":5,"return_period_label":"5-year flood hazard","var":3,"hazard_label":"High Hazard","color":"#1d4ed8","fillColor":"#1d4ed8","attribution":"Project NOAH / UP Resilience Institute flood hazard shapefiles, WGS84"},"geometry":{"type":"MultiPolygon","coordinates":[[[[120.5807,18.09],[120.5833,18.0925],[120.5869,18.0901],[120.5807,18.09]]],[[[120.6058,18.0938],[120.6041,18.0922],[120.6058,18.0953],[120.6058,18.0938]]],[[[120.5724,18.1013],[120.573,18.0996],[120.5712,18.0995],[120.5724,18.1013]]],[[[120.6251,18.1032],[120.6244,18.1006],[120.6239,18.1025],[120.6251,18.1032]]],[[[120.5533,18.1056],[120.557,18.0983],[120.5516,18.0963],[120.551,18.094],[120.5485,18.0962],[120.5463,18.095],[120.545,18.0983],[120.5468,18.1015],[120.5533,18.1056]]],[[[120.6224,18.1077],[120.6221,18.1071],[120.6182,18.1077],[120.6224,18.1077]]],[[[120.5355,18.1114],[120.5327,18.1068],[120.5325,18.1091],[120.533,18.108],[120.5355,18.1114]]],[[[120.5503,18.1216],[120.5497,18.119],[120.5488,18.1209],[120.5503,18.1216]]],[[[120.6248,18.1217],[120.6178,18.1218],[120.6184,18.1222],[120.6248,18.1217]]],[[[120.5725,18.1289],[120.5747,18.125],[120.573,18.1268],[120.5712,18.1251],[120.5725,18.1289]]],[[[120.5983,18.127],[120.5972,18.1304],[120.5982,18.1305],[120.5983,18.127]]],[[[120.5505,18.1303],[120.5491,18.1268],[120.5459,18.1254],[120.5448,18.1198],[120.5458,18.1256],[120.5491,18.1271],[120.5505,18.1303]]],[[[120.5207,18.131],[120.5186,18.1276],[120.52,18.1313],[120.5207,18.131]]],[[[120.5945,18.126],[120.5989,18.1162],[120.5954,18.1235],[120.5951,18.1198],[120.5939,18.1279],[120.5895,18.1332],[120.5931,18.1306],[120.5945,18.126]]],[[[120.5874,18.1344],[120.5865,18.1314],[120.5843,18.1325],[120.5874,18.1344]]],[[[120.5626,18.1379],[120.5631,18.1362],[120.561,18.1371],[120.5626,18.1379]]],[[[120.5844,18.1418],[120.5868,18.1376],[120.5847,18.1388],[120.5836,18.145],[120.5844,18.1418]]],[[[120.6244,18.146],[120.6238,18.1429],[120.6225,18.1464],[120.6244,18.146]]],[[[120.6122,18.1452],[120.6069,18.1473],[120.6116,18.1469],[120.6122,18.1452]]],[[[120.6216,18.1413],[120.6194,18.1467],[120.6206,18.1527],[120.623,18.1431],[120.6216,18.1413]]],[[[120.5497,18.1527],[120.5508,18.1524],[120.5463,18.147],[120.5497,18.1527]]],[[[120.5758,18.1504],[120.5736,18.1478],[120.5747,18.1397],[120.5731,18.1485],[120.5758,18.1539],[120.5758,18.1504]]],[[[120.5757,18.1547],[120.5766,18.1604],[120.577,18.1593],[120.5757,18.1547]]],[[[120.7001,18.1593],[120.6971,18.1606],[120.7005,18.1614],[120.7001,18.1593]]],[[[120.5903,18.1605],[120.5911,18.1596],[120.5884,18.1574],[120.5903,18.1605]]],[[[120.6683,18.1592],[120.6655,18.1572],[120.6677,18.1638],[120.6683,18.1592]]],[[[120.65,18.1656],[120.6529,18.1695],[120.6551,18.1694],[120.6552,18.1647],[120.65,18.1656]]],[[[120.6702,18.1831],[120.6668,18.1826],[120.6668,18.1839],[120.6702,18.1831]]],[[[120.6951,18.1784],[120.6944,18.1799],[120.6944,18.1847],[120.6951,18.1784]]],[[[120.5521,18.1844],[120.553,18.1852],[120.5541,18.1831],[120.5479,18.1807],[120.548,18.1788],[120.5562,18.1787],[120.5587,18.1813],[120.5579,18.185],[120.5592,18.1815],[120.5566,18.1779],[120.5599,18.1767],[120.5706,18.1839],[120.5753,18.1838],[120.5747,18.1861],[120.5796,18.1825],[120.5702,18.183],[120.5631,18.1764],[120.5735,18.1753],[120.5737,18.1711],[120.5758,18.1699],[120.5759,18.1724],[120.5775,18.1706],[120.5755,18.1676],[120.5808,18.1669],[120.5846,18.1598],[120.5867,18.1597],[120.5806,18.1579],[120.58,18.1629],[120.5783,18.1612],[120.5788,18.1648],[120.5757,18.1635],[120.5756,18.1657],[120.5721,18.1641],[120.5746,18.1665],[120.5733,18.1699],[120.5736,18.1674],[120.5706,18.1663],[120.5701,18.1705],[120.5676,18.173],[120.549,18.1779],[120.5466,18.1805],[120.5442,18.18],[120.5457,18.1744],[120.5445,18.1725],[120.5391,18.1752],[120.5335,18.173],[120.5331,18.1718],[120.5375,18.1738],[120.5365,18.1683],[120.5351,18.1701],[120.5377,18.1727],[120.5333,18.1712],[120.5305,18.1727],[120.5306,18.1705],[120.5326,18.1712],[120.5325,18.1644],[120.5375,18.1639],[120.5325,18.1637],[120.5337,18.1616],[120.5327,18.1622],[120.5306,18.1653],[120.531,18.1699],[120.5286,18.1715],[120.5248,18.1826],[120.5315,18.1729],[120.5316,18.1755],[120.5359,18.1791],[120.5429,18.1794],[120.5442,18.1774],[120.5424,18.1846],[120.547,18.1862],[120.5496,18.1829],[120.5488,18.1858],[120.5507,18.1872],[120.5576,18.186],[120.5521,18.1844]],[[120.5509,18.1848],[120.5521,18.1852],[120.5503,18.1865],[120.5509,18.1848]],[[120.5322,18.1751],[120.532,18.1739],[120.5336,18.1752],[120.5322,18.1751]],[[120.5695,18.1753],[120.57,18.1741],[120.5714,18.1743],[120.5695,18.1753]]],[[[120.6659,18.1828],[120.6553,18.1754],[120.6621,18.1823],[120.6641,18.1879],[120.6614,18.1813],[120.6659,18.1828]]],[[[120.665,18.1887],[120.6658,18.1903],[120.6693,18.1915],[120.665,18.1887]]],[[[120.6157,18.1988],[120.6161,18.1974],[120.6122,18.1992],[120.6157,18.1988]]],[[[120.6944,18.2006],[120.6868,18.2004],[120.6867,18.2015],[120.6944,18.2006]]],[[[120.6213,18.2023],[120.6194,18.1989],[120.6166,18.2007],[120.6213,18.2023]]],[[[120.6048,18.21],[120.6086,18.2069],[120.6155,18.2084],[120.6175,18.2052],[120.6138,18.2081],[120.6121,18.2049],[120.6047,18.2081],[120.6016,18.2068],[120.6048,18.21]]],[[[120.6038,18.2099],[120.6037,18.2131],[120.6047,18.213],[120.6038,18.2099]]],[[[120.6213,18.215],[120.6176,18.2152],[120.618,18.2161],[120.6213,18.215]]],[[[120.586,18.2099],[120.5851,18.2134],[120.5886,18.2118],[120.5918,18.2136],[120.5927,18.21],[120.5987,18.2088],[120.6029,18.2158],[120.6038,18.215],[120.5993,18.2071],[120.5972,18.2079],[120.5954,18.2063],[120.595,18.2087],[120.5916,18.21],[120.5916,18.2124],[120.5892,18.2117],[120.5885,18.2056],[120.586,18.2099]]],[[[120.5789,18.2198],[120.5847,18.2138],[120.585,18.2067],[120.5832,18.2146],[120.5786,18.2196],[120.5788,18.2173],[120.5789,18.2198]]],[[[120.6722,18.2127],[120.6686,18.2211],[120.6717,18.2175],[120.6722,18.2127]]],[[[120.6711,18.2201],[120.6663,18.2228],[120.6689,18.222],[120.6711,18.2201]]],[[[120.5713,18.224],[120.5781,18.2173],[120.5762,18.2177],[120.5713,18.224]]],[[[120.574,18.2248],[120.5754,18.2235],[120.5749,18.2219],[120.574,18.2248]]],[[[120.6465,18.2245],[120.6471,18.2256],[120.6456,18.2223],[120.6431,18.2249],[120.6458,18.2269],[120.6465,18.2245]]],[[[120.7013,18.2168],[120.7018,18.2222],[120.6961,18.2313],[120.7019,18.2229],[120.7027,18.2109],[120.7002,18.2148],[120.7013,18.2168]]],[[[120.6388,18.2304],[120.6431,18.2263],[120.6386,18.2266],[120.6388,18.2253],[120.6362,18.2304],[120.6328,18.2314],[120.6388,18.2304]]],[[[120.5648,18.2366],[120.563,18.233],[120.5625,18.2335],[120.5648,18.2366]]],[[[120.6486,18.2376],[120.6463,18.2363],[120.6449,18.2373],[120.6486,18.2376]]],[[[120.6186,18.2378],[120.6216,18.2365],[120.6189,18.235],[120.6155,18.2366],[120.6186,18.2378]]],[[[120.5729,18.233],[120.5719,18.2325],[120.5764,18.2384],[120.5729,18.233]]],[[[120.6019,18.2385],[120.6039,18.2375],[120.6016,18.2371],[120.6019,18.2385]]],[[[120.6689,18.2399],[120.6647,18.2376],[120.6654,18.239],[120.6689,18.2399]]],[[[120.6209,18.2428],[120.6197,18.2428],[120.6251,18.2403],[120.6322,18.2321],[120.6293,18.2314],[120.6253,18.2387],[120.6201,18.242],[120.6126,18.2388],[120.6209,18.2428]]],[[[120.5595,18.2312],[120.5583,18.2373],[120.5544,18.2436],[120.5563,18.2481],[120.5549,18.2438],[120.5601,18.2344],[120.5595,18.2312]]],[[[120.5882,18.2494],[120.5889,18.2464],[120.5869,18.2472],[120.5882,18.2494]]],[[[120.5936,18.2476],[120.5904,18.2474],[120.588,18.2503],[120.5936,18.2476]]],[[[120.694,18.2493],[120.6878,18.2499],[120.6851,18.2479],[120.6879,18.2503],[120.6924,18.2496],[120.6945,18.2525],[120.6928,18.2506],[120.694,18.2493]]],[[[120.6309,18.2527],[120.6281,18.2517],[120.6258,18.2521],[120.6309,18.2527]]],[[[120.5639,18.2426],[120.5625,18.2442],[120.562,18.2418],[120.5596,18.242],[120.5617,18.2577],[120.5639,18.2426]],[[120.5605,18.2437],[120.5609,18.2419],[120.5615,18.2437],[120.5605,18.2437]]],[[[120.5638,18.2572],[120.5615,18.2594],[120.5637,18.2591],[120.5638,18.2572]]],[[[120.72,18.1984],[120.72,18.1734],[120.7178,18.1727],[120.7156,18.1675],[120.7109,18.1662],[120.7072,18.1592],[120.712,18.1631],[120.7183,18.1612],[120.7196,18.1645],[120.72,18.1615],[120.7153,18.1604],[120.7125,18.1626],[120.7036,18.1556],[120.7061,18.1533],[120.7101,18.1559],[120.7137,18.1531],[120.7192,18.1546],[120.72,18.1466],[120.7182,18.1454],[120.7181,18.1419],[120.7069,18.1379],[120.6954,18.1382],[120.6967,18.1335],[120.7039,18.1349],[120.7054,18.1331],[120.7199,18.1325],[120.72,18.1296],[120.7187,18.1316],[120.7128,18.1326],[120.7159,18.1306],[120.7087,18.1324],[120.7062,18.1318],[120.7095,18.1292],[120.7052,18.1292],[120.7087,18.1265],[120.7092,18.124],[120.7063,18.126],[120.7076,18.1238],[120.7197,18.1128],[120.7162,18.1121],[120.7189,18.1104],[120.7165,18.1079],[120.7199,18.1091],[120.72,18.0908],[120.7178,18.0949],[120.7198,18.0908],[120.691,18.09],[120.6867,18.092],[120.6872,18.0906],[120.6839,18.09],[120.6847,18.1123],[120.6825,18.1177],[120.6791,18.1162],[120.6759,18.1104],[120.6742,18.1026],[120.6766,18.0983],[120.6763,18.092],[120.6751,18.09],[120.6716,18.09],[120.6748,18.0915],[120.6759,18.0975],[120.6751,18.0985],[120.6736,18.0953],[120.6747,18.0988],[120.6694,18.0965],[120.6736,18.0983],[120.6644,18.0999],[120.6742,18.1001],[120.6732,18.1054],[120.675,18.1069],[120.6761,18.113],[120.6748,18.113],[120.6782,18.1214],[120.6767,18.1261],[120.679,18.1344],[120.6785,18.1406],[120.676,18.1432],[120.6679,18.1384],[120.6607,18.1229],[120.6514,18.1191],[120.6488,18.1205],[120.6478,18.1183],[120.6432,18.1175],[120.6438,18.1165],[120.643,18.1191],[120.6384,18.118],[120.6353,18.1197],[120.6322,18.1151],[120.6293,18.1148],[120.6286,18.103],[120.6256,18.0991],[120.6275,18.0975],[120.6255,18.0989],[120.6259,18.0956],[120.6227,18.0931],[120.6279,18.0907],[120.6224,18.0925],[120.6221,18.0904],[120.6214,18.0927],[120.6248,18.0961],[120.6247,18.0999],[120.629,18.1081],[120.6283,18.1092],[120.6262,18.1038],[120.6297,18.1134],[120.6272,18.1127],[120.6274,18.114],[120.6321,18.1173],[120.631,18.1195],[120.6286,18.119],[120.6286,18.1294],[120.6397,18.1435],[120.6404,18.1471],[120.6367,18.1548],[120.625,18.1659],[120.6125,18.1711],[120.6133,18.1687],[120.6192,18.1669],[120.6185,18.1659],[120.6236,18.1629],[120.6188,18.1636],[120.6197,18.1627],[120.6262,18.1594],[120.6255,18.1464],[120.6246,18.1486],[120.6223,18.1475],[120.6217,18.1557],[120.6188,18.1624],[120.6148,18.1653],[120.6119,18.1708],[120.5966,18.1809],[120.5901,18.189],[120.5745,18.1944],[120.5674,18.2008],[120.56,18.2025],[120.5538,18.2024],[120.5454,18.1973],[120.5432,18.1987],[120.54,18.1968],[120.5373,18.1914],[120.5188,18.1853],[120.5193,18.1889],[120.5351,18.1952],[120.5245,18.2011],[120.525,18.2046],[120.5274,18.2045],[120.5266,18.2078],[120.5304,18.203],[120.5358,18.2002],[120.5426,18.2024],[120.5496,18.2088],[120.5627,18.2078],[120.5705,18.2104],[120.5727,18.2093],[120.5704,18.21],[120.5673,18.2081],[120.5681,18.2072],[120.5633,18.2075],[120.5711,18.2055],[120.5727,18.2038],[120.5694,18.2054],[120.5765,18.2003],[120.5999,18.1897],[120.6094,18.1915],[120.6161,18.1885],[120.6181,18.1791],[120.6228,18.1754],[120.6218,18.1731],[120.63,18.1705],[120.6387,18.1765],[120.6448,18.1893],[120.651,18.1929],[120.6534,18.1928],[120.6511,18.1911],[120.6559,18.191],[120.6588,18.1987],[120.6591,18.1941],[120.656,18.1908],[120.646,18.1898],[120.6424,18.1837],[120.6457,18.1853],[120.6395,18.179],[120.6394,18.1765],[120.6339,18.1739],[120.6348,18.172],[120.6391,18.1722],[120.6419,18.176],[120.6404,18.1744],[120.6424,18.1725],[120.64,18.172],[120.6439,18.1691],[120.633,18.1717],[120.64,18.1671],[120.644,18.1543],[120.6462,18.1534],[120.6471,18.1477],[120.6505,18.1434],[120.6499,18.1393],[120.6554,18.1356],[120.6585,18.139],[120.6606,18.1364],[120.6625,18.138],[120.6638,18.1465],[120.6668,18.1518],[120.67,18.153],[120.6793,18.1532],[120.682,18.1509],[120.6816,18.1462],[120.6893,18.1428],[120.6968,18.1505],[120.6978,18.1585],[120.7013,18.1611],[120.6981,18.1636],[120.7018,18.1641],[120.7004,18.1685],[120.7024,18.1671],[120.7029,18.1695],[120.7007,18.1705],[120.6989,18.1755],[120.7036,18.1706],[120.7051,18.1724],[120.7074,18.1698],[120.7076,18.1721],[120.7097,18.1711],[120.707,18.1749],[120.7085,18.1763],[120.711,18.1753],[120.715,18.1813],[120.7174,18.1817],[120.7197,18.1768],[120.72,18.1826],[120.7173,18.1849],[120.7183,18.1877],[120.7164,18.1922],[120.7095,18.1946],[120.7072,18.1973],[120.7097,18.1991],[120.7076,18.1993],[120.7071,18.2041],[120.6993,18.2095],[120.7039,18.2089],[120.7052,18.2112],[120.7075,18.2053],[120.7122,18.2025],[120.7118,18.2],[120.7166,18.2033],[120.7164,18.1967],[120.7162,18.2003],[120.7199,18.2035],[120.72,18.2196],[120.7187,18.2265],[120.716,18.2288],[120.7179,18.2317],[120.7137,18.2342],[120.7118,18.2384],[120.7139,18.2344],[120.7172,18.235],[120.7159,18.237],[120.7195,18.2399],[120.7171,18.2407],[120.719,18.2465],[120.72,18.2431],[120.72,18.2456],[120.7177,18.2418],[120.72,18.2395],[120.7168,18.2377],[120.7188,18.2328],[120.7181,18.2288],[120.7199,18.2271],[120.7186,18.2249],[120.72,18.1984]],[[120.7164,18.1773],[120.7161,18.1791],[120.7152,18.1787],[120.7164,18.1773]],[[120.7133,18.1712],[120.7107,18.1681],[120.7117,18.1674],[120.7159,18.1698],[120.7144,18.1737],[120.7177,18.1762],[120.7132,18.1744],[120.7133,18.1712]],[[120.7045,18.1667],[120.7033,18.167],[120.7018,18.1626],[120.7045,18.1667]],[[120.706,18.1588],[120.7054,18.1577],[120.7067,18.1644],[120.706,18.1588]],[[120.7002,18.1551],[120.6974,18.1475],[120.7008,18.1508],[120.7005,18.1533],[120.7028,18.1526],[120.7027,18.1551],[120.7002,18.1551]],[[120.7185,18.1523],[120.7128,18.148],[120.7171,18.1493],[120.7185,18.1523]],[[120.7035,18.1494],[120.7055,18.1498],[120.7008,18.1493],[120.6993,18.1459],[120.7035,18.1494]],[[120.6569,18.1351],[120.6523,18.1344],[120.6503,18.1286],[120.6577,18.1318],[120.6591,18.1339],[120.6569,18.1351]],[[120.638,18.1606],[120.6364,18.1651],[120.6321,18.1673],[120.6337,18.1652],[120.6343,18.1663],[120.6381,18.1587],[120.638,18.1606]],[[120.633,18.1641],[120.6346,18.1622],[120.634,18.1647],[120.6306,18.1658],[120.6299,18.1645],[120.6353,18.1597],[120.633,18.1641]],[[120.6298,18.1647],[120.629,18.1659],[120.6277,18.1656],[120.6298,18.1647]],[[120.6373,18.1718],[120.6389,18.1706],[120.6401,18.1714],[120.6373,18.1718]],[[120.6081,18.1827],[120.609,18.1805],[120.6108,18.1786],[120.6081,18.1827]],[[120.5468,18.2027],[120.552,18.2039],[120.5488,18.2042],[120.5468,18.2027]],[[120.5597,18.2064],[120.561,18.2063],[120.5515,18.2073],[120.5463,18.2043],[120.5597,18.2064]],[[120.5485,18.2013],[120.5426,18.1996],[120.5456,18.1994],[120.5485,18.2013]],[[120.5351,18.1986],[120.532,18.1968],[120.5367,18.1971],[120.5351,18.1986]],[[120.6223,18.1596],[120.6208,18.1593],[120.6223,18.1574],[120.6223,18.1596]],[[120.6314,18.1192],[120.6338,18.1199],[120.6324,18.1218],[120.6306,18.1208],[120.6314,18.1192]],[[120.6822,18.1376],[120.6821,18.1294],[120.6856,18.1285],[120.6851,18.1265],[120.6928,18.121],[120.6954,18.1128],[120.7058,18.1023],[120.707,18.0988],[120.706,18.1024],[120.6958,18.113],[120.6937,18.1201],[120.6874,18.126],[120.6854,18.1292],[120.687,18.1323],[120.6822,18.1376]],[[120.7058,18.1322],[120.7083,18.1325],[120.7069,18.1333],[120.7058,18.1322]],[[120.7072,18.0983],[120.7105,18.0947],[120.7091,18.0901],[120.7116,18.0942],[120.7072,18.0983]]],[[[120.636,18.2663],[120.6388,18.2644],[120.6371,18.2645],[120.636,18.2663]]],[[[120.5665,18.2665],[120.565,18.2646],[120.5668,18.2691],[120.5665,18.2665]]],[[[120.5702,18.272],[120.5725,18.2709],[120.5669,18.2711],[120.5702,18.272]]],[[[120.6069,18.2707],[120.6105,18.2644],[120.6189,18.2656],[120.6285,18.2697],[120.6318,18.2689],[120.6274,18.2681],[120.6242,18.2634],[120.6207,18.2625],[120.6228,18.2641],[120.6219,18.2664],[120.6174,18.2627],[120.6154,18.2641],[120.6108,18.2623],[120.6072,18.2696],[120.6031,18.2718],[120.6031,18.2693],[120.6011,18.2717],[120.6018,18.2744],[120.5984,18.2758],[120.5962,18.2747],[120.5998,18.2744],[120.5926,18.2731],[120.5992,18.276],[120.6069,18.2707]]],[[[120.6057,18.2775],[120.6077,18.2762],[120.6049,18.2741],[120.6057,18.2775]]],[[[120.6086,18.2719],[120.6162,18.2754],[120.6183,18.2799],[120.6216,18.2812],[120.6186,18.2792],[120.6163,18.2735],[120.6086,18.2719]]],[[[120.5761,18.2797],[120.5767,18.275],[120.5706,18.282],[120.5742,18.2825],[120.5759,18.2807],[120.5724,18.2813],[120.573,18.2802],[120.5761,18.2797]]],[[[120.6201,18.286],[120.617,18.2794],[120.612,18.2749],[120.6201,18.286]]],[[[120.6689,18.2858],[120.6721,18.2863],[120.6699,18.2851],[120.6689,18.2858]]],[[[120.6632,18.2888],[120.6656,18.2882],[120.6634,18.2874],[120.6632,18.2888]]],[[[120.5898,18.2799],[120.5886,18.2796],[120.5897,18.2765],[120.5875,18.2793],[120.5852,18.279],[120.5851,18.2816],[120.5796,18.2802],[120.5788,18.286],[120.5763,18.286],[120.5766,18.2879],[120.5802,18.2868],[120.5799,18.282],[120.5898,18.2799]]],[[[120.6319,18.2885],[120.6277,18.2908],[120.6255,18.2897],[120.6332,18.2904],[120.6319,18.2885]]],[[[120.6588,18.291],[120.6628,18.29],[120.6605,18.2894],[120.6588,18.291]]],[[[120.6394,18.2943],[120.6339,18.2889],[120.6373,18.2947],[120.6382,18.2933],[120.6424,18.2951],[120.6394,18.2943]]],[[[120.682,18.2967],[120.6821,18.2921],[120.6812,18.2934],[120.682,18.2967]]],[[[120.6519,18.295],[120.6551,18.2932],[120.658,18.2953],[120.6624,18.295],[120.6545,18.2931],[120.6543,18.2869],[120.6606,18.2843],[120.6671,18.2772],[120.6604,18.2842],[120.6541,18.287],[120.6538,18.2925],[120.6512,18.2973],[120.6431,18.2957],[120.6504,18.2979],[120.6519,18.295]]],[[[120.5877,18.2989],[120.5894,18.3004],[120.5898,18.2971],[120.589,18.2994],[120.5877,18.2989]]],[[[120.6393,18.2994],[120.6476,18.2995],[120.6518,18.3022],[120.6467,18.299],[120.6393,18.2994]]],[[[120.5888,18.3043],[120.59,18.3033],[120.5888,18.3006],[120.5888,18.3043]]],[[[120.623,18.3048],[120.6178,18.3053],[120.62,18.3057],[120.623,18.3048]]],[[[120.6316,18.3049],[120.6268,18.3068],[120.6284,18.3072],[120.6316,18.3049]]],[[[120.6316,18.3049],[120.6335,18.3073],[120.6333,18.3055],[120.6316,18.3049]]],[[[120.5898,18.3074],[120.5914,18.3081],[120.5888,18.3051],[120.5898,18.3074]]],[[[120.6678,18.31],[120.6717,18.3083],[120.6735,18.3099],[120.6885,18.31],[120.6745,18.31],[120.6698,18.3067],[120.6732,18.3032],[120.6798,18.3015],[120.6861,18.3048],[120.6907,18.303],[120.6848,18.3043],[120.6808,18.3016],[120.6873,18.2962],[120.6823,18.2994],[120.6825,18.2971],[120.6776,18.3025],[120.6726,18.3027],[120.6671,18.3096],[120.6648,18.31],[120.6678,18.31]]],[[[120.7153,18.31],[120.718,18.2988],[120.711,18.292],[120.7058,18.281],[120.7086,18.2791],[120.7106,18.2801],[120.7089,18.2787],[120.7095,18.2754],[120.7139,18.2719],[120.7161,18.2723],[120.7167,18.2676],[120.7189,18.2682],[120.72,18.2661],[120.7188,18.2667],[120.72,18.2682],[120.7167,18.267],[120.717,18.2706],[120.7099,18.275],[120.7076,18.2805],[120.7053,18.2799],[120.6946,18.2683],[120.6928,18.2625],[120.6808,18.2472],[120.6808,18.2422],[120.6851,18.2479],[120.6848,18.2454],[120.676,18.2369],[120.671,18.2285],[120.664,18.2303],[120.6534,18.2266],[120.6492,18.2309],[120.6302,18.2375],[120.6224,18.2432],[120.6238,18.2447],[120.6118,18.2424],[120.6054,18.246],[120.6092,18.2401],[120.606,18.2418],[120.6058,18.2406],[120.6048,18.2465],[120.5974,18.2509],[120.5879,18.2516],[120.5835,18.256],[120.5799,18.2637],[120.5823,18.2595],[120.5835,18.2678],[120.5751,18.27],[120.5765,18.2678],[120.5701,18.2736],[120.567,18.2726],[120.5689,18.2794],[120.5749,18.2719],[120.5841,18.2685],[120.5856,18.2638],[120.5839,18.2584],[120.5851,18.2563],[120.584,18.2598],[120.5889,18.2528],[120.6034,18.2551],[120.6069,18.2504],[120.6133,18.2466],[120.6263,18.2487],[120.6409,18.2432],[120.6531,18.2433],[120.6639,18.2382],[120.6598,18.2387],[120.6537,18.2427],[120.6427,18.2422],[120.6469,18.2397],[120.6506,18.2406],[120.6471,18.2392],[120.6378,18.2423],[120.6452,18.2359],[120.6558,18.2329],[120.6631,18.2331],[120.6764,18.2396],[120.6798,18.252],[120.6788,18.2591],[120.6797,18.2599],[120.6785,18.2578],[120.6795,18.2585],[120.6804,18.255],[120.6828,18.2542],[120.6846,18.2619],[120.7014,18.281],[120.7032,18.2904],[120.7046,18.2882],[120.7089,18.2924],[120.7119,18.299],[120.7096,18.3034],[120.7107,18.3094],[120.7153,18.31]],[[120.6991,18.2752],[120.6951,18.2709],[120.6973,18.2716],[120.6991,18.2752]],[[120.694,18.2722],[120.6918,18.2711],[120.6942,18.2707],[120.694,18.2722]],[[120.6885,18.2639],[120.6873,18.265],[120.6854,18.2618],[120.6885,18.2639]],[[120.6867,18.261],[120.6854,18.2601],[120.6857,18.2578],[120.6867,18.261]],[[120.6728,18.2346],[120.6651,18.2308],[120.6721,18.2305],[120.6728,18.2346]],[[120.6597,18.2312],[120.6575,18.2301],[120.6581,18.2286],[120.6624,18.2309],[120.6572,18.2312],[120.6597,18.2312]],[[120.6514,18.2346],[120.6491,18.2353],[120.6546,18.2327],[120.6514,18.2346]],[[120.6377,18.2401],[120.6341,18.2432],[120.6375,18.2396],[120.6356,18.2412],[120.6361,18.239],[120.6402,18.2365],[120.6377,18.2401]],[[120.6313,18.243],[120.6326,18.2409],[120.6293,18.2445],[120.6295,18.2422],[120.6333,18.2392],[120.6313,18.243]],[[120.6371,18.2438],[120.6394,18.2418],[120.6415,18.2422],[120.6371,18.2438]],[[120.5981,18.2522],[120.6018,18.2489],[120.603,18.2487],[120.6009,18.2514],[120.6051,18.2488],[120.6025,18.2538],[120.5981,18.2522]],[[120.6059,18.253],[120.604,18.2546],[120.6057,18.2514],[120.6059,18.253]],[[120.5696,18.2741],[120.5683,18.2763],[120.5679,18.2741],[120.5696,18.2741]]]]}},{"type":"Feature","properties":{"source":"Project NOAH / UP Resilience Institute Flood Hazard Maps","province":"Ilocos Norte","focus_area":"Laoag operational area","return_period":25,"return_period_label":"25-year flood hazard","var":1,"hazard_label":"Low Hazard","color":"#93c5fd","fillColor":"#93c5fd","attribution":"Project NOAH / UP Resilience Institute flood hazard shapefiles, WGS84"},"geometry":{"type":"MultiPolygon","coordinates":[[[[120.5886,18.0927],[120.5896,18.0906],[120.5874,18.0914],[120.5886,18.0927]]],[[[120.6277,18.0915],[120.6254,18.0913],[120.6248,18.0935],[120.6277,18.0915]]],[[[120.5952,18.0942],[120.5962,18.0936],[120.5931,18.0917],[120.5952,18.0942]]],[[[120.5373,18.0945],[120.5388,18.0948],[120.5388,18.0925],[120.5373,18.0945]]],[[[120.521,18.0967],[120.5233,18.0958],[120.5208,18.0954],[120.521,18.0967]]],[[[120.621,18.0969],[120.6212,18.0956],[120.6189,18.0962],[120.621,18.0969]]],[[[120.4858,18.0981],[120.4845,18.0956],[120.4841,18.0971],[120.4858,18.0981]]],[[[120.5085,18.098],[120.508,18.0915],[120.5061,18.0928],[120.5067,18.095],[120.5043,18.0956],[120.5025,18.0938],[120.5015,18.0953],[120.5051,18.0988],[120.5041,18.0969],[120.5085,18.098]]],[[[120.6268,18.0961],[120.6302,18.096],[120.6356,18.0914],[120.6341,18.0905],[120.6316,18.0935],[120.6265,18.0939],[120.6252,18.0987],[120.6268,18.0961]]],[[[120.5362,18.097],[120.5354,18.0993],[120.5372,18.0981],[120.5362,18.097]]],[[[120.5186,18.0997],[120.5212,18.098],[120.5197,18.096],[120.5173,18.0967],[120.5186,18.0997]]],[[[120.5245,18.1009],[120.5269,18.0978],[120.5233,18.1009],[120.5245,18.1009]]],[[[120.5992,18.1014],[120.5963,18.1002],[120.5963,18.1013],[120.5992,18.1014]]],[[[120.6219,18.0989],[120.6214,18.0978],[120.6195,18.1008],[120.6219,18.0989]]],[[[120.5387,18.1014],[120.538,18.1002],[120.5359,18.1014],[120.5387,18.1014]]],[[[120.6394,18.1024],[120.637,18.1017],[120.638,18.1036],[120.6394,18.1024]]],[[[120.6306,18.1026],[120.6346,18.0993],[120.6292,18.1022],[120.629,18.0997],[120.628,18.1004],[120.6291,18.1038],[120.6306,18.1026]]],[[[120.5665,18.1049],[120.569,18.1048],[120.5672,18.103],[120.5653,18.1046],[120.5665,18.1049]]],[[[120.5371,18.1059],[120.5384,18.1056],[120.5347,18.1051],[120.5352,18.1005],[120.5331,18.105],[120.5371,18.1059]]],[[[120.4921,18.1058],[120.4922,18.1034],[120.4889,18.1019],[120.4921,18.1058]]],[[[120.4937,18.1077],[120.4943,18.1052],[120.4931,18.1038],[120.4937,18.1077]]],[[[120.527,18.1057],[120.527,18.1044],[120.5247,18.1076],[120.5269,18.1078],[120.527,18.1057]]],[[[120.5704,18.1053],[120.5723,18.1083],[120.5724,18.1065],[120.5704,18.1053]]],[[[120.5451,18.1085],[120.5438,18.1065],[120.5415,18.1071],[120.5451,18.1085]]],[[[120.6726,18.1099],[120.674,18.1082],[120.6699,18.1101],[120.6726,18.1099]]],[[[120.5563,18.1093],[120.5572,18.1101],[120.557,18.1078],[120.5529,18.1094],[120.5563,18.1093]]],[[[120.5646,18.1104],[120.5622,18.1093],[120.563,18.1112],[120.5646,18.1104]]],[[[120.6375,18.1107],[120.6313,18.1103],[120.6354,18.1119],[120.6343,18.1112],[120.6375,18.1107]]],[[[120.6254,18.1126],[120.627,18.1082],[120.6224,18.1054],[120.6249,18.1067],[120.623,18.1083],[120.6236,18.1107],[120.6219,18.1091],[120.6254,18.1126]]],[[[120.6035,18.1131],[120.6006,18.1148],[120.6037,18.1138],[120.6035,18.1131]]],[[[120.6724,18.1154],[120.6742,18.1136],[120.6715,18.112],[120.6724,18.1154]]],[[[120.6226,18.116],[120.624,18.1168],[120.6237,18.1131],[120.6226,18.116]]],[[[120.6719,18.1161],[120.6753,18.1166],[120.6753,18.1154],[120.6719,18.1161]]],[[[120.6261,18.1188],[120.6242,18.1176],[120.6243,18.1199],[120.6261,18.1188]]],[[[120.5578,18.1238],[120.5565,18.1225],[120.5557,18.1243],[120.5578,18.1238]]],[[[120.6756,18.1247],[120.6747,18.1218],[120.676,18.122],[120.6743,18.1214],[120.6733,18.1242],[120.6756,18.1247]]],[[[120.5861,18.1267],[120.5835,18.1244],[120.5843,18.1268],[120.5861,18.1267]]],[[[120.5523,18.1249],[120.5521,18.1272],[120.5533,18.1282],[120.5523,18.1249]]],[[[120.6257,18.1305],[120.6232,18.1289],[120.6242,18.1308],[120.6257,18.1305]]],[[[120.5694,18.1313],[120.5678,18.1303],[120.5662,18.1314],[120.5694,18.1313]]],[[[120.5789,18.1342],[120.5757,18.132],[120.5765,18.1337],[120.5789,18.1342]]],[[[120.5708,18.1338],[120.57,18.1315],[120.5664,18.134],[120.5667,18.1352],[120.5691,18.1323],[120.5708,18.1338]]],[[[120.5799,18.1318],[120.5794,18.1335],[120.581,18.1355],[120.5799,18.1318]]],[[[120.5895,18.1368],[120.591,18.1358],[120.5891,18.1361],[120.5886,18.1378],[120.5895,18.1368]]],[[[120.5449,18.1402],[120.5421,18.1381],[120.5404,18.1386],[120.5449,18.1402]]],[[[120.569,18.138],[120.5709,18.1408],[120.5724,18.1416],[120.569,18.138]]],[[[120.5485,18.1408],[120.548,18.1397],[120.5464,18.1416],[120.5485,18.1408]]],[[[120.58,18.14],[120.5838,18.1393],[120.5793,18.1387],[120.5772,18.1414],[120.58,18.14]]],[[[120.5678,18.1415],[120.5677,18.1391],[120.5672,18.1415],[120.5655,18.1401],[120.5642,18.1421],[120.5678,18.1415]]],[[[120.5759,18.1448],[120.5751,18.1475],[120.5766,18.1462],[120.5759,18.1448]]],[[[120.5688,18.1498],[120.5713,18.1464],[120.5677,18.1489],[120.5688,18.1498]]],[[[120.5497,18.1499],[120.5515,18.1473],[120.5484,18.1454],[120.5497,18.1499]]],[[[120.5751,18.1476],[120.577,18.1509],[120.5771,18.1492],[120.5751,18.1476]]],[[[120.5967,18.1507],[120.5963,18.1485],[120.5932,18.1484],[120.5967,18.1507]]],[[[120.5886,18.1486],[120.5905,18.1515],[120.5915,18.1507],[120.5886,18.1486]]],[[[120.693,18.1521],[120.6947,18.1509],[120.6931,18.1495],[120.693,18.1521]]],[[[120.5312,18.1481],[120.5318,18.1532],[120.5319,18.1494],[120.5312,18.1481]]],[[[120.6187,18.152],[120.6192,18.1508],[120.6167,18.151],[120.6173,18.153],[120.6187,18.152]]],[[[120.5418,18.1537],[120.5408,18.1508],[120.5407,18.1536],[120.5418,18.1537]]],[[[120.5517,18.1533],[120.5526,18.1542],[120.5532,18.1517],[120.5517,18.1533]]],[[[120.6563,18.1472],[120.6553,18.1517],[120.657,18.1544],[120.6584,18.1505],[120.6563,18.1511],[120.6563,18.1472]]],[[[120.6653,18.1536],[120.6606,18.1509],[120.66,18.1452],[120.6588,18.151],[120.6653,18.1536]]],[[[120.5944,18.1552],[120.5908,18.1548],[120.5953,18.153],[120.5939,18.1546],[120.5951,18.155],[120.5953,18.1527],[120.5907,18.1544],[120.5944,18.1552]]],[[[120.5807,18.1525],[120.5801,18.1434],[120.578,18.1553],[120.5807,18.1525]]],[[[120.6046,18.1547],[120.6033,18.1546],[120.6052,18.1531],[120.6015,18.1527],[120.6015,18.1552],[120.6046,18.1547]]],[[[120.6178,18.1554],[120.6151,18.1545],[120.6164,18.156],[120.6178,18.1554]]],[[[120.6574,18.1553],[120.6585,18.1575],[120.6618,18.1545],[120.6574,18.1553]]],[[[120.5535,18.1559],[120.5535,18.1546],[120.5501,18.1555],[120.552,18.157],[120.5535,18.1559]]],[[[120.5422,18.1573],[120.542,18.1533],[120.541,18.1574],[120.5422,18.1573]]],[[[120.5509,18.1572],[120.5497,18.1557],[120.5491,18.158],[120.5509,18.1572]]],[[[120.6477,18.1579],[120.6502,18.1579],[120.6447,18.1561],[120.6477,18.1579]]],[[[120.6485,18.1592],[120.6448,18.1587],[120.6457,18.1597],[120.6485,18.1592]]],[[[120.5536,18.1611],[120.5539,18.1575],[120.5515,18.1604],[120.5536,18.1611]]],[[[120.6023,18.1621],[120.6012,18.1606],[120.6029,18.1588],[120.599,18.1615],[120.5963,18.1592],[120.5983,18.1589],[120.5996,18.1516],[120.5977,18.1571],[120.5947,18.1589],[120.5973,18.1616],[120.6023,18.1621]]],[[[120.6116,18.1629],[120.6118,18.1609],[120.6101,18.1627],[120.6116,18.1629]]],[[[120.5506,18.1633],[120.5495,18.162],[120.5477,18.1627],[120.5506,18.1633]]],[[[120.6441,18.1611],[120.6422,18.1629],[120.645,18.1622],[120.6441,18.1611]]],[[[120.6535,18.1642],[120.6539,18.1607],[120.6505,18.1581],[120.6511,18.1592],[120.6487,18.1594],[120.6535,18.1642]]],[[[120.6461,18.166],[120.6485,18.1635],[120.6501,18.1651],[120.6501,18.164],[120.6483,18.1634],[120.6461,18.166]]],[[[120.5655,18.1635],[120.5643,18.1661],[120.5663,18.1651],[120.5655,18.1635]]],[[[120.6908,18.1663],[120.6919,18.1658],[120.6897,18.1647],[120.6875,18.1656],[120.6872,18.1626],[120.6872,18.166],[120.6908,18.1663]]],[[[120.5551,18.1643],[120.5571,18.1652],[120.5604,18.1613],[120.5569,18.162],[120.5556,18.1591],[120.5561,18.1622],[120.554,18.1613],[120.5539,18.1626],[120.5557,18.1683],[120.5551,18.1643]]],[[[120.6412,18.1682],[120.6409,18.167],[120.6389,18.1682],[120.6412,18.1682]]],[[[120.5431,18.1688],[120.5426,18.1674],[120.5402,18.1678],[120.5431,18.1688]]],[[[120.6075,18.1687],[120.6077,18.1662],[120.61,18.1682],[120.6131,18.1661],[120.61,18.1679],[120.6039,18.1628],[120.6062,18.1588],[120.6037,18.1594],[120.603,18.1686],[120.6075,18.1687]]],[[[120.6586,18.1663],[120.6596,18.1628],[120.6583,18.1648],[120.6559,18.1644],[120.6563,18.1691],[120.6599,18.169],[120.6579,18.1677],[120.6586,18.1663]]],[[[120.6895,18.1671],[120.6877,18.1669],[120.6865,18.1689],[120.6895,18.1671]]],[[[120.6511,18.1681],[120.6503,18.1666],[120.6483,18.168],[120.6511,18.1681]]],[[[120.5548,18.1699],[120.5511,18.1653],[120.5533,18.1693],[120.5492,18.1681],[120.5503,18.1703],[120.5548,18.1699]]],[[[120.6912,18.1705],[120.6909,18.1669],[120.6882,18.169],[120.6912,18.1705]]],[[[120.5474,18.1711],[120.5461,18.1691],[120.5472,18.1672],[120.5446,18.1657],[120.547,18.1703],[120.5454,18.1721],[120.5474,18.1711]]],[[[120.5425,18.1711],[120.5405,18.172],[120.5437,18.1721],[120.5425,18.1711]]],[[[120.5511,18.1729],[120.5524,18.1728],[120.5477,18.1718],[120.5488,18.1739],[120.5485,18.1727],[120.5511,18.1729]]],[[[120.6618,18.1739],[120.6559,18.17],[120.6558,18.1736],[120.6618,18.1739]]],[[[120.5609,18.1716],[120.5621,18.1713],[120.5612,18.1705],[120.5585,18.1741],[120.5604,18.1752],[120.5609,18.1716]]],[[[120.5551,18.1755],[120.5562,18.1735],[120.5584,18.1746],[120.5575,18.1724],[120.5528,18.1725],[120.5551,18.1755]]],[[[120.5586,18.175],[120.5551,18.1755],[120.558,18.1758],[120.5586,18.175]]],[[[120.6567,18.1736],[120.6585,18.1765],[120.6594,18.1756],[120.6567,18.1736]]],[[[120.5498,18.177],[120.5508,18.1751],[120.5524,18.176],[120.5525,18.1738],[120.548,18.1754],[120.5469,18.1736],[120.5465,18.1779],[120.5498,18.177]]],[[[120.6342,18.1772],[120.6324,18.1744],[120.6276,18.1743],[120.6311,18.1744],[120.6347,18.1793],[120.6342,18.1772]]],[[[120.5511,18.1811],[120.5557,18.1789],[120.5501,18.1807],[120.5511,18.1811]]],[[[120.6585,18.1804],[120.6565,18.1786],[120.6578,18.1811],[120.6585,18.1804]]],[[[120.7014,18.1787],[120.6994,18.1807],[120.7002,18.1812],[120.7014,18.1787]]],[[[120.5932,18.1789],[120.5908,18.1789],[120.5909,18.1812],[120.5932,18.1789]]],[[[120.6937,18.1819],[120.6914,18.1826],[120.694,18.1797],[120.693,18.1774],[120.6909,18.1786],[120.6914,18.176],[120.6904,18.1814],[120.6937,18.1819]],[[120.6912,18.18],[120.6926,18.1784],[120.6931,18.1793],[120.6912,18.18]]],[[[120.6466,18.18],[120.6474,18.1775],[120.6547,18.1772],[120.6513,18.1764],[120.6536,18.1755],[120.6537,18.173],[120.6528,18.1752],[120.645,18.1749],[120.6441,18.1717],[120.6437,18.1753],[120.6461,18.1751],[120.6428,18.1764],[120.6445,18.1831],[120.6452,18.1794],[120.6466,18.18]],[[120.6443,18.18],[120.644,18.1782],[120.6457,18.1777],[120.6443,18.18]],[[120.6459,18.1775],[120.6477,18.1745],[120.6478,18.1762],[120.6459,18.1775]]],[[[120.5359,18.1841],[120.5356,18.1809],[120.5388,18.1809],[120.5393,18.1792],[120.5349,18.1801],[120.536,18.1824],[120.5344,18.1838],[120.5359,18.1841]]],[[[120.5295,18.1829],[120.5275,18.1832],[120.5286,18.1845],[120.5295,18.1829]]],[[[120.6363,18.1846],[120.6359,18.1816],[120.6339,18.1844],[120.6363,18.1846]]],[[[120.6921,18.1847],[120.6912,18.1832],[120.6901,18.1845],[120.6921,18.1847]]],[[[120.5401,18.1822],[120.5389,18.1822],[120.5415,18.1846],[120.5418,18.1825],[120.5401,18.1822]]],[[[120.6558,18.1844],[120.6525,18.183],[120.6505,18.1842],[120.6558,18.1844]]],[[[120.5278,18.1853],[120.5274,18.1834],[120.526,18.1839],[120.5278,18.1853]]],[[[120.5605,18.1861],[120.5647,18.185],[120.5623,18.1839],[120.5605,18.1861]]],[[[120.5688,18.1872],[120.5675,18.1853],[120.5675,18.1876],[120.5688,18.1872]]],[[[120.6365,18.1867],[120.6349,18.1876],[120.6367,18.1882],[120.6365,18.1867]]],[[[120.5503,18.1881],[120.5509,18.1873],[120.5477,18.1866],[120.5503,18.1881]]],[[[120.5344,18.1874],[120.5331,18.1841],[120.5329,18.1887],[120.5344,18.1874]]],[[[120.6467,18.1858],[120.6465,18.1874],[120.6489,18.1892],[120.6467,18.1858]]],[[[120.5736,18.1884],[120.5736,18.1868],[120.5721,18.188],[120.5736,18.1884]]],[[[120.5806,18.1883],[120.5822,18.19],[120.5819,18.1876],[120.5806,18.1883]]],[[[120.5425,18.1888],[120.5437,18.1867],[120.5411,18.1874],[120.5425,18.1888]]],[[[120.5409,18.1894],[120.5403,18.1886],[120.5382,18.1903],[120.5409,18.1894]]],[[[120.6505,18.1903],[120.6528,18.1899],[120.6495,18.1885],[120.6505,18.1903]]],[[[120.6883,18.1904],[120.6879,18.1867],[120.6867,18.1903],[120.6883,18.1904]]],[[[120.6924,18.1901],[120.6939,18.1882],[120.6926,18.1834],[120.6924,18.1901]]],[[[120.5448,18.1898],[120.5482,18.1911],[120.5466,18.1897],[120.5478,18.1892],[120.5448,18.1898]]],[[[120.6363,18.1896],[120.6343,18.1904],[120.6351,18.1913],[120.6363,18.1896]]],[[[120.5635,18.1877],[120.5613,18.1888],[120.5621,18.1929],[120.5624,18.1904],[120.5662,18.1873],[120.5635,18.1877]]],[[[120.6588,18.1895],[120.657,18.1863],[120.6558,18.1868],[120.6577,18.1877],[120.6542,18.1868],[120.6583,18.1936],[120.6577,18.1911],[120.6601,18.1919],[120.6588,18.1895]],[[120.6567,18.1898],[120.6556,18.1878],[120.6573,18.1886],[120.6567,18.1898]]],[[[120.6374,18.1932],[120.6386,18.1931],[120.6361,18.1912],[120.6338,18.1921],[120.6374,18.1932]]],[[[120.5998,18.1925],[120.6016,18.1941],[120.6022,18.1931],[120.5998,18.1925]]],[[[120.6928,18.1933],[120.6911,18.1946],[120.6921,18.1955],[120.6928,18.1933]]],[[[120.5526,18.1954],[120.5459,18.1921],[120.5505,18.1965],[120.5526,18.1954]]],[[[120.5555,18.1968],[120.5533,18.1939],[120.5534,18.1958],[120.5555,18.1968]]],[[[120.5602,18.1967],[120.5623,18.1962],[120.562,18.1949],[120.5602,18.1967]]],[[[120.6921,18.1977],[120.6907,18.1966],[120.6893,18.1978],[120.6921,18.1977]]],[[[120.7056,18.196],[120.7032,18.1952],[120.7064,18.1981],[120.7056,18.196]]],[[[120.5287,18.198],[120.5292,18.1963],[120.5268,18.1956],[120.5277,18.1964],[120.5257,18.1974],[120.5287,18.198]]],[[[120.653,18.1963],[120.6548,18.1935],[120.6496,18.1985],[120.653,18.1963]]],[[[120.5694,18.199],[120.5686,18.1891],[120.5676,18.1932],[120.5694,18.199]]],[[[120.5575,18.1996],[120.5548,18.1981],[120.5557,18.1999],[120.5575,18.1996]]],[[[120.6506,18.2],[120.6526,18.1982],[120.6493,18.1997],[120.6506,18.2]]],[[[120.5652,18.2007],[120.5688,18.2001],[120.5667,18.1962],[120.5633,18.1991],[120.5652,18.2007]]],[[[120.692,18.1998],[120.6964,18.201],[120.6935,18.1988],[120.692,18.1998]]],[[[120.564,18.2011],[120.5612,18.1987],[120.558,18.1992],[120.564,18.2011]]],[[[120.6376,18.2019],[120.6361,18.1999],[120.6375,18.1982],[120.6322,18.1954],[120.6356,18.1957],[120.633,18.1932],[120.6316,18.1953],[120.6362,18.1987],[120.6327,18.1982],[120.6332,18.1993],[120.6376,18.2019]]],[[[120.5601,18.2019],[120.561,18.2022],[120.5594,18.201],[120.5557,18.2016],[120.5601,18.2019]]],[[[120.6954,18.2011],[120.696,18.2025],[120.6974,18.2016],[120.6954,18.2011]]],[[[120.632,18.2028],[120.6342,18.2023],[120.634,18.2002],[120.6309,18.198],[120.6296,18.2034],[120.632,18.2028]]],[[[120.6517,18.2047],[120.6532,18.203],[120.653,18.2016],[120.6517,18.2047]]],[[[120.629,18.204],[120.6268,18.204],[120.6273,18.206],[120.629,18.204]]],[[[120.6265,18.2043],[120.6241,18.2051],[120.6262,18.2064],[120.6265,18.2043]]],[[[120.7013,18.2061],[120.6985,18.204],[120.6979,18.2051],[120.7013,18.2061]]],[[[120.5317,18.2083],[120.532,18.2068],[120.5304,18.2059],[120.5317,18.2083]]],[[[120.6531,18.2061],[120.651,18.2084],[120.6528,18.2082],[120.6531,18.2061]]],[[[120.6298,18.2091],[120.6302,18.2082],[120.6266,18.2068],[120.6298,18.2091]]],[[[120.6915,18.2055],[120.6967,18.2053],[120.692,18.2055],[120.6975,18.2083],[120.6997,18.2074],[120.697,18.2034],[120.6923,18.2019],[120.6931,18.2028],[120.6907,18.2029],[120.6893,18.2064],[120.6928,18.2068],[120.6903,18.207],[120.6921,18.2087],[120.6943,18.2071],[120.6962,18.2088],[120.6911,18.2095],[120.6934,18.2106],[120.6975,18.209],[120.6915,18.2055]]],[[[120.5359,18.2083],[120.5358,18.2108],[120.5372,18.2104],[120.5359,18.2083]]],[[[120.6308,18.209],[120.6298,18.2111],[120.6334,18.2111],[120.6308,18.209]]],[[[120.568,18.2121],[120.5644,18.2099],[120.5647,18.2121],[120.568,18.2121]]],[[[120.6106,18.2106],[120.6066,18.2122],[120.607,18.213],[120.6106,18.2106]]],[[[120.7098,18.2128],[120.7068,18.2109],[120.7069,18.2131],[120.7098,18.2128]]],[[[120.6999,18.211],[120.6928,18.2142],[120.6964,18.2145],[120.6999,18.211]]],[[[120.6984,18.2155],[120.6981,18.2134],[120.6929,18.215],[120.6984,18.2155]]],[[[120.6438,18.2149],[120.6435,18.2131],[120.6416,18.2158],[120.6438,18.2149]]],[[[120.6212,18.2152],[120.6208,18.2163],[120.6227,18.218],[120.6212,18.2152]]],[[[120.6097,18.2147],[120.6062,18.2144],[120.6088,18.2182],[120.6097,18.2147]]],[[[120.6145,18.2191],[120.6132,18.217],[120.612,18.2184],[120.6145,18.2191]]],[[[120.7085,18.2188],[120.712,18.2179],[120.7092,18.2161],[120.7088,18.2172],[120.7073,18.2133],[120.7051,18.2129],[120.7048,18.2164],[120.707,18.2159],[120.7068,18.2193],[120.7085,18.2188]]],[[[120.7019,18.2204],[120.7038,18.2206],[120.7025,18.2191],[120.7019,18.2204]]],[[[120.6699,18.2177],[120.6665,18.2133],[120.6687,18.2162],[120.6684,18.2197],[120.6672,18.2175],[120.6687,18.2207],[120.6699,18.2177]]],[[[120.6892,18.2203],[120.6976,18.2165],[120.6876,18.2201],[120.6892,18.2203]]],[[[120.6416,18.2216],[120.6416,18.2192],[120.639,18.2194],[120.6403,18.2223],[120.6416,18.2216]]],[[[120.7071,18.2202],[120.7064,18.2211],[120.7093,18.2226],[120.7071,18.2202]]],[[[120.5687,18.2226],[120.5705,18.2191],[120.5681,18.2185],[120.5687,18.2226]]],[[[120.6474,18.2225],[120.6498,18.2218],[120.648,18.2208],[120.6474,18.2225]]],[[[120.6618,18.2235],[120.6648,18.2222],[120.6641,18.2211],[120.6582,18.2207],[120.66,18.2177],[120.657,18.2191],[120.657,18.217],[120.654,18.2162],[120.655,18.2189],[120.6529,18.2194],[120.6609,18.2215],[120.6619,18.2224],[120.6595,18.2225],[120.6618,18.2235]]],[[[120.6431,18.2218],[120.6426,18.2237],[120.6444,18.2217],[120.6431,18.2218]]],[[[120.6015,18.2208],[120.6032,18.2237],[120.6032,18.2215],[120.6015,18.2208]]],[[[120.6578,18.2242],[120.6587,18.2234],[120.6547,18.2228],[120.6578,18.2242]]],[[[120.5571,18.2244],[120.5563,18.2213],[120.5562,18.2244],[120.5571,18.2244]]],[[[120.6989,18.2236],[120.6988,18.2224],[120.6955,18.2237],[120.6951,18.2211],[120.6929,18.2223],[120.6949,18.2231],[120.6915,18.2246],[120.6989,18.2236]]],[[[120.5923,18.223],[120.59,18.2228],[120.59,18.225],[120.5923,18.223]]],[[[120.6064,18.2229],[120.6042,18.224],[120.6048,18.2248],[120.6064,18.2229]]],[[[120.6086,18.2233],[120.6111,18.2252],[120.6098,18.2232],[120.6086,18.2233]]],[[[120.6535,18.2252],[120.6545,18.223],[120.6503,18.2251],[120.6535,18.2252]]],[[[120.6652,18.2235],[120.6638,18.2234],[120.6635,18.2256],[120.6652,18.2235]]],[[[120.5857,18.2249],[120.5884,18.226],[120.5872,18.2244],[120.5857,18.2249]]],[[[120.6421,18.2254],[120.6379,18.2222],[120.6379,18.2246],[120.6421,18.2254]]],[[[120.6626,18.2265],[120.6615,18.2258],[120.6588,18.2266],[120.6626,18.2265]]],[[[120.631,18.2271],[120.6299,18.224],[120.6295,18.2277],[120.631,18.2271]]],[[[120.6737,18.2262],[120.6722,18.2279],[120.6733,18.2284],[120.6737,18.2262]]],[[[120.6164,18.2281],[120.6205,18.2265],[120.6145,18.2278],[120.6164,18.2281]]],[[[120.7069,18.2281],[120.7026,18.2221],[120.7026,18.2275],[120.7069,18.2281]]],[[[120.5675,18.2278],[120.5656,18.2293],[120.5664,18.23],[120.5675,18.2278]]],[[[120.6647,18.2294],[120.6705,18.227],[120.6661,18.2258],[120.6646,18.2292],[120.6622,18.229],[120.6647,18.2294]]],[[[120.6483,18.2293],[120.6472,18.2281],[120.6465,18.2304],[120.6483,18.2293]]],[[[120.6978,18.2297],[120.6973,18.2265],[120.6941,18.2302],[120.6978,18.2297]]],[[[120.6349,18.2307],[120.6343,18.2291],[120.6327,18.2293],[120.6349,18.2307]]],[[[120.7032,18.2304],[120.7006,18.2284],[120.7013,18.2306],[120.7032,18.2304]]],[[[120.6707,18.2305],[120.6662,18.2302],[120.6709,18.2311],[120.6707,18.2305]]],[[[120.6748,18.2309],[120.6777,18.2288],[120.6738,18.2304],[120.6717,18.229],[120.6748,18.2309]]],[[[120.6286,18.2298],[120.6283,18.2278],[120.6266,18.2314],[120.6286,18.2298]]],[[[120.6107,18.2307],[120.6093,18.2295],[120.6093,18.2313],[120.6107,18.2307]]],[[[120.6397,18.232],[120.6453,18.2299],[120.6432,18.2287],[120.6397,18.232]]],[[[120.5579,18.2331],[120.5588,18.231],[120.557,18.2322],[120.5579,18.2331]]],[[[120.6978,18.2323],[120.6979,18.231],[120.6998,18.2324],[120.6991,18.2279],[120.6978,18.2323]]],[[[120.5714,18.2323],[120.5688,18.232],[120.5675,18.2335],[120.5714,18.2323]]],[[[120.6946,18.2333],[120.696,18.232],[120.6948,18.2312],[120.6946,18.2333]]],[[[120.6062,18.2368],[120.6071,18.236],[120.6049,18.2352],[120.6062,18.2368]]],[[[120.6338,18.2342],[120.6316,18.2343],[120.6281,18.2368],[120.6338,18.2342]]],[[[120.6532,18.2379],[120.6577,18.2381],[120.6581,18.236],[120.6558,18.235],[120.6514,18.2378],[120.6532,18.2379]]],[[[120.6492,18.2377],[120.6461,18.2375],[120.6462,18.2386],[120.6492,18.2377]]],[[[120.5653,18.2377],[120.5634,18.2363],[120.5638,18.2387],[120.5653,18.2377]]],[[[120.6171,18.2382],[120.6093,18.2382],[120.6171,18.2393],[120.6171,18.2382]]],[[[120.5817,18.2364],[120.5795,18.2375],[120.5794,18.2356],[120.5767,18.2374],[120.5792,18.2398],[120.5803,18.2376],[120.5825,18.2376],[120.5817,18.2364]]],[[[120.6045,18.2396],[120.6089,18.2367],[120.6067,18.2368],[120.6045,18.2396]]],[[[120.5697,18.2403],[120.5682,18.2378],[120.5659,18.2387],[120.5697,18.2403]]],[[[120.6424,18.2416],[120.6455,18.2395],[120.644,18.2376],[120.641,18.2394],[120.6424,18.2416]]],[[[120.6154,18.2421],[120.6124,18.2407],[120.6086,18.2417],[120.6154,18.2421]]],[[[120.6585,18.2422],[120.66,18.2404],[120.6572,18.2414],[120.6585,18.2422]]],[[[120.652,18.2423],[120.6531,18.2419],[120.6457,18.2414],[120.652,18.2423]]],[[[120.6227,18.2428],[120.6215,18.2415],[120.6203,18.2426],[120.6227,18.2428]]],[[[120.5803,18.2426],[120.5837,18.2423],[120.5791,18.2407],[120.5803,18.2426]]],[[[120.5762,18.2427],[120.574,18.2435],[120.5753,18.2454],[120.5762,18.2427]]],[[[120.6515,18.2454],[120.6475,18.244],[120.6484,18.2453],[120.6515,18.2454]]],[[[120.6649,18.2459],[120.6623,18.2434],[120.6619,18.2451],[120.6649,18.2459]]],[[[120.6002,18.2458],[120.5975,18.2419],[120.5956,18.2458],[120.6002,18.2458]]],[[[120.5804,18.2437],[120.5816,18.2476],[120.5824,18.2445],[120.5804,18.2437]]],[[[120.643,18.2443],[120.6417,18.2483],[120.6462,18.248],[120.643,18.2443]]],[[[120.6126,18.2487],[120.6143,18.247],[120.6119,18.2474],[120.6126,18.2487]]],[[[120.6563,18.2499],[120.6555,18.249],[120.6589,18.2484],[120.6565,18.2461],[120.6544,18.2473],[120.6563,18.2499]]],[[[120.6335,18.2516],[120.641,18.2462],[120.6318,18.2508],[120.6259,18.2505],[120.6335,18.2516]]],[[[120.5784,18.2512],[120.5775,18.2479],[120.5772,18.2524],[120.5784,18.2512]]],[[[120.6952,18.2524],[120.6971,18.2511],[120.6962,18.2503],[120.6952,18.2524]]],[[[120.6441,18.2504],[120.6414,18.2504],[120.6431,18.2522],[120.6441,18.2504]]],[[[120.6879,18.2509],[120.6907,18.2529],[120.6901,18.2515],[120.6879,18.2509]]],[[[120.6195,18.2531],[120.6209,18.2498],[120.6183,18.2537],[120.6195,18.2531]]],[[[120.615,18.2533],[120.6137,18.2511],[120.6144,18.2522],[120.6109,18.2523],[120.6122,18.2553],[120.615,18.2533]]],[[[120.6368,18.2534],[120.6405,18.2538],[120.6372,18.2524],[120.6378,18.2513],[120.6344,18.2556],[120.6388,18.2558],[120.6368,18.2534]]],[[[120.6952,18.2557],[120.6964,18.2559],[120.6912,18.2512],[120.6924,18.251],[120.6904,18.2508],[120.6952,18.2557]]],[[[120.5743,18.2541],[120.5819,18.2528],[120.5684,18.2516],[120.5697,18.2537],[120.572,18.2532],[120.5701,18.2548],[120.5729,18.2568],[120.571,18.2577],[120.5721,18.2583],[120.5743,18.2541]]],[[[120.6467,18.2587],[120.6466,18.2566],[120.6441,18.2576],[120.6467,18.2587]]],[[[120.615,18.2585],[120.6203,18.2564],[120.6241,18.2512],[120.6172,18.2549],[120.6166,18.2569],[120.6096,18.2578],[120.615,18.2585]]],[[[120.6531,18.2592],[120.6551,18.258],[120.6518,18.2585],[120.6531,18.2592]]],[[[120.6253,18.2588],[120.6274,18.2558],[120.6251,18.2564],[120.6247,18.254],[120.6224,18.2584],[120.6253,18.2588]]],[[[120.5901,18.2598],[120.5941,18.2549],[120.5886,18.2562],[120.5901,18.2598]]],[[[120.598,18.2578],[120.6002,18.2566],[120.5926,18.2592],[120.598,18.2578]]],[[[120.6639,18.26],[120.6644,18.2589],[120.6619,18.2593],[120.6639,18.26]]],[[[120.5733,18.2603],[120.5792,18.2547],[120.5715,18.2598],[120.5733,18.2603]]],[[[120.6024,18.2613],[120.6039,18.2589],[120.6026,18.2594],[120.6024,18.2613]]],[[[120.6523,18.2612],[120.655,18.2591],[120.652,18.2598],[120.6523,18.2612]]],[[[120.6511,18.2611],[120.6483,18.2603],[120.6516,18.256],[120.6491,18.2563],[120.6473,18.2594],[120.6511,18.2611]]],[[[120.5856,18.2616],[120.5864,18.2573],[120.5851,18.2611],[120.5856,18.2616]]],[[[120.5785,18.2627],[120.5788,18.2615],[120.5753,18.2626],[120.5785,18.2627]]],[[[120.6321,18.2611],[120.6315,18.2595],[120.6299,18.2628],[120.6321,18.2611]]],[[[120.6056,18.2619],[120.6049,18.2608],[120.6034,18.264],[120.6056,18.2619]]],[[[120.657,18.2639],[120.6527,18.2621],[120.6554,18.2647],[120.657,18.2639]]],[[[120.6428,18.2633],[120.6411,18.2653],[120.643,18.2649],[120.6428,18.2633]]],[[[120.6283,18.2646],[120.6291,18.2624],[120.6268,18.2615],[120.6265,18.2635],[120.6294,18.265],[120.6283,18.2646]]],[[[120.6008,18.2624],[120.5998,18.2655],[120.6018,18.2632],[120.6008,18.2624]]],[[[120.6338,18.2653],[120.6369,18.2636],[120.6341,18.2626],[120.6304,18.2644],[120.6338,18.2653]]],[[[120.6402,18.265],[120.6367,18.2665],[120.6365,18.2678],[120.6402,18.265]]],[[[120.5816,18.2669],[120.5829,18.2648],[120.5806,18.265],[120.5801,18.2674],[120.5816,18.2669]]],[[[120.5947,18.266],[120.5988,18.2635],[120.6001,18.2579],[120.5915,18.263],[120.5941,18.2645],[120.5909,18.268],[120.5954,18.2646],[120.5947,18.266]]],[[[120.6067,18.2685],[120.607,18.265],[120.6049,18.2663],[120.6067,18.2685]]],[[[120.5937,18.2678],[120.5984,18.2649],[120.5917,18.2696],[120.5937,18.2678]]],[[[120.5934,18.2703],[120.5941,18.2687],[120.5921,18.2697],[120.5934,18.2703]]],[[[120.6232,18.271],[120.623,18.2687],[120.6209,18.2692],[120.6232,18.271]]],[[[120.6008,18.2704],[120.5996,18.2677],[120.5992,18.2711],[120.6008,18.2704]]],[[[120.6136,18.2714],[120.6101,18.2693],[120.6118,18.2717],[120.6136,18.2714]]],[[[120.647,18.2705],[120.6481,18.2699],[120.6441,18.2713],[120.6476,18.2726],[120.6453,18.2716],[120.647,18.2705]]],[[[120.5911,18.2728],[120.5928,18.2716],[120.5908,18.2713],[120.5911,18.2728]]],[[[120.6394,18.2704],[120.636,18.272],[120.6368,18.273],[120.6394,18.2704]]],[[[120.5983,18.2727],[120.5941,18.2725],[120.5962,18.2734],[120.5983,18.2727]]],[[[120.5858,18.2743],[120.5899,18.2684],[120.5892,18.2661],[120.5884,18.2693],[120.5856,18.2693],[120.5843,18.2745],[120.5858,18.2743]]],[[[120.5828,18.2744],[120.5811,18.2738],[120.5801,18.275],[120.5828,18.2744]]],[[[120.644,18.2787],[120.6415,18.2779],[120.643,18.2796],[120.644,18.2787]]],[[[120.6287,18.2783],[120.6265,18.2787],[120.6259,18.28],[120.6287,18.2783]]],[[[120.6101,18.2788],[120.6086,18.28],[120.6109,18.28],[120.6101,18.2788]]],[[[120.615,18.2791],[120.6145,18.2799],[120.6169,18.2813],[120.615,18.2791]]],[[[120.6487,18.2814],[120.6468,18.2784],[120.6472,18.2804],[120.6487,18.2814]]],[[[120.5973,18.2778],[120.5926,18.2813],[120.5933,18.282],[120.5973,18.2778]]],[[[120.599,18.2827],[120.5986,18.2815],[120.599,18.2827],[120.6042,18.281],[120.6028,18.2789],[120.6,18.2811],[120.598,18.2796],[120.599,18.2827]]],[[[120.6056,18.2829],[120.6056,18.2801],[120.6044,18.283],[120.6056,18.2829]]],[[[120.5777,18.2827],[120.5782,18.2806],[120.5836,18.2778],[120.5796,18.2791],[120.5771,18.2778],[120.5788,18.2794],[120.5761,18.2819],[120.5777,18.2827]]],[[[120.6451,18.2796],[120.6437,18.2813],[120.6459,18.2837],[120.6451,18.2796]]],[[[120.6261,18.2866],[120.6265,18.2861],[120.6239,18.2858],[120.6255,18.287],[120.6261,18.2866]]],[[[120.612,18.2844],[120.6132,18.284],[120.6129,18.2863],[120.6166,18.2859],[120.612,18.282],[120.612,18.2844]]],[[[120.598,18.2809],[120.597,18.285],[120.5983,18.2871],[120.598,18.2809]]],[[[120.5955,18.289],[120.5968,18.2868],[120.5946,18.2849],[120.5892,18.2871],[120.5941,18.2867],[120.5913,18.2889],[120.5955,18.289]]],[[[120.6373,18.2877],[120.6347,18.289],[120.637,18.2894],[120.6373,18.2877]]],[[[120.6061,18.2896],[120.6048,18.2884],[120.6096,18.2886],[120.6075,18.2882],[120.6084,18.2866],[120.6112,18.2887],[120.6084,18.2846],[120.6002,18.2889],[120.6014,18.2911],[120.6045,18.2916],[120.6061,18.2896]]],[[[120.6136,18.2931],[120.6115,18.2898],[120.6123,18.293],[120.6136,18.2931]]],[[[120.65,18.2934],[120.6465,18.2925],[120.6464,18.2938],[120.65,18.2934]]],[[[120.7065,18.2959],[120.7036,18.2967],[120.7056,18.2971],[120.7065,18.2959]]],[[[120.6039,18.2965],[120.6015,18.2954],[120.6051,18.2986],[120.6039,18.2965]]],[[[120.6094,18.2978],[120.6037,18.2918],[120.6038,18.2947],[120.6071,18.2952],[120.6057,18.2979],[120.6091,18.2993],[120.6094,18.2978]]],[[[120.6039,18.2979],[120.6016,18.2971],[120.6044,18.2994],[120.6039,18.2979]]],[[[120.7089,18.3009],[120.7101,18.2988],[120.7081,18.2974],[120.7072,18.2982],[120.7094,18.2996],[120.7072,18.3003],[120.7089,18.3009]]],[[[120.5931,18.3035],[120.5941,18.3],[120.5911,18.3024],[120.592,18.3045],[120.5931,18.3035]]],[[[120.6073,18.3072],[120.6083,18.3057],[120.6063,18.3047],[120.6056,18.3067],[120.6073,18.3072]]],[[[120.6064,18.3098],[120.6069,18.3074],[120.6023,18.3087],[120.6025,18.3031],[120.6016,18.3053],[120.6004,18.3019],[120.5965,18.2991],[120.6025,18.3099],[120.6064,18.3098]]],[[[120.5985,18.31],[120.5968,18.3057],[120.5964,18.3098],[120.5985,18.31]]],[[[120.6104,18.31],[120.6128,18.3062],[120.6094,18.3067],[120.6104,18.31]],[[120.611,18.309],[120.6103,18.3095],[120.6105,18.3068],[120.611,18.309]]]]}},{"type":"Feature","properties":{"source":"Project NOAH / UP Resilience Institute Flood Hazard Maps","province":"Ilocos Norte","focus_area":"Laoag operational area","return_period":25,"return_period_label":"25-year flood hazard","var":2,"hazard_label":"Medium Hazard","color":"#3b82f6","fillColor":"#3b82f6","attribution":"Project NOAH / UP Resilience Institute flood hazard shapefiles, WGS84"},"geometry":{"type":"MultiPolygon","coordinates":[[[[120.5941,18.0906],[120.5897,18.09],[120.5931,18.0914],[120.5941,18.0906]]],[[[120.6034,18.0921],[120.5978,18.09],[120.5989,18.0925],[120.6006,18.0909],[120.6034,18.0921]]],[[[120.6223,18.0925],[120.6224,18.0905],[120.6214,18.0906],[120.6223,18.0936],[120.6223,18.0925]]],[[[120.503,18.0939],[120.5017,18.09],[120.5059,18.0924],[120.5056,18.0902],[120.5011,18.09],[120.503,18.0939]]],[[[120.5853,18.0934],[120.585,18.0922],[120.5832,18.0936],[120.5853,18.0934]]],[[[120.6259,18.0954],[120.6258,18.0918],[120.6234,18.0918],[120.6227,18.0941],[120.6259,18.0954]]],[[[120.5557,18.0949],[120.5548,18.0904],[120.5549,18.0962],[120.5557,18.0949]]],[[[120.6247,18.0992],[120.6239,18.0953],[120.6216,18.0949],[120.6215,18.0984],[120.6225,18.0991],[120.6223,18.0969],[120.6247,18.0992]]],[[[120.596,18.0997],[120.5937,18.0959],[120.5937,18.0974],[120.596,18.0997]]],[[[120.4881,18.1015],[120.4865,18.0945],[120.4863,18.1002],[120.4881,18.1015]]],[[[120.673,18.0992],[120.6734,18.1019],[120.6742,18.1004],[120.673,18.0992]]],[[[120.6756,18.1023],[120.6761,18.0991],[120.6743,18.1026],[120.6756,18.1023]]],[[[120.5348,18.104],[120.5358,18.0995],[120.5336,18.1037],[120.5348,18.104]]],[[[120.5919,18.1037],[120.5943,18.1055],[120.5938,18.104],[120.5919,18.1037]]],[[[120.5536,18.1067],[120.5495,18.1036],[120.5522,18.107],[120.5536,18.1067]]],[[[120.6734,18.1033],[120.6728,18.1057],[120.6745,18.1074],[120.6734,18.1033]]],[[[120.523,18.1076],[120.5252,18.1069],[120.5207,18.1067],[120.5198,18.1044],[120.5217,18.1029],[120.5188,18.1032],[120.5143,18.091],[120.5114,18.09],[120.5157,18.1018],[120.5203,18.1072],[120.523,18.1076]]],[[[120.6261,18.1009],[120.6268,18.1069],[120.6295,18.1089],[120.6261,18.1009]]],[[[120.6309,18.1084],[120.6292,18.1027],[120.6265,18.1003],[120.6287,18.1076],[120.6309,18.1084]]],[[[120.6002,18.1119],[120.6018,18.1085],[120.6005,18.1092],[120.6002,18.1119]]],[[[120.5865,18.1105],[120.5821,18.1047],[120.5833,18.105],[120.5755,18.1026],[120.5741,18.1006],[120.5774,18.0994],[120.5729,18.0992],[120.5742,18.1039],[120.5774,18.1044],[120.5762,18.1072],[120.5798,18.1047],[120.5878,18.112],[120.5865,18.1105]]],[[[120.5321,18.1095],[120.5334,18.1064],[120.5354,18.112],[120.5345,18.1052],[120.5326,18.106],[120.5321,18.1095]]],[[[120.634,18.1115],[120.6312,18.1105],[120.6305,18.1127],[120.634,18.1115]]],[[[120.5463,18.1124],[120.5416,18.1129],[120.5451,18.1132],[120.5463,18.1124]]],[[[120.6734,18.1094],[120.6751,18.1148],[120.6756,18.1092],[120.6738,18.1075],[120.6734,18.1094]]],[[[120.5814,18.1153],[120.577,18.1082],[120.5768,18.1099],[120.5814,18.1153]]],[[[120.5619,18.1152],[120.5646,18.1114],[120.5625,18.1116],[120.5619,18.1152]]],[[[120.6364,18.1147],[120.6383,18.1131],[120.634,18.1153],[120.6364,18.1147]]],[[[120.6318,18.1147],[120.6326,18.1157],[120.6298,18.1113],[120.6288,18.1144],[120.6318,18.1147]]],[[[120.6757,18.1031],[120.676,18.1106],[120.6771,18.1099],[120.677,18.1133],[120.6798,18.1157],[120.6757,18.1031]]],[[[120.6751,18.1153],[120.6717,18.1153],[120.6737,18.1165],[120.6751,18.1153]]],[[[120.5394,18.1168],[120.5374,18.1158],[120.5383,18.1174],[120.5394,18.1168]]],[[[120.5679,18.1164],[120.5686,18.1129],[120.5703,18.1136],[120.57,18.1088],[120.5658,18.1054],[120.5715,18.0997],[120.568,18.0969],[120.5671,18.1004],[120.5647,18.1001],[120.5632,18.1023],[120.5603,18.0971],[120.5591,18.1051],[120.5547,18.106],[120.5559,18.1056],[120.5564,18.1091],[120.5579,18.1059],[120.5629,18.1108],[120.5629,18.108],[120.5603,18.1065],[120.5642,18.1053],[120.5677,18.1086],[120.5679,18.1164]]],[[[120.6961,18.1123],[120.6945,18.1176],[120.6956,18.1159],[120.6961,18.1123]]],[[[120.5296,18.1139],[120.5271,18.1153],[120.526,18.1174],[120.5296,18.1139]]],[[[120.5959,18.1128],[120.5939,18.1138],[120.5943,18.1168],[120.5919,18.1173],[120.5954,18.1165],[120.5959,18.1128]]],[[[120.6355,18.1187],[120.636,18.1178],[120.6334,18.1164],[120.6355,18.1187]]],[[[120.5986,18.1153],[120.5984,18.1185],[120.6005,18.1175],[120.6005,18.1156],[120.5986,18.1153]]],[[[120.6408,18.119],[120.6386,18.1173],[120.6373,18.1182],[120.6408,18.119]]],[[[120.632,18.1167],[120.6267,18.1144],[120.6268,18.1121],[120.628,18.1143],[120.6292,18.1128],[120.6266,18.1074],[120.6265,18.1143],[120.6282,18.116],[120.627,18.1181],[120.6305,18.1192],[120.632,18.1167]]],[[[120.6749,18.1225],[120.676,18.122],[120.6735,18.1201],[120.6749,18.1225]]],[[[120.6763,18.123],[120.6759,18.1156],[120.6747,18.1229],[120.6763,18.123]]],[[[120.5178,18.1205],[120.523,18.127],[120.5223,18.125],[120.5178,18.1205]]],[[[120.5881,18.1279],[120.5904,18.1223],[120.5874,18.1185],[120.5853,18.1192],[120.59,18.1227],[120.5881,18.1279]]],[[[120.5652,18.128],[120.5625,18.124],[120.5624,18.1257],[120.5652,18.128]]],[[[120.5554,18.1264],[120.5546,18.127],[120.5578,18.1292],[120.5554,18.1264]]],[[[120.5238,18.1294],[120.5214,18.1264],[120.5231,18.1298],[120.5238,18.1294]]],[[[120.6517,18.1305],[120.6519,18.1287],[120.6502,18.1281],[120.6517,18.1305]]],[[[120.5693,18.1303],[120.5658,18.1285],[120.5666,18.1297],[120.5693,18.1303]]],[[[120.5932,18.1271],[120.5913,18.131],[120.5929,18.13],[120.5932,18.1271]]],[[[120.587,18.1308],[120.5881,18.1287],[120.5861,18.13],[120.5834,18.1284],[120.5843,18.1321],[120.587,18.1308]]],[[[120.7135,18.1325],[120.7182,18.1315],[120.7194,18.1295],[120.7135,18.1325]]],[[[120.72,18.1196],[120.7189,18.1228],[120.7153,18.1218],[120.7172,18.1257],[120.7137,18.1254],[120.7148,18.1275],[120.712,18.1292],[120.7125,18.1314],[120.7189,18.1284],[120.72,18.1196]],[[120.72,18.1262],[120.7178,18.1258],[120.7198,18.1251],[120.72,18.1262]],[[120.7172,18.1274],[120.7195,18.1274],[120.7193,18.1282],[120.7172,18.1274]]],[[[120.5911,18.1318],[120.5882,18.1333],[120.587,18.1313],[120.587,18.1326],[120.5883,18.1344],[120.5911,18.1318]]],[[[120.5864,18.1344],[120.5831,18.1322],[120.5838,18.1337],[120.5864,18.1344]]],[[[120.6541,18.1352],[120.6552,18.1346],[120.6535,18.1323],[120.6541,18.1352]]],[[[120.7178,18.1351],[120.7194,18.1336],[120.7147,18.1342],[120.7169,18.1331],[120.7157,18.1328],[120.7081,18.1348],[120.7178,18.1351]]],[[[120.6847,18.1357],[120.6862,18.1303],[120.6823,18.1372],[120.6847,18.1357]]],[[[120.5543,18.1377],[120.5519,18.1352],[120.5549,18.1345],[120.5506,18.1324],[120.5519,18.1364],[120.5543,18.1377]]],[[[120.6197,18.139],[120.6259,18.1311],[120.6213,18.1349],[120.6197,18.139]]],[[[120.5276,18.1389],[120.5288,18.139],[120.5265,18.1348],[120.5245,18.1341],[120.5276,18.1389]]],[[[120.7165,18.1374],[120.7171,18.1397],[120.718,18.1391],[120.7165,18.1374]]],[[[120.6749,18.1398],[120.6755,18.1373],[120.6733,18.1371],[120.6749,18.1398]]],[[[120.5864,18.1406],[120.5898,18.1372],[120.5968,18.139],[120.5913,18.137],[120.5944,18.135],[120.6002,18.1353],[120.6018,18.1371],[120.5996,18.1343],[120.591,18.135],[120.5949,18.1249],[120.5935,18.13],[120.5844,18.1416],[120.5918,18.143],[120.5864,18.1406]],[[120.589,18.1361],[120.5903,18.1358],[120.5887,18.1378],[120.589,18.1361]]],[[[120.6532,18.1422],[120.6517,18.1433],[120.655,18.1439],[120.6532,18.1422]]],[[[120.5687,18.144],[120.5679,18.1418],[120.5654,18.1415],[120.5687,18.144]]],[[[120.5301,18.1447],[120.5301,18.1417],[120.5285,18.1409],[120.5301,18.1447]]],[[[120.5779,18.1403],[120.581,18.1386],[120.5801,18.1344],[120.5771,18.1382],[120.5694,18.1303],[120.5726,18.1352],[120.5734,18.1413],[120.5712,18.1408],[120.5715,18.1419],[120.5736,18.1412],[120.5732,18.1374],[120.5752,18.1359],[120.5759,18.1396],[120.5743,18.141],[120.5759,18.1446],[120.5779,18.1403]]],[[[120.6195,18.1396],[120.6186,18.142],[120.6187,18.147],[120.6195,18.1396]]],[[[120.5464,18.1433],[120.5443,18.1424],[120.548,18.1473],[120.5464,18.1433]]],[[[120.5283,18.1445],[120.5295,18.1479],[120.5289,18.1427],[120.5252,18.1366],[120.5283,18.1445]]],[[[120.5669,18.145],[120.5693,18.1444],[120.5616,18.1476],[120.5669,18.145]]],[[[120.6505,18.1442],[120.6486,18.1466],[120.6502,18.1488],[120.6505,18.1442]]],[[[120.571,18.1439],[120.5698,18.1438],[120.5741,18.1502],[120.5722,18.1473],[120.5728,18.1438],[120.571,18.1439]]],[[[120.6954,18.1502],[120.6917,18.147],[120.6942,18.1509],[120.6954,18.1502]]],[[[120.659,18.1433],[120.6579,18.141],[120.6591,18.147],[120.6566,18.1471],[120.6565,18.1506],[120.658,18.1515],[120.661,18.1395],[120.659,18.1433]]],[[[120.5237,18.1411],[120.5258,18.1424],[120.5279,18.1509],[120.529,18.1502],[120.5227,18.1357],[120.5237,18.1411]]],[[[120.6338,18.1461],[120.6349,18.1413],[120.6284,18.1288],[120.629,18.1219],[120.6282,18.1196],[120.6248,18.1206],[120.6236,18.121],[120.628,18.122],[120.6261,18.1299],[120.6277,18.1291],[120.6305,18.1345],[120.6285,18.1358],[120.6316,18.1359],[120.634,18.1428],[120.6312,18.1482],[120.6323,18.1535],[120.6348,18.1511],[120.6338,18.1489],[120.6357,18.1444],[120.6338,18.1461]]],[[[120.5505,18.1505],[120.5504,18.1535],[120.5517,18.1533],[120.5505,18.1505]]],[[[120.6583,18.1558],[120.6606,18.1549],[120.6573,18.1541],[120.6583,18.1558]]],[[[120.6337,18.1573],[120.6379,18.152],[120.6332,18.1564],[120.6337,18.1573]]],[[[120.6102,18.1545],[120.6076,18.1573],[120.6101,18.1558],[120.6102,18.1545]]],[[[120.5465,18.1575],[120.5482,18.1565],[120.5464,18.1533],[120.5465,18.1575]]],[[[120.5354,18.1577],[120.533,18.1442],[120.5266,18.1325],[120.5321,18.1446],[120.5354,18.1577]]],[[[120.6978,18.1578],[120.6973,18.1557],[120.6962,18.1575],[120.6978,18.1578]]],[[[120.5433,18.1576],[120.5426,18.1552],[120.5417,18.1575],[120.5433,18.1576]]],[[[120.5446,18.1564],[120.5435,18.1486],[120.5415,18.1478],[120.5433,18.1472],[120.5385,18.1396],[120.5416,18.1386],[120.5394,18.1374],[120.5378,18.14],[120.5417,18.1461],[120.5397,18.1446],[120.5445,18.1583],[120.5446,18.1564]]],[[[120.6186,18.1591],[120.62,18.151],[120.6188,18.1477],[120.6179,18.1556],[120.6159,18.157],[120.6182,18.1567],[120.6186,18.1591]]],[[[120.6495,18.1582],[120.6458,18.1567],[120.6447,18.1587],[120.6495,18.1582]]],[[[120.5454,18.1593],[120.5467,18.1591],[120.5448,18.1565],[120.5454,18.1593]]],[[[120.5663,18.1609],[120.5701,18.1582],[120.5672,18.1602],[120.5649,18.1574],[120.5663,18.1609]]],[[[120.5354,18.159],[120.5345,18.1596],[120.5444,18.1616],[120.5354,18.159]]],[[[120.6247,18.162],[120.6299,18.1605],[120.6321,18.1582],[120.6247,18.162]]],[[[120.6023,18.1621],[120.603,18.1599],[120.6008,18.1609],[120.6023,18.1621]]],[[[120.5303,18.1629],[120.5297,18.158],[120.5292,18.1617],[120.5303,18.1629]]],[[[120.72,18.1565],[120.7147,18.1557],[120.7122,18.1578],[120.7134,18.1573],[120.7133,18.1598],[120.7194,18.1611],[120.72,18.1565]]],[[[120.5345,18.1596],[120.532,18.1571],[120.5319,18.1521],[120.5317,18.1637],[120.5328,18.1601],[120.531,18.1586],[120.5345,18.1596]]],[[[120.5766,18.1602],[120.5756,18.1566],[120.5729,18.159],[120.5722,18.1625],[120.5728,18.1602],[120.5749,18.1631],[120.5778,18.1631],[120.5766,18.1602]]],[[[120.7197,18.1634],[120.717,18.1611],[120.7141,18.1635],[120.7197,18.1634]]],[[[120.6111,18.1654],[120.6111,18.1631],[120.6078,18.1642],[120.6111,18.1654]]],[[[120.6995,18.167],[120.7007,18.164],[120.6981,18.1655],[120.6995,18.167]]],[[[120.6242,18.1664],[120.626,18.1633],[120.6228,18.1662],[120.6242,18.1664]]],[[[120.5227,18.1676],[120.5235,18.1653],[120.5231,18.1629],[120.5227,18.1676]]],[[[120.5699,18.1656],[120.5675,18.1654],[120.5659,18.1615],[120.5648,18.162],[120.5685,18.1676],[120.5699,18.1656]]],[[[120.698,18.1655],[120.6958,18.1646],[120.6984,18.1677],[120.698,18.1655]]],[[[120.6023,18.1621],[120.5936,18.1594],[120.5975,18.1541],[120.5984,18.1549],[120.6001,18.1505],[120.6067,18.1474],[120.6009,18.1484],[120.6014,18.145],[120.5979,18.151],[120.587,18.1529],[120.587,18.1558],[120.5832,18.1529],[120.584,18.1565],[120.5819,18.1509],[120.5826,18.1498],[120.5828,18.1521],[120.5851,18.1528],[120.5826,18.1459],[120.5845,18.1403],[120.5814,18.1393],[120.5802,18.1431],[120.5806,18.155],[120.5782,18.1558],[120.5752,18.1479],[120.5762,18.1456],[120.5743,18.1443],[120.5737,18.1477],[120.5762,18.1505],[120.5774,18.1616],[120.5795,18.1603],[120.5794,18.1567],[120.5818,18.1565],[120.5864,18.1567],[120.5887,18.1609],[120.5876,18.1539],[120.592,18.1588],[120.5893,18.1621],[120.5921,18.1683],[120.603,18.169],[120.6023,18.1621]],[[120.5949,18.1554],[120.5912,18.1541],[120.5951,18.1525],[120.5949,18.1554]]],[[[120.7004,18.1696],[120.699,18.1688],[120.6975,18.1699],[120.7004,18.1696]]],[[[120.692,18.1676],[120.6935,18.1647],[120.6899,18.164],[120.6888,18.1645],[120.6911,18.1656],[120.6872,18.1666],[120.689,18.1681],[120.6909,18.1664],[120.6905,18.171],[120.692,18.1676]]],[[[120.6438,18.1714],[120.6454,18.169],[120.6503,18.1677],[120.6484,18.166],[120.649,18.1638],[120.64,18.1691],[120.6456,18.1681],[120.6479,18.1655],[120.6473,18.1678],[120.6409,18.1713],[120.6438,18.1714]]],[[[120.5348,18.1705],[120.5353,18.168],[120.533,18.1678],[120.5364,18.1728],[120.5348,18.1705]]],[[[120.5232,18.1729],[120.5245,18.1716],[120.523,18.1704],[120.5232,18.1729]]],[[[120.5744,18.173],[120.5748,18.1709],[120.5732,18.1722],[120.5744,18.173]]],[[[120.5638,18.1707],[120.564,18.1695],[120.5616,18.1713],[120.5654,18.1735],[120.5632,18.1723],[120.5638,18.1707]]],[[[120.5568,18.165],[120.5591,18.174],[120.5616,18.1657],[120.5579,18.1632],[120.5568,18.165]],[[120.5594,18.1673],[120.5602,18.165],[120.5604,18.1682],[120.5594,18.1673]]],[[[120.698,18.1765],[120.6997,18.1716],[120.6966,18.1763],[120.698,18.1765]]],[[[120.7016,18.1733],[120.6994,18.1742],[120.6991,18.1767],[120.7016,18.1733]]],[[[120.6588,18.1771],[120.6559,18.1731],[120.6556,18.1638],[120.65,18.1625],[120.6502,18.165],[120.6548,18.1641],[120.6559,18.1676],[120.655,18.1745],[120.6516,18.1679],[120.6544,18.1747],[120.6515,18.1758],[120.6588,18.1771]]],[[[120.646,18.178],[120.6481,18.1752],[120.647,18.1748],[120.646,18.178]]],[[[120.5245,18.1783],[120.5234,18.175],[120.5229,18.1771],[120.5245,18.1783]]],[[[120.5516,18.1777],[120.5497,18.1765],[120.5477,18.1778],[120.5516,18.1777]]],[[[120.5477,18.1786],[120.5473,18.1743],[120.553,18.1747],[120.5532,18.1775],[120.5584,18.176],[120.5547,18.1758],[120.5525,18.1735],[120.5566,18.1729],[120.5532,18.1694],[120.5516,18.1713],[120.5497,18.1697],[120.5497,18.1684],[120.5532,18.1683],[120.5503,18.1661],[120.5537,18.1654],[120.5507,18.1633],[120.5484,18.1641],[120.5476,18.1578],[120.5476,18.1601],[120.5448,18.1623],[120.5401,18.1627],[120.5384,18.1608],[120.5339,18.1625],[120.5371,18.1635],[120.5386,18.1622],[120.5427,18.1646],[120.5345,18.1644],[120.5338,18.1667],[120.5379,18.1688],[120.5359,18.1696],[120.5395,18.175],[120.5461,18.173],[120.5452,18.1779],[120.5462,18.1802],[120.5477,18.1786]],[[120.5501,18.1708],[120.5518,18.1725],[120.5485,18.1738],[120.5501,18.1708]],[[120.545,18.1664],[120.5439,18.1671],[120.5462,18.1653],[120.5445,18.1634],[120.5458,18.1634],[120.5466,18.1661],[120.5492,18.1669],[120.5463,18.1721],[120.5443,18.1695],[120.545,18.1664]],[[120.5434,18.1685],[120.5428,18.1698],[120.5398,18.168],[120.5426,18.1664],[120.5434,18.1685]],[[120.5408,18.1699],[120.5438,18.1719],[120.5405,18.1722],[120.5408,18.1699]],[[120.5477,18.1646],[120.545,18.1625],[120.5459,18.1617],[120.5477,18.1646]],[[120.5433,18.1633],[120.5405,18.1636],[120.5405,18.1626],[120.5433,18.1633]]],[[[120.5506,18.181],[120.5541,18.1799],[120.5509,18.1787],[120.5484,18.181],[120.5506,18.181]]],[[[120.5576,18.1773],[120.5591,18.1805],[120.5594,18.178],[120.5576,18.1773]]],[[[120.5951,18.1793],[120.5945,18.1773],[120.5923,18.178],[120.5931,18.1813],[120.5951,18.1793]]],[[[120.6415,18.1831],[120.6418,18.1821],[120.6409,18.1806],[120.6408,18.1822],[120.6415,18.1831]]],[[[120.5895,18.1732],[120.5926,18.1756],[120.5966,18.1728],[120.5944,18.1727],[120.5954,18.1712],[120.5904,18.1666],[120.5886,18.161],[120.5837,18.1661],[120.5872,18.1663],[120.5811,18.1696],[120.579,18.1684],[120.5782,18.1724],[120.5702,18.1768],[120.5735,18.1764],[120.574,18.1788],[120.5674,18.1786],[120.5646,18.1763],[120.5638,18.1777],[120.5704,18.1829],[120.5763,18.1835],[120.5826,18.18],[120.5861,18.1752],[120.5867,18.1775],[120.5888,18.1781],[120.5867,18.1749],[120.5895,18.1732]],[[120.5761,18.1756],[120.5773,18.1787],[120.5745,18.175],[120.5761,18.1756]]],[[[120.5592,18.1813],[120.5585,18.1844],[120.5597,18.1833],[120.5592,18.1813]]],[[[120.5687,18.1827],[120.56,18.1767],[120.5659,18.1836],[120.5687,18.1827]]],[[[120.5401,18.1822],[120.5432,18.1829],[120.5425,18.1792],[120.5368,18.1797],[120.5322,18.1767],[120.5319,18.1792],[120.5341,18.1803],[120.5399,18.1799],[120.5386,18.1833],[120.5408,18.1844],[120.5401,18.1822]]],[[[120.6465,18.1751],[120.6441,18.1754],[120.6438,18.172],[120.643,18.1745],[120.6411,18.173],[120.6426,18.1758],[120.6382,18.1723],[120.6387,18.1735],[120.634,18.1725],[120.6369,18.1752],[120.6392,18.1746],[120.6398,18.1795],[120.6456,18.185],[120.6429,18.1811],[120.6429,18.1773],[120.6465,18.1751]]],[[[120.5585,18.1814],[120.5524,18.1821],[120.5567,18.1837],[120.5546,18.1844],[120.5556,18.1857],[120.5579,18.1848],[120.5585,18.1814]]],[[[120.5262,18.1834],[120.5278,18.183],[120.5275,18.1807],[120.5245,18.186],[120.5262,18.1834]]],[[[120.5742,18.1862],[120.5732,18.1833],[120.5698,18.1846],[120.5742,18.1862]]],[[[120.589,18.1868],[120.5896,18.1843],[120.5937,18.185],[120.5926,18.1829],[120.5895,18.1835],[120.5909,18.1776],[120.5901,18.1809],[120.589,18.1794],[120.5856,18.1802],[120.5891,18.1807],[120.5874,18.1861],[120.589,18.1868]]],[[[120.5492,18.1864],[120.5498,18.1833],[120.5468,18.1863],[120.5492,18.1864]]],[[[120.71,18.1806],[120.712,18.1779],[120.7105,18.1759],[120.7087,18.1825],[120.7102,18.1879],[120.71,18.1806]]],[[[120.6538,18.1857],[120.6506,18.1845],[120.6578,18.1884],[120.6538,18.1857]]],[[[120.5508,18.1873],[120.5512,18.1885],[120.5571,18.1873],[120.5508,18.1873]]],[[[120.5458,18.1884],[120.544,18.1856],[120.5432,18.1865],[120.5458,18.1884]]],[[[120.5434,18.1876],[120.5417,18.1862],[120.5397,18.1877],[120.5413,18.1894],[120.5413,18.1879],[120.5434,18.1876]]],[[[120.7004,18.1853],[120.7014,18.1805],[120.7071,18.1758],[120.7015,18.1784],[120.7003,18.1892],[120.7004,18.1853]]],[[[120.6467,18.1857],[120.6426,18.1836],[120.6456,18.189],[120.65,18.1907],[120.6467,18.1857]]],[[[120.5378,18.189],[120.533,18.1894],[120.5365,18.1907],[120.5378,18.189]]],[[[120.6479,18.1912],[120.6452,18.1897],[120.6465,18.1925],[120.6479,18.1912]]],[[[120.5459,18.1908],[120.5452,18.1897],[120.5476,18.1891],[120.5521,18.1906],[120.5464,18.1891],[120.5397,18.1917],[120.5431,18.1932],[120.5479,18.1913],[120.5459,18.1908]]],[[[120.5573,18.1882],[120.5524,18.1908],[120.5542,18.1925],[120.5586,18.1915],[120.5573,18.1882]]],[[[120.6514,18.1932],[120.6496,18.1908],[120.648,18.1911],[120.6514,18.1932]]],[[[120.5666,18.1867],[120.567,18.193],[120.5682,18.1929],[120.5685,18.1883],[120.5666,18.1867]]],[[[120.6943,18.1752],[120.6913,18.1736],[120.6902,18.177],[120.6929,18.1772],[120.6939,18.1819],[120.6907,18.1821],[120.6903,18.1796],[120.6875,18.1818],[120.6899,18.1824],[120.6879,18.1852],[120.6882,18.1889],[120.6886,18.1852],[120.6929,18.1831],[120.6944,18.1927],[120.6954,18.1893],[120.6936,18.185],[120.6957,18.1782],[120.6913,18.1745],[120.6943,18.1752]]],[[[120.6894,18.1931],[120.6911,18.1917],[120.6916,18.1896],[120.6894,18.1931]]],[[[120.5262,18.1927],[120.5295,18.1922],[120.5225,18.1927],[120.5257,18.1914],[120.52,18.1893],[120.5209,18.1929],[120.5262,18.1927]]],[[[120.5405,18.1942],[120.5392,18.1925],[120.5371,18.1919],[120.5405,18.1942]]],[[[120.5742,18.1943],[120.5836,18.1907],[120.5827,18.1871],[120.5852,18.185],[120.5809,18.187],[120.5759,18.186],[120.5793,18.1878],[120.5765,18.1898],[120.5737,18.1878],[120.576,18.1921],[120.5713,18.1949],[120.5742,18.1943]],[[120.5808,18.1879],[120.5818,18.1873],[120.5819,18.1896],[120.5773,18.192],[120.5765,18.191],[120.5808,18.1879]]],[[[120.6596,18.1956],[120.6594,18.1941],[120.6572,18.1929],[120.6596,18.1956]]],[[[120.5421,18.1958],[120.5398,18.1952],[120.5438,18.1974],[120.5421,18.1958]]],[[[120.708,18.1967],[120.7056,18.1961],[120.7081,18.1984],[120.708,18.1967]]],[[[120.5238,18.1994],[120.5262,18.1986],[120.5238,18.198],[120.5238,18.1994]]],[[[120.652,18.1995],[120.6529,18.1972],[120.6526,18.2015],[120.652,18.1995]]],[[[120.6008,18.202],[120.5987,18.1985],[120.5962,18.1982],[120.5963,18.1956],[120.6007,18.1938],[120.6039,18.1985],[120.6044,18.1909],[120.6031,18.1906],[120.6035,18.1941],[120.5985,18.1912],[120.5858,18.1966],[120.5904,18.1988],[120.5941,18.1975],[120.6008,18.202]]],[[[120.5604,18.2015],[120.5676,18.2006],[120.5567,18.2007],[120.5533,18.1944],[120.5556,18.1971],[120.5611,18.1963],[120.5638,18.1941],[120.5621,18.1902],[120.5609,18.1901],[120.5607,18.1946],[120.5559,18.1949],[120.5526,18.1915],[120.5543,18.1982],[120.546,18.1965],[120.5553,18.2016],[120.5604,18.2015]]],[[[120.6973,18.2026],[120.6975,18.1991],[120.6963,18.2003],[120.6914,18.1967],[120.6973,18.2026]]],[[[120.6591,18.202],[120.6595,18.199],[120.6572,18.2019],[120.6591,18.202]]],[[[120.5882,18.2042],[120.5892,18.2007],[120.5869,18.2012],[120.5882,18.2042]]],[[[120.72,18.2039],[120.7181,18.202],[120.7163,18.2041],[120.72,18.2039]]],[[[120.5328,18.2029],[120.5294,18.2044],[120.5301,18.2054],[120.5328,18.2029]]],[[[120.6049,18.2055],[120.6078,18.206],[120.6078,18.205],[120.6049,18.2055]]],[[[120.5352,18.2064],[120.5351,18.2039],[120.5328,18.2033],[120.5333,18.206],[120.5352,18.2064]]],[[[120.6568,18.2063],[120.6568,18.2026],[120.6555,18.2058],[120.656,18.2048],[120.6568,18.2063]]],[[[120.552,18.2071],[120.5476,18.2045],[120.5486,18.2064],[120.552,18.2071]]],[[[120.5272,18.2081],[120.5258,18.2065],[120.5271,18.2044],[120.5239,18.2036],[120.5248,18.2001],[120.5234,18.2045],[120.5272,18.2081]]],[[[120.594,18.2082],[120.5907,18.204],[120.5899,18.2067],[120.592,18.2091],[120.594,18.2082]]],[[[120.6273,18.2079],[120.6245,18.2055],[120.629,18.204],[120.6306,18.1968],[120.6327,18.1982],[120.6308,18.1955],[120.6354,18.1883],[120.6299,18.1788],[120.6318,18.1748],[120.6295,18.1737],[120.626,18.1743],[120.627,18.1779],[120.6288,18.1748],[120.6348,18.1888],[120.6298,18.1961],[120.6286,18.2028],[120.6229,18.2044],[120.6225,18.2075],[120.6204,18.2087],[120.6238,18.2057],[120.6287,18.2096],[120.6273,18.2079]]],[[[120.5357,18.2096],[120.5361,18.2072],[120.534,18.2068],[120.5357,18.2096]]],[[[120.6143,18.2098],[120.6119,18.2086],[120.6126,18.2101],[120.6143,18.2098]]],[[[120.715,18.2076],[120.715,18.2032],[120.7133,18.2018],[120.7113,18.2032],[120.7143,18.2031],[120.7117,18.2053],[120.7143,18.2081],[120.7138,18.2105],[120.715,18.2076]]],[[[120.5333,18.2119],[120.5333,18.2132],[120.5349,18.2115],[120.5325,18.2106],[120.5333,18.2119]]],[[[120.5571,18.2137],[120.5592,18.215],[120.5571,18.2121],[120.5571,18.2137]]],[[[120.6055,18.2115],[120.6056,18.2152],[120.6071,18.2132],[120.6055,18.2115]]],[[[120.5939,18.2132],[120.5931,18.2156],[120.5951,18.2146],[120.5939,18.2132]]],[[[120.7075,18.2056],[120.7048,18.2133],[120.7037,18.2111],[120.7019,18.2143],[120.705,18.2157],[120.7075,18.2109],[120.7075,18.2056]]],[[[120.7181,18.2117],[120.7164,18.2135],[120.7173,18.2164],[120.7181,18.2117]]],[[[120.5408,18.2153],[120.5415,18.2176],[120.5404,18.2171],[120.5431,18.2196],[120.543,18.2164],[120.5408,18.2153]]],[[[120.7028,18.2178],[120.7012,18.2189],[120.7018,18.221],[120.7028,18.2178]]],[[[120.5561,18.2217],[120.5522,18.2153],[120.5535,18.2196],[120.5561,18.2217]]],[[[120.6086,18.2228],[120.6074,18.2227],[120.6164,18.2219],[120.6156,18.2186],[120.6115,18.2213],[120.6058,18.2218],[120.6086,18.2228]]],[[[120.6661,18.2231],[120.6701,18.2207],[120.6636,18.223],[120.6661,18.2231]]],[[[120.6086,18.2228],[120.6065,18.2228],[120.6027,18.2185],[120.6051,18.2147],[120.6041,18.218],[120.6016,18.2183],[120.6021,18.2207],[120.6009,18.2174],[120.6024,18.2216],[120.6086,18.2228]]],[[[120.5646,18.2236],[120.5627,18.2211],[120.5635,18.2235],[120.5646,18.2236]]],[[[120.6992,18.2151],[120.7022,18.2133],[120.7025,18.2107],[120.6989,18.2097],[120.7044,18.2064],[120.7061,18.2031],[120.7027,18.2046],[120.6971,18.2026],[120.7022,18.2065],[120.6978,18.2046],[120.6989,18.2086],[120.6918,18.2057],[120.6982,18.2093],[120.6936,18.2105],[120.6984,18.2102],[120.7001,18.212],[120.6913,18.2151],[120.699,18.214],[120.6967,18.2167],[120.698,18.2186],[120.6956,18.2192],[120.6992,18.2195],[120.6996,18.224],[120.7016,18.223],[120.7015,18.2172],[120.6992,18.2151]],[[120.6996,18.2165],[120.7004,18.2172],[120.6985,18.2176],[120.6996,18.2165]]],[[[120.7028,18.2218],[120.7016,18.2233],[120.7036,18.224],[120.7028,18.2218]]],[[[120.5608,18.2239],[120.5574,18.2209],[120.558,18.2226],[120.5608,18.2239]]],[[[120.5798,18.2244],[120.5766,18.223],[120.5763,18.2242],[120.5798,18.2244]]],[[[120.5455,18.2223],[120.5449,18.2239],[120.5468,18.2244],[120.5455,18.2223]]],[[[120.6365,18.2254],[120.6343,18.2214],[120.6336,18.2237],[120.6365,18.2254]]],[[[120.5576,18.2279],[120.5579,18.225],[120.5568,18.224],[120.5576,18.2279]]],[[[120.6693,18.2256],[120.6729,18.2273],[120.6669,18.2229],[120.6621,18.2266],[120.6555,18.2249],[120.6525,18.2272],[120.6642,18.2289],[120.667,18.2249],[120.6693,18.2256]]],[[[120.7015,18.2234],[120.6995,18.226],[120.6999,18.2292],[120.7003,18.2261],[120.7023,18.2266],[120.7015,18.2234]]],[[[120.5928,18.2305],[120.59,18.2283],[120.5852,18.2283],[120.5928,18.2305]]],[[[120.6599,18.2312],[120.6609,18.2299],[120.6588,18.2286],[120.6599,18.2312]]],[[[120.5945,18.2233],[120.5986,18.2278],[120.589,18.2172],[120.5877,18.2169],[120.5881,18.2195],[120.5859,18.2184],[120.5854,18.2148],[120.5799,18.2205],[120.5824,18.2206],[120.5844,18.225],[120.5869,18.225],[120.5873,18.2213],[120.5916,18.2229],[120.5969,18.2311],[120.5931,18.2249],[120.5945,18.2233]],[[120.5838,18.2212],[120.5845,18.2223],[120.5837,18.2239],[120.5838,18.2212]]],[[[120.6554,18.2307],[120.6602,18.2317],[120.6573,18.2294],[120.6591,18.231],[120.6532,18.2297],[120.6499,18.2323],[120.6554,18.2307]]],[[[120.5672,18.2298],[120.5635,18.2323],[120.5656,18.2324],[120.5672,18.2298]]],[[[120.6416,18.2338],[120.6461,18.2321],[120.6425,18.2321],[120.6416,18.2338]]],[[[120.5679,18.2267],[120.5668,18.2262],[120.5692,18.2255],[120.5681,18.2274],[120.5705,18.2267],[120.568,18.2297],[120.5714,18.2295],[120.5708,18.2236],[120.5731,18.2194],[120.5705,18.2167],[120.5748,18.2195],[120.5801,18.2143],[120.5825,18.2141],[120.58,18.21],[120.5826,18.2129],[120.5821,18.2097],[120.569,18.2112],[120.5666,18.2085],[120.5654,18.2083],[120.5673,18.2099],[120.5627,18.208],[120.5638,18.2121],[120.5659,18.211],[120.5648,18.2116],[120.5651,18.2099],[120.5679,18.2122],[120.5646,18.2127],[120.5709,18.2175],[120.5696,18.2216],[120.5709,18.2219],[120.5636,18.2259],[120.5636,18.2284],[120.5622,18.2261],[120.5599,18.2268],[120.5581,18.23],[120.5599,18.2283],[120.5594,18.2329],[120.5679,18.2267]],[[120.5607,18.2311],[120.5617,18.2323],[120.5601,18.2321],[120.5607,18.2311]],[[120.5719,18.2144],[120.5748,18.2113],[120.5747,18.2136],[120.5719,18.2144]]],[[[120.6719,18.2315],[120.6701,18.23],[120.6664,18.23],[120.6709,18.231],[120.6678,18.2319],[120.6655,18.2309],[120.6708,18.2314],[120.673,18.2344],[120.6719,18.2315]]],[[[120.6101,18.2332],[120.6121,18.2345],[120.612,18.2297],[120.6153,18.2286],[120.612,18.2288],[120.6101,18.2332]]],[[[120.5812,18.2363],[120.5862,18.2336],[120.5822,18.2347],[120.5812,18.2363]]],[[[120.5585,18.2304],[120.5572,18.2348],[120.5585,18.2367],[120.5585,18.2304]]],[[[120.6749,18.2351],[120.6768,18.2376],[120.6761,18.2353],[120.6749,18.2351]]],[[[120.6679,18.236],[120.6643,18.236],[120.6728,18.2378],[120.6679,18.236]]],[[[120.5812,18.2364],[120.579,18.2358],[120.5796,18.2381],[120.5812,18.2364]]],[[[120.6661,18.2373],[120.662,18.2362],[120.6607,18.238],[120.6661,18.2373]]],[[[120.6689,18.239],[120.6707,18.2372],[120.6662,18.2377],[120.6689,18.239]]],[[[120.6328,18.2368],[120.6311,18.2369],[120.6287,18.2393],[120.6328,18.2368]]],[[[120.6583,18.2389],[120.6618,18.2356],[120.6667,18.2357],[120.6649,18.234],[120.6604,18.2356],[120.6567,18.233],[120.6595,18.2351],[120.6559,18.2343],[120.6599,18.2367],[120.6528,18.2378],[120.6583,18.2389]]],[[[120.6733,18.238],[120.6721,18.2397],[120.6751,18.2395],[120.6733,18.238]]],[[[120.6399,18.2401],[120.6462,18.2366],[120.6521,18.2374],[120.655,18.2353],[120.6501,18.2363],[120.6552,18.2332],[120.6447,18.2361],[120.6399,18.2401]]],[[[120.6158,18.2372],[120.6201,18.2385],[120.6215,18.2343],[120.625,18.2339],[120.6299,18.2286],[120.6245,18.2334],[120.6168,18.2358],[120.6192,18.2355],[120.621,18.2376],[120.6136,18.2372],[120.6099,18.2335],[120.6088,18.2356],[120.6016,18.2368],[120.6029,18.237],[120.6012,18.2389],[120.6035,18.24],[120.6079,18.2365],[120.6095,18.2382],[120.6168,18.2385],[120.6158,18.2372]]],[[[120.586,18.2396],[120.5831,18.2424],[120.5852,18.242],[120.586,18.2396]]],[[[120.6748,18.2417],[120.677,18.2428],[120.676,18.2409],[120.6748,18.2417]]],[[[120.7132,18.2375],[120.7121,18.242],[120.7142,18.2392],[120.7132,18.2375]]],[[[120.6353,18.2423],[120.6408,18.2373],[120.6377,18.2374],[120.6389,18.2375],[120.6338,18.2428],[120.6353,18.2423]]],[[[120.6391,18.2429],[120.6473,18.2424],[120.6452,18.2413],[120.6469,18.2392],[120.6508,18.2417],[120.6568,18.2406],[120.6522,18.2413],[120.6534,18.2411],[120.6464,18.2392],[120.6425,18.242],[120.6413,18.2398],[120.637,18.2437],[120.6391,18.2429]]],[[[120.631,18.2434],[120.6341,18.241],[120.634,18.2385],[120.631,18.2396],[120.6324,18.2403],[120.629,18.2439],[120.631,18.2434]]],[[[120.6248,18.2421],[120.6294,18.2354],[120.6375,18.233],[120.6519,18.2233],[120.6602,18.2234],[120.6615,18.2214],[120.652,18.22],[120.6479,18.2225],[120.6444,18.2216],[120.6433,18.2235],[120.641,18.22],[120.6402,18.2221],[120.6385,18.2204],[120.642,18.2181],[120.6404,18.2161],[120.646,18.2125],[120.6418,18.2136],[120.6413,18.2101],[120.6438,18.2075],[120.6427,18.2079],[120.6377,18.2199],[120.6431,18.2249],[120.6472,18.2234],[120.646,18.2265],[120.6393,18.2262],[120.6372,18.2242],[120.6355,18.2304],[120.6324,18.2291],[120.6293,18.2313],[120.6313,18.2324],[120.6236,18.2409],[120.6232,18.2443],[120.6248,18.2421]],[[120.6357,18.2318],[120.6333,18.2319],[120.641,18.2269],[120.6357,18.2318]]],[[[120.6392,18.2443],[120.6431,18.2431],[120.6402,18.243],[120.6392,18.2443]]],[[[120.6315,18.2452],[120.6336,18.2451],[120.6357,18.2434],[120.6315,18.2452]]],[[[120.6533,18.246],[120.6582,18.2453],[120.6647,18.2398],[120.6616,18.2383],[120.6563,18.2447],[120.6573,18.2441],[120.6502,18.2433],[120.6533,18.246]]],[[[120.6059,18.2456],[120.6107,18.2403],[120.6223,18.2438],[120.6205,18.2407],[120.6185,18.2423],[120.6156,18.2399],[120.6083,18.2386],[120.6048,18.2417],[120.609,18.24],[120.6059,18.2456]]],[[[120.5956,18.2451],[120.6007,18.238],[120.5929,18.2457],[120.5956,18.2451]]],[[[120.5598,18.2439],[120.5607,18.2414],[120.5582,18.2411],[120.5605,18.2468],[120.5598,18.2439]]],[[[120.6116,18.2474],[120.6181,18.2467],[120.6161,18.2462],[120.6116,18.2474]]],[[[120.5663,18.2335],[120.5641,18.2335],[120.5651,18.2367],[120.5675,18.2369],[120.5664,18.2348],[120.5675,18.2353],[120.5676,18.2374],[120.5653,18.2371],[120.5652,18.2389],[120.5614,18.2333],[120.5572,18.2406],[120.562,18.2376],[120.5629,18.2421],[120.5675,18.2407],[120.5706,18.2425],[120.5693,18.2429],[120.5728,18.242],[120.5729,18.2395],[120.5694,18.2364],[120.5716,18.2341],[120.5824,18.2473],[120.5743,18.2316],[120.572,18.2324],[120.5745,18.2327],[120.5768,18.238],[120.5716,18.2327],[120.568,18.2336],[120.5715,18.2308],[120.5666,18.2317],[120.5663,18.2335]],[[120.5681,18.2348],[120.5671,18.2342],[120.5695,18.2339],[120.5704,18.2359],[120.5681,18.2348]],[[120.5667,18.2381],[120.5701,18.2389],[120.57,18.2413],[120.5667,18.2381]],[[120.5629,18.2356],[120.5607,18.2349],[120.563,18.2342],[120.5629,18.2356]]],[[[120.5681,18.2451],[120.5671,18.2429],[120.5637,18.2441],[120.5672,18.2446],[120.5689,18.2479],[120.5681,18.2451]]],[[[120.592,18.2411],[120.5946,18.2372],[120.5982,18.2359],[120.5916,18.236],[120.5934,18.2384],[120.5891,18.2427],[120.5868,18.2492],[120.5922,18.2446],[120.591,18.2443],[120.592,18.2411]]],[[[120.5607,18.2499],[120.5578,18.245],[120.5578,18.2474],[120.5559,18.2484],[120.5607,18.2499]]],[[[120.6407,18.2482],[120.6424,18.2456],[120.6388,18.2478],[120.6394,18.2502],[120.6418,18.2504],[120.6398,18.2491],[120.6407,18.2482]]],[[[120.591,18.2512],[120.5981,18.2505],[120.5937,18.2502],[120.591,18.2512]]],[[[120.6066,18.2508],[120.6046,18.2525],[120.6062,18.2527],[120.6066,18.2508]]],[[[120.6899,18.2502],[120.6875,18.2504],[120.6908,18.2522],[120.6899,18.2502]]],[[[120.5712,18.2519],[120.5776,18.2532],[120.5797,18.252],[120.5686,18.2502],[120.5656,18.2448],[120.5632,18.2457],[120.5634,18.2516],[120.5645,18.2454],[120.5685,18.2517],[120.5704,18.2532],[120.5712,18.2519]]],[[[120.5613,18.2538],[120.561,18.2501],[120.5598,18.2504],[120.5613,18.2538]]],[[[120.6035,18.25],[120.6046,18.2493],[120.6011,18.2523],[120.6034,18.2495],[120.6011,18.2491],[120.5985,18.2517],[120.6024,18.254],[120.6053,18.2487],[120.6035,18.25]]],[[[120.5645,18.2545],[120.5628,18.2512],[120.562,18.2534],[120.562,18.2521],[120.5645,18.2545]]],[[[120.5792,18.2546],[120.5855,18.2517],[120.5812,18.2526],[120.5783,18.2556],[120.5792,18.2546]]],[[[120.6953,18.2528],[120.6943,18.2534],[120.6979,18.2566],[120.6953,18.2528]]],[[[120.72,18.2568],[120.7193,18.2552],[120.7165,18.2536],[120.72,18.2568]]],[[[120.6922,18.2545],[120.6931,18.259],[120.6937,18.2572],[120.6922,18.2545]]],[[[120.6601,18.2597],[120.6569,18.2576],[120.6587,18.2603],[120.6601,18.2597]]],[[[120.5803,18.2566],[120.5773,18.262],[120.5793,18.2608],[120.5803,18.2566]]],[[[120.5858,18.2617],[120.5888,18.2542],[120.5838,18.2617],[120.5858,18.2617]]],[[[120.5749,18.2629],[120.5702,18.2619],[120.5737,18.2634],[120.5749,18.2629]]],[[[120.5796,18.2641],[120.58,18.2629],[120.5744,18.2636],[120.5796,18.2641]]],[[[120.6804,18.2627],[120.6781,18.2613],[120.6811,18.2642],[120.6804,18.2627]]],[[[120.5652,18.2645],[120.5663,18.2613],[120.5686,18.2621],[120.5678,18.2611],[120.5656,18.2611],[120.5652,18.2645]]],[[[120.5672,18.2659],[120.5672,18.2644],[120.5652,18.2649],[120.5672,18.2659]]],[[[120.6483,18.2646],[120.6538,18.264],[120.6463,18.2583],[120.6434,18.2606],[120.6442,18.2642],[120.6494,18.2671],[120.6483,18.2646]],[[120.6469,18.2634],[120.6452,18.2636],[120.6458,18.2625],[120.6469,18.2634]]],[[[120.6614,18.2664],[120.6572,18.2656],[120.661,18.2677],[120.6614,18.2664]]],[[[120.5806,18.2654],[120.5806,18.2642],[120.5765,18.2676],[120.5806,18.2654]]],[[[120.5816,18.2669],[120.5799,18.2683],[120.5835,18.2677],[120.5829,18.263],[120.5816,18.2669]]],[[[120.6566,18.2689],[120.6526,18.2654],[120.6521,18.2664],[120.6566,18.2689]]],[[[120.6206,18.268],[120.6299,18.2704],[120.6223,18.2668],[120.6206,18.268]]],[[[120.6909,18.2704],[120.689,18.2679],[120.6872,18.2682],[120.6909,18.2704]]],[[[120.6095,18.2712],[120.6102,18.2697],[120.6085,18.2696],[120.6095,18.2712]]],[[[120.6939,18.2719],[120.6942,18.2707],[120.6919,18.2707],[120.6939,18.2719]]],[[[120.5976,18.2725],[120.5995,18.2667],[120.5956,18.2728],[120.5976,18.2725]]],[[[120.6066,18.272],[120.6067,18.2707],[120.6028,18.2731],[120.6066,18.272]]],[[[120.5705,18.2733],[120.5751,18.2685],[120.5714,18.2717],[120.567,18.2725],[120.5705,18.2733]]],[[[120.6261,18.2744],[120.6234,18.2727],[120.6245,18.2747],[120.6261,18.2744]]],[[[120.6021,18.27],[120.6025,18.2676],[120.6042,18.2715],[120.6061,18.2699],[120.6064,18.2654],[120.6064,18.2701],[120.6111,18.2617],[120.6168,18.2603],[120.6159,18.2625],[120.6178,18.2609],[120.6234,18.2617],[120.6281,18.2671],[120.6304,18.2668],[120.6307,18.2694],[120.6341,18.2721],[120.6352,18.2726],[120.635,18.2685],[120.6369,18.2717],[120.639,18.2704],[120.643,18.2723],[120.6433,18.2705],[120.6367,18.2694],[120.6363,18.2669],[120.642,18.2653],[120.643,18.263],[120.6394,18.2631],[120.6425,18.2611],[120.6338,18.2654],[120.6291,18.2653],[120.6261,18.2632],[120.6263,18.2594],[120.6226,18.2589],[120.6258,18.2519],[120.6306,18.2524],[120.6271,18.252],[120.6345,18.2556],[120.6357,18.2526],[120.639,18.2512],[120.6383,18.2488],[120.6335,18.2517],[120.6225,18.251],[120.6246,18.252],[120.619,18.2579],[120.6097,18.2592],[120.6102,18.2616],[120.6082,18.2595],[120.6071,18.263],[120.6051,18.2624],[120.6021,18.2663],[120.6012,18.2711],[120.5944,18.2732],[120.6004,18.2739],[120.5969,18.2746],[120.5989,18.2758],[120.6019,18.2736],[120.6021,18.27]],[[120.6008,18.273],[120.599,18.2741],[120.6007,18.2721],[120.6008,18.273]],[[120.6328,18.268],[120.6373,18.2643],[120.641,18.2639],[120.6328,18.268]]],[[[120.7008,18.2741],[120.6995,18.2746],[120.7011,18.2764],[120.7008,18.2741]]],[[[120.5941,18.2664],[120.596,18.2647],[120.586,18.2738],[120.5841,18.2722],[120.5834,18.2767],[120.5905,18.2728],[120.5941,18.2664]]],[[[120.5781,18.2767],[120.583,18.2762],[120.5782,18.2761],[120.5874,18.267],[120.5914,18.2583],[120.5877,18.2601],[120.5869,18.2662],[120.5825,18.272],[120.5782,18.2742],[120.5775,18.2716],[120.5796,18.2704],[120.576,18.271],[120.5781,18.2767]]],[[[120.6689,18.2788],[120.6715,18.2787],[120.6716,18.2769],[120.6689,18.2788]]],[[[120.6433,18.2776],[120.6364,18.2734],[120.6383,18.278],[120.6447,18.2782],[120.6433,18.2776]]],[[[120.6148,18.279],[120.6126,18.2771],[120.6138,18.2794],[120.6148,18.279]]],[[[120.6208,18.2799],[120.6162,18.273],[120.6184,18.2788],[120.6208,18.2799]]],[[[120.6087,18.2783],[120.6122,18.2753],[120.6082,18.2724],[120.6061,18.2737],[120.608,18.2748],[120.6082,18.2783],[120.6047,18.2781],[120.6098,18.2797],[120.6087,18.2783]]],[[[120.574,18.2776],[120.5742,18.2752],[120.5718,18.2752],[120.5711,18.2763],[120.5735,18.2762],[120.5703,18.2796],[120.574,18.2776]]],[[[120.5949,18.2773],[120.5997,18.2762],[120.5937,18.2733],[120.59,18.2735],[120.5883,18.2793],[120.5901,18.277],[120.5914,18.2767],[120.5904,18.2802],[120.5949,18.2773]]],[[[120.5748,18.2813],[120.5757,18.2804],[120.5734,18.2799],[120.5748,18.2813]]],[[[120.5788,18.2794],[120.5769,18.2782],[120.5764,18.2815],[120.5788,18.2794]]],[[[120.5845,18.2781],[120.5785,18.2808],[120.5851,18.2812],[120.5845,18.2781]]],[[[120.5698,18.281],[120.5671,18.2773],[120.567,18.2709],[120.5721,18.271],[120.5708,18.2714],[120.5702,18.268],[120.5727,18.2673],[120.5684,18.2666],[120.5676,18.269],[120.5672,18.2665],[120.5668,18.269],[120.5659,18.2681],[120.5632,18.2647],[120.5658,18.2606],[120.5642,18.2598],[120.5665,18.2595],[120.5663,18.2561],[120.5714,18.2612],[120.5763,18.2616],[120.5727,18.2611],[120.5674,18.2549],[120.5637,18.2593],[120.5614,18.2592],[120.5639,18.2567],[120.563,18.2545],[120.5612,18.2585],[120.5615,18.2538],[120.5612,18.2609],[120.5624,18.263],[120.5632,18.2611],[120.563,18.2657],[120.5667,18.2701],[120.5658,18.2758],[120.5698,18.281]]],[[[120.574,18.2843],[120.5707,18.2821],[120.5737,18.2854],[120.574,18.2843]]],[[[120.5788,18.2848],[120.5784,18.2823],[120.5743,18.2826],[120.5758,18.2856],[120.5788,18.2848]]],[[[120.5986,18.2863],[120.5998,18.283],[120.5984,18.2814],[120.5986,18.2863]]],[[[120.6003,18.2888],[120.6046,18.2865],[120.6009,18.2868],[120.6003,18.2888]]],[[[120.6306,18.2886],[120.627,18.2891],[120.6263,18.2868],[120.6238,18.2864],[120.6346,18.2887],[120.6371,18.2846],[120.6329,18.2857],[120.6313,18.2841],[120.6327,18.2809],[120.6254,18.285],[120.629,18.2842],[120.6279,18.2863],[120.6243,18.2851],[120.6249,18.2828],[120.6175,18.2794],[120.6092,18.2726],[120.6168,18.2789],[120.6225,18.2895],[120.6213,18.2876],[120.6272,18.2907],[120.6306,18.2886]]],[[[120.6168,18.293],[120.6146,18.2919],[120.617,18.2915],[120.6134,18.2907],[120.6125,18.2885],[120.6052,18.2887],[120.6168,18.293]]],[[[120.6334,18.2887],[120.6321,18.2885],[120.6348,18.2907],[120.6326,18.2901],[120.6368,18.2945],[120.6357,18.2902],[120.6334,18.2887]]],[[[120.5826,18.2821],[120.5802,18.2816],[120.5803,18.2876],[120.5852,18.2948],[120.5844,18.2912],[120.581,18.2877],[120.5826,18.2821]]],[[[120.654,18.2945],[120.6522,18.2953],[120.6528,18.2964],[120.654,18.2945]]],[[[120.6507,18.2966],[120.6514,18.2956],[120.6486,18.2943],[120.6432,18.2953],[120.6507,18.2966]]],[[[120.6246,18.2898],[120.6233,18.2898],[120.6239,18.2929],[120.6323,18.2979],[120.6244,18.2928],[120.6246,18.2898]]],[[[120.6389,18.2951],[120.6376,18.293],[120.637,18.2977],[120.6378,18.2954],[120.6384,18.2985],[120.6389,18.2951]]],[[[120.6865,18.2974],[120.6871,18.2987],[120.6897,18.2994],[120.6865,18.2974]]],[[[120.6417,18.2998],[120.6386,18.2991],[120.6378,18.3014],[120.6417,18.2998]]],[[[120.5905,18.2987],[120.5899,18.3006],[120.5921,18.3015],[120.5905,18.2987]]],[[[120.5981,18.2969],[120.5951,18.2917],[120.5978,18.2893],[120.6025,18.2921],[120.6037,18.2957],[120.6073,18.296],[120.5966,18.2842],[120.5955,18.2891],[120.5925,18.289],[120.5942,18.2873],[120.5919,18.2863],[120.5897,18.2878],[120.5926,18.2812],[120.5878,18.2881],[120.5892,18.2812],[120.5871,18.28],[120.5853,18.2818],[120.5863,18.2879],[120.5899,18.2911],[120.5877,18.2955],[120.5887,18.2984],[120.5855,18.2948],[120.5859,18.296],[120.589,18.2998],[120.5885,18.2964],[120.5907,18.2982],[120.5896,18.2948],[120.5927,18.2922],[120.5993,18.3015],[120.6003,18.2992],[120.5981,18.2969]],[[120.5997,18.2991],[120.5985,18.2988],[120.5972,18.2966],[120.5997,18.2991]],[[120.596,18.2946],[120.5921,18.2914],[120.5895,18.293],[120.5909,18.2916],[120.5898,18.2894],[120.596,18.2946]]],[[[120.6012,18.3046],[120.6024,18.3044],[120.6006,18.3023],[120.6012,18.3046]]],[[[120.5896,18.3037],[120.5888,18.3052],[120.5901,18.3063],[120.5896,18.3037]]],[[[120.6758,18.3033],[120.676,18.3052],[120.6785,18.3065],[120.6758,18.3033]]],[[[120.6239,18.3066],[120.6276,18.307],[120.6218,18.3054],[120.6239,18.3066]]],[[[120.599,18.3071],[120.6013,18.3063],[120.5983,18.3024],[120.5995,18.3045],[120.5975,18.3075],[120.599,18.3071]]],[[[120.6111,18.3096],[120.6108,18.3068],[120.6098,18.3068],[120.6111,18.3096]]],[[[120.5965,18.31],[120.5931,18.3035],[120.5952,18.3099],[120.5914,18.3039],[120.5936,18.3096],[120.5965,18.31]]],[[[120.6089,18.31],[120.6094,18.3067],[120.6151,18.3047],[120.6178,18.3097],[120.6174,18.3051],[120.6151,18.3041],[120.6184,18.3053],[120.6235,18.3032],[120.618,18.3032],[120.6215,18.3003],[120.6126,18.3038],[120.6058,18.3009],[120.6032,18.3015],[120.6005,18.293],[120.5989,18.2961],[120.6041,18.3058],[120.6102,18.3041],[120.6081,18.3078],[120.6058,18.3078],[120.6089,18.31]],[[120.6109,18.3053],[120.6156,18.3029],[120.6173,18.3034],[120.6109,18.3053]]],[[[120.6066,18.31],[120.6028,18.3091],[120.6017,18.31],[120.6066,18.31]]]]}},{"type":"Feature","properties":{"source":"Project NOAH / UP Resilience Institute Flood Hazard Maps","province":"Ilocos Norte","focus_area":"Laoag operational area","return_period":25,"return_period_label":"25-year flood hazard","var":3,"hazard_label":"High Hazard","color":"#1d4ed8","fillColor":"#1d4ed8","attribution":"Project NOAH / UP Resilience Institute flood hazard shapefiles, WGS84"},"geometry":{"type":"MultiPolygon","coordinates":[[[[120.5804,18.09],[120.5835,18.0938],[120.585,18.0909],[120.5874,18.0907],[120.5804,18.09]]],[[[120.6305,18.096],[120.6348,18.0934],[120.6315,18.0943],[120.6305,18.096]]],[[[120.6061,18.0939],[120.6028,18.0905],[120.6062,18.0967],[120.6061,18.0939]]],[[[120.5716,18.099],[120.5731,18.1016],[120.5732,18.0995],[120.5716,18.099]]],[[[120.6251,18.1032],[120.6248,18.1009],[120.6235,18.103],[120.6251,18.1032]]],[[[120.5587,18.1038],[120.5604,18.0998],[120.558,18.0991],[120.5555,18.0949],[120.5546,18.0971],[120.5523,18.0966],[120.5521,18.0908],[120.5485,18.09],[120.5484,18.0949],[120.5447,18.0978],[120.5469,18.1021],[120.5525,18.1068],[120.5582,18.1058],[120.5587,18.1038]]],[[[120.6227,18.1082],[120.6214,18.1072],[120.6147,18.1076],[120.6227,18.1082]]],[[[120.5355,18.1115],[120.5331,18.1062],[120.5321,18.1096],[120.5339,18.1088],[120.5355,18.1115]]],[[[120.5409,18.115],[120.5463,18.1128],[120.5415,18.1132],[120.5409,18.115]]],[[[120.5107,18.117],[120.5118,18.1194],[120.5143,18.1206],[120.5107,18.117]]],[[[120.5501,18.1219],[120.5491,18.1197],[120.5507,18.1169],[120.5483,18.1209],[120.5501,18.1219]]],[[[120.6248,18.1217],[120.6165,18.1207],[120.6184,18.1222],[120.6248,18.1217]]],[[[120.5998,18.1207],[120.6009,18.1222],[120.6045,18.1224],[120.5998,18.1207]]],[[[120.7193,18.1282],[120.7195,18.1269],[120.7171,18.1275],[120.7193,18.1282]]],[[[120.5755,18.1244],[120.5765,18.1236],[120.5731,18.1267],[120.5705,18.1243],[120.5721,18.1288],[120.5744,18.1278],[120.5755,18.1244]]],[[[120.5466,18.1294],[120.5481,18.1276],[120.5458,18.1284],[120.5466,18.1294]]],[[[120.5995,18.1266],[120.5971,18.1302],[120.5982,18.1306],[120.5995,18.1266]]],[[[120.55,18.131],[120.5498,18.1276],[120.5443,18.122],[120.5449,18.1195],[120.5441,18.1221],[120.5458,18.1256],[120.5491,18.1271],[120.55,18.131]]],[[[120.5177,18.1261],[120.5197,18.131],[120.5213,18.1319],[120.5177,18.1261]]],[[[120.6059,18.13],[120.6002,18.1317],[120.5989,18.1338],[120.6059,18.13]]],[[[120.5959,18.1344],[120.592,18.1351],[120.5966,18.135],[120.5959,18.1344]]],[[[120.5615,18.138],[120.5633,18.1361],[120.5605,18.1372],[120.5615,18.138]]],[[[120.6128,18.1404],[120.6127,18.1447],[120.6137,18.1421],[120.6128,18.1404]]],[[[120.5266,18.145],[120.5241,18.1402],[120.524,18.1417],[120.5266,18.145]]],[[[120.5217,18.1469],[120.522,18.1448],[120.52,18.1425],[120.5217,18.1469]]],[[[120.6122,18.1452],[120.6062,18.1477],[120.6117,18.1467],[120.6122,18.1452]]],[[[120.5844,18.1416],[120.5935,18.1296],[120.5942,18.1248],[120.5988,18.1203],[120.5998,18.117],[120.5984,18.115],[120.599,18.1174],[120.5954,18.1234],[120.5948,18.1173],[120.5956,18.1221],[120.5912,18.1318],[120.5885,18.1337],[120.587,18.1306],[120.5833,18.1322],[120.5875,18.1346],[120.5846,18.1369],[120.5831,18.1494],[120.5844,18.1416]]],[[[120.6052,18.149],[120.6038,18.1486],[120.6015,18.1502],[120.6052,18.149]]],[[[120.5742,18.1417],[120.5765,18.1396],[120.5744,18.1362],[120.5736,18.1421],[120.5715,18.1428],[120.5731,18.1446],[120.5725,18.1493],[120.5755,18.1515],[120.5758,18.154],[120.5762,18.1505],[120.5737,18.1477],[120.5737,18.1425],[120.5759,18.1417],[120.5742,18.1417]]],[[[120.546,18.1461],[120.5449,18.144],[120.5499,18.1548],[120.5506,18.1517],[120.546,18.1461]]],[[[120.584,18.1565],[120.5826,18.1502],[120.5819,18.1519],[120.584,18.1565]]],[[[120.5247,18.1548],[120.5245,18.154],[120.5238,18.1556],[120.5251,18.1577],[120.5247,18.1548]]],[[[120.589,18.1563],[120.5875,18.1541],[120.5894,18.1621],[120.5921,18.1597],[120.589,18.1563]]],[[[120.6688,18.1585],[120.665,18.1585],[120.6679,18.1664],[120.6688,18.1585]]],[[[120.5594,18.1673],[120.5604,18.1682],[120.5601,18.165],[120.5594,18.1673]]],[[[120.6995,18.167],[120.698,18.1655],[120.6982,18.1678],[120.6995,18.167]]],[[[120.6917,18.1694],[120.6929,18.1662],[120.6918,18.1671],[120.6917,18.1694]]],[[[120.6855,18.172],[120.6859,18.1696],[120.689,18.168],[120.6848,18.1702],[120.6855,18.172]]],[[[120.6497,18.1658],[120.655,18.1737],[120.6554,18.1646],[120.6504,18.1643],[120.6497,18.1658]]],[[[120.698,18.1765],[120.6919,18.1742],[120.6957,18.1771],[120.6937,18.1853],[120.6948,18.1794],[120.698,18.1765]]],[[[120.5901,18.1875],[120.5921,18.1851],[120.5891,18.1854],[120.5901,18.1875]]],[[[120.5486,18.1892],[120.5447,18.1894],[120.5425,18.1913],[120.5486,18.1892]]],[[[120.5781,18.192],[120.5808,18.1896],[120.5767,18.1919],[120.5781,18.192]]],[[[120.6593,18.1782],[120.6555,18.1755],[120.6621,18.1823],[120.6654,18.1898],[120.6715,18.1936],[120.6657,18.1899],[120.6622,18.1822],[120.6709,18.1841],[120.6702,18.183],[120.6633,18.1817],[120.6593,18.1782]]],[[[120.5552,18.1944],[120.5541,18.1913],[120.552,18.1906],[120.5552,18.1944]]],[[[120.5702,18.1972],[120.5742,18.1943],[120.5719,18.1949],[120.573,18.1928],[120.5763,18.192],[120.5754,18.1899],[120.5707,18.1914],[120.5702,18.1972]]],[[[120.6944,18.2006],[120.6872,18.2008],[120.6853,18.1964],[120.6868,18.2011],[120.6944,18.2006]]],[[[120.6976,18.2024],[120.6994,18.2037],[120.698,18.2003],[120.6976,18.2024]]],[[[120.6221,18.2161],[120.6178,18.2152],[120.6166,18.2172],[120.6221,18.2161]]],[[[120.5886,18.2195],[120.586,18.2171],[120.5855,18.2182],[120.5886,18.2195]]],[[[120.6718,18.22],[120.6757,18.2159],[120.6747,18.2151],[120.6718,18.22]]],[[[120.6723,18.2109],[120.6715,18.2176],[120.6672,18.2217],[120.6712,18.2189],[120.6723,18.2109]]],[[[120.6661,18.2231],[120.6688,18.2222],[120.6712,18.2201],[120.6661,18.2231]]],[[[120.5839,18.2238],[120.5845,18.2223],[120.5833,18.2212],[120.5839,18.2238]]],[[[120.6456,18.225],[120.6478,18.2239],[120.6456,18.2228],[120.6436,18.2257],[120.6455,18.2264],[120.6456,18.225]]],[[[120.6798,18.2279],[120.6777,18.2281],[120.6765,18.2299],[120.6798,18.2279]]],[[[120.6357,18.2318],[120.6397,18.2287],[120.6386,18.2266],[120.6362,18.2304],[120.6328,18.2314],[120.6357,18.2318]]],[[[120.5704,18.2359],[120.5695,18.2339],[120.5671,18.2342],[120.5704,18.2359]]],[[[120.6183,18.2353],[120.6162,18.2365],[120.6216,18.2367],[120.6183,18.2353]]],[[[120.5767,18.2389],[120.5739,18.2316],[120.5719,18.2329],[120.5767,18.2389]]],[[[120.6258,18.2388],[120.6316,18.2327],[120.6286,18.2323],[120.6258,18.2388]]],[[[120.625,18.2402],[120.6217,18.2404],[120.6222,18.2415],[120.625,18.2402]]],[[[120.6194,18.2422],[120.6169,18.2394],[120.612,18.239],[120.6194,18.2422]]],[[[120.631,18.2527],[120.628,18.2517],[120.6258,18.2519],[120.631,18.2527]]],[[[120.5621,18.2605],[120.5672,18.255],[120.564,18.2566],[120.5621,18.2605]]],[[[120.6441,18.2603],[120.6399,18.2628],[120.6435,18.2626],[120.6441,18.2603]]],[[[120.5744,18.2637],[120.5755,18.263],[120.5691,18.2624],[120.5744,18.2637]]],[[[120.5629,18.2638],[120.5636,18.2619],[120.562,18.2607],[120.5629,18.2638]]],[[[120.6552,18.2655],[120.6589,18.2652],[120.6532,18.2643],[120.6552,18.2655]]],[[[120.72,18.1734],[120.7178,18.1727],[120.7172,18.1683],[120.7089,18.1631],[120.7093,18.162],[120.7138,18.1636],[120.7179,18.1611],[120.7198,18.1639],[120.72,18.1466],[120.7159,18.1401],[120.7177,18.1388],[120.7163,18.1372],[120.7177,18.1352],[120.7109,18.1339],[120.7088,18.1363],[120.7082,18.1339],[120.7191,18.1325],[120.72,18.1291],[120.7178,18.1281],[120.7127,18.1314],[120.7112,18.1301],[120.7147,18.1276],[120.7132,18.1256],[120.7167,18.1258],[120.7142,18.1232],[120.7195,18.1224],[120.72,18.09],[120.6826,18.09],[120.6847,18.1123],[120.6823,18.1176],[120.6759,18.1103],[120.6744,18.1026],[120.6766,18.0983],[120.6763,18.092],[120.6746,18.09],[120.6668,18.09],[120.6702,18.0912],[120.6725,18.09],[120.6756,18.0919],[120.6755,18.0981],[120.6727,18.0942],[120.6735,18.0979],[120.6691,18.096],[120.673,18.0985],[120.6646,18.0999],[120.6741,18.1001],[120.6733,18.1059],[120.6756,18.109],[120.679,18.1371],[120.6758,18.1434],[120.6739,18.1395],[120.6679,18.1382],[120.6611,18.1224],[120.654,18.1213],[120.6538,18.1188],[120.6492,18.12],[120.6442,18.118],[120.6448,18.1155],[120.6423,18.1187],[120.6376,18.118],[120.636,18.1196],[120.6324,18.1149],[120.6292,18.1147],[120.6287,18.103],[120.6252,18.0995],[120.6268,18.0976],[120.6252,18.0994],[120.6247,18.0936],[120.6226,18.0926],[120.6282,18.0908],[120.6246,18.0906],[120.6223,18.0927],[120.6221,18.0903],[120.6214,18.0926],[120.6247,18.0962],[120.6239,18.0998],[120.6225,18.0978],[120.6226,18.099],[120.6267,18.1013],[120.6292,18.1082],[120.6283,18.1091],[120.6253,18.1033],[120.6293,18.1131],[120.6287,18.1142],[120.6272,18.1125],[120.6272,18.1137],[120.6317,18.1164],[120.6309,18.1187],[120.6273,18.1186],[120.6288,18.1301],[120.6347,18.1405],[120.6346,18.1516],[120.633,18.1535],[120.6309,18.1487],[120.6339,18.142],[120.6311,18.1358],[120.6276,18.1365],[120.6306,18.1345],[120.6269,18.1282],[120.619,18.1415],[120.6187,18.1618],[120.6128,18.167],[120.6119,18.1705],[120.5967,18.1807],[120.59,18.189],[120.5744,18.1944],[120.5673,18.2008],[120.5586,18.2026],[120.5515,18.2012],[120.5407,18.1928],[120.5418,18.1921],[120.5381,18.1915],[120.5379,18.1893],[120.5416,18.186],[120.5383,18.1875],[120.5369,18.1909],[120.5252,18.1868],[120.5246,18.1848],[120.5306,18.1755],[120.5303,18.1729],[120.5354,18.179],[120.5426,18.1792],[120.543,18.1851],[120.5463,18.1863],[120.5492,18.1832],[120.5487,18.1857],[120.5516,18.1879],[120.5581,18.1862],[120.5592,18.1814],[120.5567,18.1777],[120.5605,18.1767],[120.5702,18.1837],[120.5738,18.1836],[120.574,18.187],[120.5782,18.1854],[120.5819,18.1869],[120.5848,18.1846],[120.5827,18.1871],[120.5838,18.1905],[120.589,18.1874],[120.5868,18.1863],[120.5894,18.1807],[120.5858,18.1804],[120.5867,18.1796],[120.5902,18.1798],[120.5898,18.181],[120.5909,18.1776],[120.5906,18.1788],[120.594,18.177],[120.5953,18.1803],[120.5942,18.1824],[120.59,18.1829],[120.5933,18.1846],[120.6098,18.1724],[120.6096,18.1701],[120.5946,18.1713],[120.5966,18.1728],[120.5939,18.1751],[120.5874,18.1739],[120.5887,18.1781],[120.5866,18.1774],[120.5866,18.1749],[120.583,18.1797],[120.5767,18.1835],[120.5693,18.1825],[120.5634,18.1766],[120.5666,18.1784],[120.5708,18.177],[120.5717,18.1793],[120.5738,18.1794],[120.5731,18.1765],[120.5699,18.177],[120.579,18.1709],[120.5774,18.1687],[120.5811,18.1696],[120.5872,18.1668],[120.5815,18.1675],[120.5888,18.1616],[120.5867,18.1572],[120.5827,18.1565],[120.5792,18.1576],[120.5775,18.1618],[120.5757,18.1547],[120.5767,18.1607],[120.5785,18.1615],[120.575,18.1632],[120.5734,18.16],[120.5722,18.1635],[120.5744,18.1661],[120.5736,18.1696],[120.5736,18.1671],[120.5699,18.1656],[120.5682,18.1726],[120.549,18.1778],[120.5465,18.1804],[120.5459,18.1735],[120.5438,18.1725],[120.5397,18.1752],[120.5357,18.1702],[120.5377,18.1678],[120.5343,18.1669],[120.534,18.1645],[120.5414,18.1647],[120.5333,18.1629],[120.5376,18.1608],[120.5453,18.1617],[120.5334,18.1598],[120.5318,18.158],[120.533,18.1609],[120.5305,18.1652],[120.5307,18.1701],[120.5299,18.1691],[120.526,18.1766],[120.5241,18.1857],[120.5193,18.185],[120.5189,18.1874],[120.5202,18.1894],[120.5349,18.195],[120.5244,18.2009],[120.5239,18.2034],[120.5267,18.2044],[120.5271,18.2084],[120.5305,18.2032],[120.5374,18.2008],[120.5433,18.2026],[120.5502,18.209],[120.5634,18.2079],[120.5695,18.2114],[120.5791,18.209],[120.5825,18.2101],[120.5827,18.214],[120.5802,18.2142],[120.5749,18.2194],[120.5701,18.2163],[120.5735,18.2198],[120.5706,18.2238],[120.5712,18.2297],[120.5682,18.2305],[120.5683,18.2292],[120.5651,18.2327],[120.5595,18.2341],[120.5605,18.2287],[120.5586,18.2297],[120.5591,18.2345],[120.5545,18.2439],[120.5562,18.2485],[120.555,18.2428],[120.5604,18.241],[120.5589,18.243],[120.5612,18.2579],[120.5633,18.2567],[120.5623,18.2507],[120.5648,18.255],[120.5624,18.2497],[120.5631,18.246],[120.5653,18.2449],[120.5645,18.2435],[120.5704,18.2428],[120.5683,18.2403],[120.5629,18.2417],[120.5625,18.237],[120.5581,18.2408],[120.5574,18.2391],[120.5618,18.2334],[120.5672,18.2377],[120.5678,18.2356],[120.5661,18.2369],[120.5638,18.234],[120.5726,18.2303],[120.5733,18.223],[120.5758,18.224],[120.5817,18.2197],[120.585,18.2133],[120.5915,18.2142],[120.5919,18.2166],[120.595,18.2146],[120.593,18.2103],[120.5953,18.2112],[120.5984,18.2094],[120.6007,18.2116],[120.5986,18.2134],[120.6006,18.2147],[120.6019,18.2204],[120.6063,18.2134],[120.6053,18.21],[120.6076,18.2074],[120.6164,18.2111],[120.6226,18.2073],[120.6223,18.2048],[120.6283,18.2033],[120.6298,18.196],[120.6346,18.1891],[120.6292,18.175],[120.6274,18.1779],[120.6258,18.1748],[120.63,18.1705],[120.639,18.1766],[120.6421,18.1854],[120.6469,18.1911],[120.6512,18.1929],[120.6537,18.1928],[120.6511,18.1911],[120.6559,18.1912],[120.6586,18.1959],[120.6583,18.1997],[120.6593,18.1969],[120.6661,18.1988],[120.6694,18.2026],[120.6662,18.1987],[120.6604,18.1974],[120.656,18.1909],[120.6504,18.1911],[120.645,18.1887],[120.6459,18.1874],[120.6425,18.1841],[120.6459,18.1856],[120.6402,18.1798],[120.6392,18.1763],[120.634,18.1731],[120.6401,18.1728],[120.6417,18.1758],[120.641,18.1735],[120.643,18.1748],[120.6435,18.1716],[120.6411,18.1714],[120.6474,18.1678],[120.6482,18.1655],[120.6437,18.169],[120.6442,18.1679],[120.633,18.1716],[120.6401,18.167],[120.6441,18.1544],[120.6462,18.1538],[120.6472,18.1476],[120.6522,18.1427],[120.6498,18.1411],[120.6555,18.1358],[120.659,18.1429],[120.6607,18.1412],[120.66,18.1367],[120.6621,18.1377],[120.6665,18.1524],[120.6778,18.1551],[120.6823,18.1509],[120.6816,18.1463],[120.6893,18.1429],[120.6973,18.1518],[120.6971,18.1608],[120.7006,18.1614],[120.6974,18.1625],[120.7013,18.166],[120.6997,18.1688],[120.7029,18.1681],[120.6993,18.1712],[120.6988,18.1758],[120.7074,18.17],[120.7071,18.1724],[120.7089,18.171],[120.7092,18.1722],[120.7052,18.1767],[120.7111,18.1758],[120.7149,18.1814],[120.7185,18.1821],[120.7171,18.1801],[120.7197,18.1783],[120.72,18.1826],[120.7157,18.1868],[120.7177,18.1881],[120.7162,18.1915],[120.7087,18.1949],[120.707,18.1979],[120.7092,18.1989],[120.7071,18.2002],[120.7083,18.2008],[120.7043,18.2066],[120.7011,18.207],[120.6994,18.2094],[120.7027,18.2102],[120.7019,18.2138],[120.6997,18.2148],[120.7016,18.222],[120.6986,18.2286],[120.6961,18.2312],[120.6927,18.231],[120.6961,18.2317],[120.6981,18.2302],[120.7021,18.2221],[120.7027,18.2109],[120.7055,18.2118],[120.7077,18.2051],[120.7142,18.2014],[120.7166,18.2045],[120.7186,18.2021],[120.72,18.2195],[120.7162,18.2293],[120.7184,18.2318],[120.714,18.2338],[120.7055,18.2466],[120.7142,18.234],[120.7165,18.2347],[120.7166,18.2385],[120.719,18.2392],[120.7171,18.2418],[120.7198,18.2467],[120.72,18.2431],[120.72,18.2456],[120.7177,18.2417],[120.7199,18.2393],[120.7168,18.2376],[120.717,18.234],[120.719,18.2327],[120.7177,18.2294],[120.72,18.2269],[120.72,18.1734]],[[120.7133,18.2007],[120.7126,18.2015],[120.7115,18.1997],[120.7133,18.2007]],[[120.7165,18.1779],[120.7151,18.1786],[120.716,18.1769],[120.7165,18.1779]],[[120.7137,18.1595],[120.7126,18.1569],[120.7146,18.1559],[120.7161,18.1578],[120.7192,18.156],[120.72,18.1615],[120.7137,18.1595]],[[120.7145,18.1478],[120.7163,18.1496],[120.7155,18.1499],[120.7145,18.1478]],[[120.7184,18.152],[120.7172,18.1499],[120.7187,18.1508],[120.7184,18.152]],[[120.6379,18.152],[120.6351,18.1563],[120.633,18.1567],[120.6379,18.152]],[[120.6329,18.1576],[120.6303,18.1603],[120.6243,18.1615],[120.6329,18.1576]],[[120.6043,18.1946],[120.6041,18.1993],[120.6005,18.2021],[120.5937,18.1975],[120.5903,18.1988],[120.5856,18.1975],[120.5866,18.1952],[120.5968,18.1927],[120.6005,18.1895],[120.6051,18.1913],[120.6043,18.1946]],[[120.6081,18.1965],[120.6079,18.1984],[120.607,18.1959],[120.6081,18.1965]],[[120.5789,18.1997],[120.5735,18.2047],[120.564,18.2076],[120.5733,18.2045],[120.5831,18.1974],[120.5789,18.1997]],[[120.5869,18.2014],[120.5895,18.2012],[120.5884,18.2034],[120.5869,18.2014]],[[120.5906,18.2049],[120.5885,18.2044],[120.592,18.2042],[120.5943,18.2071],[120.5931,18.209],[120.5898,18.2066],[120.5906,18.2049]],[[120.606,18.2061],[120.6058,18.2047],[120.608,18.2053],[120.606,18.2061]],[[120.5475,18.2032],[120.5505,18.2036],[120.5492,18.2042],[120.5475,18.2032]],[[120.5477,18.2046],[120.5524,18.2064],[120.5501,18.2071],[120.5477,18.2046]],[[120.5773,18.2206],[120.5761,18.219],[120.5778,18.2197],[120.5773,18.2206]],[[120.5475,18.2012],[120.5439,18.1997],[120.5466,18.2],[120.5475,18.2012]],[[120.5323,18.1975],[120.534,18.1968],[120.5361,18.1971],[120.5323,18.1975]],[[120.5421,18.1958],[120.5442,18.1972],[120.5389,18.1951],[120.5421,18.1958]],[[120.5386,18.1943],[120.5371,18.1923],[120.541,18.1947],[120.5386,18.1943]],[[120.5348,18.1705],[120.5366,18.1718],[120.5329,18.1722],[120.5323,18.1684],[120.5347,18.168],[120.5348,18.1705]],[[120.5315,18.172],[120.5304,18.1727],[120.5307,18.1704],[120.5315,18.172]],[[120.5481,18.1804],[120.5559,18.1783],[120.5585,18.181],[120.5579,18.1847],[120.5546,18.1858],[120.557,18.1837],[120.5481,18.1804]],[[120.5743,18.1729],[120.5732,18.1723],[120.5754,18.1714],[120.5743,18.1729]],[[120.6533,18.1345],[120.6543,18.1326],[120.6552,18.1345],[120.6533,18.1345]],[[120.6512,18.1298],[120.6502,18.1281],[120.652,18.1288],[120.6512,18.1298]],[[120.6843,18.1344],[120.6861,18.1314],[120.6852,18.1265],[120.6928,18.121],[120.6955,18.1129],[120.6982,18.1104],[120.693,18.1212],[120.6854,18.1292],[120.6868,18.1322],[120.6831,18.1371],[120.6843,18.1344]],[[120.7134,18.1325],[120.719,18.1286],[120.7191,18.1309],[120.7134,18.1325]]],[[[120.6328,18.268],[120.635,18.2682],[120.6379,18.2643],[120.6404,18.2646],[120.638,18.2642],[120.6328,18.268]]],[[[120.5652,18.2645],[120.5668,18.2605],[120.5646,18.2615],[120.5631,18.2662],[120.565,18.2657],[120.5662,18.2691],[120.567,18.266],[120.5652,18.2645]]],[[[120.6687,18.2756],[120.6712,18.2741],[120.6693,18.2741],[120.6687,18.2756]]],[[[120.6071,18.2779],[120.6078,18.2745],[120.6043,18.2741],[120.6031,18.2721],[120.6073,18.27],[120.6104,18.2647],[120.6166,18.2651],[120.6288,18.2699],[120.632,18.2688],[120.6304,18.2666],[120.6264,18.2658],[120.6235,18.2618],[120.6206,18.2633],[120.6218,18.2664],[120.6172,18.2617],[120.6164,18.2627],[120.6172,18.2609],[120.6126,18.2622],[120.6114,18.2608],[120.6044,18.2716],[120.6025,18.2676],[120.6017,18.2745],[120.5983,18.2757],[120.5961,18.2746],[120.5997,18.2744],[120.5913,18.2733],[120.601,18.2766],[120.6026,18.2743],[120.6053,18.2756],[120.6047,18.2776],[120.6071,18.2779]]],[[[120.6546,18.2781],[120.6502,18.2764],[120.6445,18.2777],[120.6546,18.2781]]],[[[120.6234,18.2813],[120.6189,18.2794],[120.6155,18.273],[120.6096,18.2722],[120.6238,18.2842],[120.6234,18.2813]]],[[[120.574,18.2843],[120.5773,18.2766],[120.5767,18.2717],[120.5752,18.2775],[120.5703,18.2816],[120.574,18.2843]],[[120.5747,18.2812],[120.5736,18.2799],[120.576,18.2801],[120.5747,18.2812]]],[[[120.6275,18.2852],[120.6243,18.2839],[120.628,18.2862],[120.6295,18.2843],[120.6275,18.2852]]],[[[120.6116,18.2748],[120.6168,18.2796],[120.6205,18.2872],[120.617,18.2795],[120.6116,18.2748]]],[[[120.5898,18.2796],[120.5886,18.2757],[120.588,18.2788],[120.585,18.2792],[120.5845,18.2813],[120.58,18.2801],[120.5785,18.2857],[120.576,18.2856],[120.5766,18.288],[120.5802,18.2869],[120.5799,18.2821],[120.589,18.2807],[120.592,18.2769],[120.5898,18.2796]]],[[[120.6659,18.2874],[120.6727,18.2862],[120.6693,18.2853],[120.6627,18.2882],[120.6659,18.2874]]],[[[120.6342,18.2896],[120.6307,18.2885],[120.6277,18.2906],[120.6257,18.289],[120.627,18.2908],[120.6316,18.2894],[120.6347,18.2913],[120.6342,18.2896]]],[[[120.6238,18.2896],[120.622,18.2879],[120.6242,18.2915],[120.6238,18.2896]]],[[[120.5909,18.2917],[120.595,18.2938],[120.5939,18.2911],[120.5898,18.2894],[120.5909,18.2917]]],[[[120.6637,18.2956],[120.6575,18.2936],[120.6603,18.2897],[120.6627,18.2901],[120.6604,18.2893],[120.6564,18.293],[120.6539,18.2879],[120.6598,18.2849],[120.6655,18.2788],[120.668,18.2793],[120.6668,18.2777],[120.6685,18.276],[120.66,18.2846],[120.6541,18.287],[120.654,18.2915],[120.6508,18.2965],[120.6396,18.2943],[120.6338,18.2889],[120.6358,18.2903],[120.6358,18.2937],[120.6421,18.2962],[120.6514,18.2979],[120.6551,18.2932],[120.658,18.2953],[120.6637,18.2956]]],[[[120.6536,18.3029],[120.6475,18.2989],[120.6382,18.2984],[120.6424,18.3001],[120.6471,18.2991],[120.6536,18.3029]]],[[[120.6173,18.305],[120.6202,18.3058],[120.6233,18.3049],[120.6173,18.305]]],[[[120.64,18.3085],[120.6352,18.3087],[120.6311,18.3044],[120.6273,18.3069],[120.6321,18.3049],[120.6353,18.309],[120.64,18.3085]]],[[[120.5906,18.3036],[120.5891,18.296],[120.589,18.2998],[120.587,18.2968],[120.5885,18.3057],[120.5919,18.31],[120.5888,18.3058],[120.5906,18.3036]]],[[[120.6678,18.31],[120.6706,18.3084],[120.6885,18.31],[120.6745,18.31],[120.6699,18.3066],[120.6734,18.3031],[120.6802,18.3017],[120.6854,18.3047],[120.6937,18.3027],[120.6855,18.3045],[120.6811,18.3024],[120.6876,18.2962],[120.6899,18.2969],[120.6876,18.2959],[120.6827,18.2991],[120.6825,18.297],[120.6797,18.3011],[120.6727,18.3026],[120.6648,18.31],[120.6678,18.31]]],[[[120.7154,18.31],[120.718,18.2989],[120.709,18.289],[120.7068,18.2818],[120.7082,18.2797],[120.7161,18.2796],[120.7095,18.2799],[120.7095,18.2755],[120.7139,18.2719],[120.7161,18.2724],[120.7167,18.2676],[120.719,18.2682],[120.72,18.2577],[120.7188,18.2576],[120.72,18.2577],[120.7197,18.2671],[120.7167,18.267],[120.7156,18.2726],[120.7133,18.2721],[120.7064,18.2803],[120.7015,18.2735],[120.6955,18.2693],[120.6929,18.2625],[120.6851,18.2534],[120.6862,18.2487],[120.688,18.2503],[120.6924,18.2498],[120.6945,18.2525],[120.6928,18.2507],[120.694,18.2493],[120.6877,18.2498],[120.6709,18.2284],[120.6639,18.2303],[120.6574,18.227],[120.6524,18.2277],[120.649,18.2311],[120.635,18.235],[120.629,18.2394],[120.6307,18.2378],[120.6294,18.2379],[120.6227,18.2448],[120.6122,18.2424],[120.6057,18.2458],[120.6084,18.2407],[120.6072,18.2407],[120.6052,18.2423],[120.6051,18.246],[120.599,18.25],[120.5893,18.2514],[120.5881,18.2493],[120.58,18.2629],[120.5797,18.2641],[120.582,18.2598],[120.5831,18.2679],[120.5759,18.2698],[120.58,18.266],[120.5766,18.2672],[120.5694,18.2738],[120.567,18.2726],[120.5726,18.2709],[120.5669,18.271],[120.5671,18.2774],[120.57,18.2788],[120.573,18.2769],[120.5714,18.2755],[120.5758,18.2711],[120.5848,18.2675],[120.5857,18.2626],[120.5846,18.2633],[120.5838,18.261],[120.5873,18.2543],[120.5957,18.2527],[120.6039,18.255],[120.6055,18.2516],[120.6127,18.2468],[120.6176,18.2461],[120.627,18.2484],[120.6388,18.245],[120.6405,18.243],[120.6552,18.2427],[120.6624,18.2384],[120.6708,18.241],[120.6756,18.2404],[120.6788,18.2448],[120.6783,18.2587],[120.6813,18.2627],[120.679,18.2684],[120.6826,18.2633],[120.6953,18.2745],[120.6948,18.278],[120.6971,18.2758],[120.6997,18.2785],[120.7027,18.2839],[120.7035,18.2923],[120.7115,18.2985],[120.7093,18.304],[120.7104,18.31],[120.7154,18.31]],[[120.7019,18.2766],[120.6994,18.2743],[120.7003,18.2736],[120.7019,18.2766]],[[120.6982,18.2732],[120.6967,18.2719],[120.6968,18.2708],[120.6982,18.2732]],[[120.6969,18.2733],[120.6955,18.2724],[120.6963,18.2709],[120.6969,18.2733]],[[120.6939,18.2719],[120.6918,18.2709],[120.6941,18.2707],[120.6939,18.2719]],[[120.6914,18.2692],[120.6904,18.2677],[120.6921,18.2684],[120.6914,18.2692]],[[120.6733,18.238],[120.6614,18.2378],[120.662,18.2362],[120.6656,18.2361],[120.6621,18.2355],[120.6536,18.2427],[120.6379,18.2436],[120.6418,18.2376],[120.6543,18.2327],[120.6617,18.2327],[120.6752,18.2386],[120.6731,18.2397],[120.6733,18.238]],[[120.666,18.2305],[120.6707,18.2301],[120.6732,18.2341],[120.6683,18.2331],[120.666,18.2305]],[[120.6615,18.2318],[120.6553,18.2307],[120.6497,18.2331],[120.6521,18.2298],[120.6581,18.2308],[120.6581,18.2286],[120.6615,18.2318]],[[120.6554,18.2318],[120.659,18.2321],[120.6589,18.2325],[120.6554,18.2318]],[[120.6408,18.2368],[120.6337,18.2433],[120.6365,18.2408],[120.6353,18.2414],[120.6349,18.2389],[120.6408,18.2368]],[[120.631,18.2434],[120.6288,18.2445],[120.6335,18.2379],[120.6338,18.2414],[120.6337,18.2402],[120.631,18.2434]],[[120.6098,18.246],[120.609,18.2473],[120.6076,18.2471],[120.6098,18.246]],[[120.6054,18.2484],[120.6026,18.2538],[120.5987,18.2518],[120.6012,18.2491],[120.6037,18.2486],[120.6011,18.2511],[120.6054,18.2484]],[[120.585,18.2566],[120.5841,18.2595],[120.5839,18.2584],[120.585,18.2566]],[[120.5684,18.2755],[120.5678,18.2745],[120.5695,18.2743],[120.5684,18.2755]]]]}}]}