{"type":"FeatureCollection","name":"NOAH_Landslide_IlocosNorte_Laoag","properties":{"source":"Project NOAH / UP Resilience Institute","description":"Laoag City rain-induced landslide hazard layer from downloaded NOAH Ilocos Norte source geometry.","generated_at":"2026-06-05T07:25:06.946Z","source_path":"/home/work/C3 Workspace/Data/Landslide-20260605T061836Z-3-006/Landslide/LandslideHazards/IlocosNorte.zip","boundary":"Laoag City","simplify":"0.5%","precision":"0.00005","minimum_island_area":"0.02sqkm","minimum_sliver_area":"0.01sqkm","feature_count":3,"polygon_count":163,"classes":{"1":"Low Hazard","2":"Medium Hazard","3":"High Hazard"}},"features":[{"type":"Feature","properties":{"source":"Project NOAH / UP Resilience Institute Landslide Hazard Maps","province":"Ilocos Norte","municipality":"Laoag City","hazard":"Rain-induced landslide","lh":1,"hazard_label":"Low Hazard","susceptibility":"Low susceptibility","action_guidance":"Build only with continuous monitoring","color":"#86efac","fillColor":"#86efac","attribution":"Project NOAH / UP Resilience Institute landslide hazard shapefiles, WGS84","geometry_note":"Clipped to the local Laoag City operating boundary and lightly generalized for browser performance."},"geometry":{"type":"MultiPolygon","coordinates":[[[[120.68355,18.155],[120.6849,18.15535],[120.68485,18.15455],[120.68535,18.15415],[120.68615,18.15415],[120.68555,18.15765],[120.68445,18.1575],[120.68445,18.1585],[120.6843,18.159],[120.68405,18.1587],[120.68395,18.1579],[120.68305,18.15805],[120.68305,18.1581],[120.68305,18.15805],[120.68305,18.1579],[120.683,18.15785],[120.683,18.1578],[120.68305,18.15775],[120.68305,18.1577],[120.683,18.15765],[120.683,18.1576],[120.68295,18.1576],[120.68295,18.15755],[120.6829,18.15755],[120.68285,18.1575],[120.6828,18.1575],[120.6828,18.15745],[120.68275,18.15745],[120.68275,18.1574],[120.6827,18.1574],[120.6827,18.15735],[120.68265,18.15735],[120.68265,18.15725],[120.6826,18.1572],[120.6826,18.15715],[120.68265,18.1571],[120.68265,18.15705],[120.6827,18.15705],[120.68275,18.15705],[120.6828,18.157],[120.68285,18.157],[120.6829,18.15695],[120.68295,18.15695],[120.68295,18.1569],[120.683,18.1569],[120.683,18.15685],[120.68305,18.15685],[120.68305,18.1568],[120.6831,18.15675],[120.6831,18.1567],[120.68315,18.1567],[120.68315,18.1565],[120.6831,18.15645],[120.68295,18.15645],[120.68295,18.1564],[120.6831,18.15605],[120.68305,18.1561],[120.68305,18.15605],[120.6831,18.15605],[120.6831,18.156],[120.68315,18.15595],[120.68315,18.1559],[120.6832,18.1559],[120.6832,18.15575],[120.68315,18.1557],[120.68315,18.1555],[120.6831,18.15545],[120.6831,18.1554],[120.68315,18.1554],[120.68315,18.15535],[120.6832,18.15535],[120.6833,18.1553],[120.6835,18.1553],[120.6835,18.15535],[120.68355,18.15535],[120.6836,18.15535],[120.6836,18.15515],[120.68355,18.1551],[120.68355,18.155]]],[[[120.69,18.2127],[120.68945,18.2113],[120.68825,18.2101],[120.68855,18.2094],[120.68775,18.2062],[120.6885,18.2067],[120.68865,18.20765],[120.6893,18.20815],[120.69005,18.2093],[120.6904,18.2105],[120.6907,18.21075],[120.6903,18.21125],[120.6905,18.2122],[120.69,18.2127]]],[[[120.59475,18.1481],[120.5944,18.1481],[120.59355,18.14735],[120.5933,18.1478],[120.5926,18.1479],[120.59195,18.14705],[120.59095,18.14695],[120.59,18.1473],[120.58935,18.1474],[120.5894,18.14705],[120.5901,18.14655],[120.59125,18.14625],[120.59215,18.1463],[120.59275,18.14665],[120.59315,18.1464],[120.5938,18.14645],[120.59435,18.1462],[120.5952,18.1467],[120.5958,18.1455],[120.5969,18.14535],[120.59675,18.1461],[120.59735,18.1462],[120.59765,18.14655],[120.59765,18.1471],[120.5963,18.14785],[120.59535,18.1477],[120.59475,18.1481]]],[[[120.60255,18.1469],[120.6015,18.1466],[120.60135,18.146],[120.60245,18.1452],[120.60335,18.1454],[120.6039,18.14595],[120.60385,18.1464],[120.6033,18.14685],[120.60255,18.1469]]]]}},{"type":"Feature","properties":{"source":"Project NOAH / UP Resilience Institute Landslide Hazard Maps","province":"Ilocos Norte","municipality":"Laoag City","hazard":"Rain-induced landslide","lh":2,"hazard_label":"Medium Hazard","susceptibility":"Medium susceptibility","action_guidance":"Build only with slope protection and intervention; continuous monitoring","color":"#22c55e","fillColor":"#22c55e","attribution":"Project NOAH / UP Resilience Institute landslide hazard shapefiles, WGS84","geometry_note":"Clipped to the local Laoag City operating boundary and lightly generalized for browser performance."},"geometry":{"type":"MultiPolygon","coordinates":[[[[120.75245,18.2194],[120.75245,18.21935],[120.75235,18.21935],[120.75235,18.2193],[120.75225,18.2193],[120.7519,18.2191],[120.7518,18.2191],[120.75145,18.21885],[120.75145,18.2186],[120.7515,18.2186],[120.7515,18.21835],[120.75155,18.2183],[120.75155,18.21825],[120.7516,18.2182],[120.7516,18.2179],[120.75165,18.21785],[120.7517,18.21785],[120.7518,18.21785],[120.75185,18.2178],[120.75185,18.21775],[120.7519,18.21775],[120.7519,18.2177],[120.75195,18.2177],[120.75195,18.2176],[120.752,18.2176],[120.752,18.21745],[120.75205,18.21745],[120.75205,18.21735],[120.7521,18.21735],[120.7521,18.21725],[120.75215,18.2172],[120.7522,18.21715],[120.75225,18.21715],[120.75225,18.2171],[120.7523,18.2171],[120.7523,18.21705],[120.75235,18.21705],[120.75235,18.217],[120.7524,18.217],[120.7524,18.2169],[120.75245,18.2169],[120.75245,18.21685],[120.7525,18.21685],[120.75265,18.21685],[120.7527,18.2169],[120.7527,18.21725],[120.75265,18.2173],[120.75265,18.21735],[120.7527,18.2174],[120.7528,18.2174],[120.7529,18.21745],[120.75295,18.2175],[120.75295,18.21785],[120.7529,18.21785],[120.7529,18.21795],[120.75285,18.21795],[120.75285,18.21805],[120.7528,18.2181],[120.7528,18.21815],[120.75275,18.2182],[120.75275,18.2183],[120.7527,18.2183],[120.7527,18.2186],[120.75275,18.2186],[120.75275,18.2187],[120.7528,18.2187],[120.7528,18.21885],[120.75275,18.2189],[120.7527,18.2189],[120.7527,18.21895],[120.75265,18.21895],[120.75265,18.219],[120.75265,18.21905],[120.75265,18.21915],[120.7527,18.21915],[120.7527,18.2193],[120.75265,18.21935],[120.7526,18.21935],[120.7525,18.21935],[120.75245,18.2194]]],[[[120.7449,18.23965],[120.7445,18.23965],[120.74435,18.23965],[120.7445,18.2401],[120.74455,18.2401],[120.7432,18.2402],[120.74295,18.2402],[120.7424,18.23975],[120.7409,18.2396],[120.7408,18.23915],[120.74075,18.23915],[120.7406,18.2387],[120.74075,18.2387],[120.741,18.2382],[120.74095,18.2382],[120.7409,18.238],[120.7409,18.23795],[120.74095,18.2378],[120.74095,18.23785],[120.7411,18.2378],[120.74115,18.2378],[120.74125,18.2378],[120.74185,18.23735],[120.74205,18.23735],[120.74215,18.2372],[120.7422,18.23715],[120.74225,18.2371],[120.74235,18.23705],[120.7424,18.23705],[120.74245,18.23705],[120.7425,18.23705],[120.74255,18.237],[120.7426,18.237],[120.7427,18.23695],[120.7428,18.23695],[120.74285,18.2369],[120.7429,18.2369],[120.743,18.23685],[120.74305,18.2368],[120.7431,18.2368],[120.7434,18.2368],[120.74335,18.2371],[120.7433,18.23715],[120.74295,18.2372],[120.74295,18.23715],[120.7424,18.2375],[120.74255,18.2375],[120.74355,18.23795],[120.7436,18.23795],[120.7436,18.238],[120.7436,18.23815],[120.7436,18.23835],[120.7442,18.2389],[120.74425,18.2389],[120.7443,18.23905],[120.7443,18.23935],[120.7447,18.23935],[120.7449,18.23965]]],[[[120.73985,18.2534],[120.7399,18.2534],[120.7401,18.25315],[120.74015,18.25315],[120.7405,18.25345],[120.7406,18.25345],[120.74095,18.25425],[120.7412,18.25425],[120.74065,18.25495],[120.74005,18.2539],[120.74005,18.25385],[120.74,18.25355],[120.73995,18.25355],[120.73995,18.2536],[120.7399,18.25365],[120.7399,18.2537],[120.7399,18.2538],[120.73985,18.25385],[120.73985,18.25395],[120.7391,18.2545],[120.73915,18.25515],[120.7391,18.25505],[120.73905,18.25495],[120.739,18.25485],[120.73895,18.25485],[120.73885,18.2548],[120.7388,18.25475],[120.7388,18.2547],[120.7388,18.25475],[120.7388,18.2548],[120.7388,18.2549],[120.73885,18.25495],[120.73885,18.255],[120.7389,18.25505],[120.7389,18.2551],[120.73895,18.25515],[120.739,18.2553],[120.739,18.2554],[120.7397,18.2555],[120.7398,18.2554],[120.7399,18.2554],[120.73965,18.25635],[120.7396,18.25665],[120.7396,18.25685],[120.74045,18.25665],[120.74045,18.2568],[120.7404,18.25685],[120.7404,18.2569],[120.74035,18.25695],[120.74035,18.257],[120.7403,18.2571],[120.74025,18.2572],[120.74025,18.25725],[120.7402,18.2573],[120.7402,18.25735],[120.74015,18.2574],[120.74015,18.25745],[120.7401,18.2575],[120.7401,18.2576],[120.74005,18.2577],[120.74005,18.25775],[120.7401,18.25785],[120.7401,18.2579],[120.74015,18.25795],[120.74015,18.258],[120.7402,18.25805],[120.74025,18.2581],[120.7403,18.25815],[120.74035,18.2582],[120.7404,18.25825],[120.74045,18.2583],[120.7405,18.2583],[120.7405,18.25835],[120.7405,18.2584],[120.7405,18.25845],[120.74055,18.2585],[120.74055,18.2586],[120.7406,18.2587],[120.7406,18.259],[120.74055,18.25905],[120.74055,18.2593],[120.7405,18.2593],[120.7405,18.25935],[120.74045,18.2599],[120.7405,18.2599],[120.74055,18.2599],[120.74055,18.2601],[120.7406,18.26015],[120.7407,18.26065],[120.74075,18.26065],[120.74075,18.2608],[120.7408,18.26085],[120.7408,18.261],[120.7408,18.26105],[120.7408,18.26115],[120.74085,18.2613],[120.74085,18.26145],[120.74085,18.26175],[120.74085,18.26185],[120.7407,18.2624],[120.7407,18.26245],[120.74065,18.26255],[120.74065,18.2626],[120.74065,18.2627],[120.74065,18.26275],[120.7401,18.2636],[120.74,18.2636],[120.73935,18.26425],[120.7399,18.26465],[120.73995,18.26465],[120.7402,18.2649],[120.73985,18.2662],[120.73975,18.2662],[120.7397,18.266],[120.7397,18.2659],[120.73995,18.26575],[120.74,18.2657],[120.74,18.26565],[120.74,18.2653],[120.74,18.26525],[120.7397,18.2654],[120.73965,18.2654],[120.73885,18.2648],[120.7376,18.2657],[120.73755,18.2657],[120.73765,18.26615],[120.73875,18.2669],[120.73885,18.2669],[120.73855,18.26745],[120.73695,18.26725],[120.73665,18.26745],[120.7366,18.26745],[120.73635,18.26775],[120.7363,18.26775],[120.7363,18.2678],[120.73625,18.2678],[120.7362,18.2688],[120.73545,18.2685],[120.73535,18.2685],[120.73535,18.26795],[120.73615,18.26735],[120.7361,18.2672],[120.73605,18.2671],[120.7359,18.26675],[120.73595,18.26675],[120.7354,18.26565],[120.73525,18.26565],[120.7351,18.26585],[120.73505,18.26585],[120.73505,18.2664],[120.7351,18.2664],[120.73465,18.26655],[120.73465,18.2664],[120.7347,18.2664],[120.7342,18.26475],[120.7341,18.26475],[120.7341,18.2647],[120.73415,18.2647],[120.7339,18.26365],[120.7327,18.264],[120.73265,18.264],[120.73235,18.2645],[120.7323,18.2645],[120.73175,18.2644],[120.7317,18.26445],[120.7317,18.26455],[120.7317,18.2646],[120.73185,18.26485],[120.73185,18.2649],[120.7319,18.26495],[120.7319,18.265],[120.7318,18.26525],[120.73175,18.26525],[120.7317,18.2653],[120.73155,18.26515],[120.7316,18.26515],[120.7309,18.2648],[120.7309,18.26485],[120.73055,18.26465],[120.7307,18.26435],[120.73065,18.26425],[120.7305,18.26415],[120.73045,18.2641],[120.73035,18.26405],[120.73025,18.26405],[120.7302,18.26405],[120.7302,18.264],[120.73025,18.264],[120.73,18.26375],[120.73,18.2638],[120.72995,18.26375],[120.7301,18.2636],[120.73015,18.2635],[120.73015,18.26345],[120.7301,18.2634],[120.7297,18.26325],[120.72955,18.26305],[120.72955,18.26285],[120.7305,18.26315],[120.73105,18.2627],[120.7311,18.2627],[120.73115,18.26275],[120.7312,18.26275],[120.73125,18.26275],[120.7313,18.2628],[120.73135,18.2629],[120.7311,18.2633],[120.73115,18.2633],[120.73135,18.26375],[120.7313,18.2637],[120.73125,18.2637],[120.7312,18.26365],[120.7311,18.2636],[120.73105,18.26355],[120.731,18.2635],[120.7309,18.26345],[120.7309,18.26305],[120.73075,18.26315],[120.7307,18.2632],[120.7307,18.26325],[120.73065,18.26325],[120.73055,18.26345],[120.7306,18.2635],[120.73065,18.26355],[120.73065,18.2636],[120.7307,18.26365],[120.73095,18.2637],[120.73105,18.26375],[120.73125,18.2639],[120.7313,18.26395],[120.7314,18.264],[120.7314,18.26405],[120.73145,18.2641],[120.7315,18.26415],[120.7316,18.26415],[120.7317,18.26415],[120.7324,18.26375],[120.73225,18.263],[120.7324,18.263],[120.7328,18.26265],[120.73285,18.2627],[120.73385,18.26205],[120.7339,18.26205],[120.73375,18.2614],[120.73365,18.26135],[120.7336,18.26135],[120.733,18.26095],[120.7328,18.26095],[120.73305,18.2607],[120.73315,18.25965],[120.7321,18.25865],[120.7322,18.25865],[120.73195,18.2585],[120.73195,18.25855],[120.7317,18.2584],[120.73175,18.2584],[120.7315,18.2583],[120.7315,18.25835],[120.73115,18.2581],[120.73055,18.25805],[120.73055,18.258],[120.7306,18.258],[120.73065,18.25795],[120.73065,18.2579],[120.7307,18.25785],[120.7307,18.2578],[120.73155,18.258],[120.73185,18.2577],[120.7319,18.25765],[120.73195,18.2576],[120.732,18.25755],[120.73205,18.2575],[120.7321,18.2575],[120.73205,18.2575],[120.73205,18.25745],[120.73205,18.25725],[120.73215,18.25725],[120.7328,18.25675],[120.73285,18.25675],[120.7332,18.2567],[120.7332,18.2569],[120.73295,18.25715],[120.7329,18.2572],[120.7327,18.25735],[120.7326,18.25735],[120.73255,18.25735],[120.7323,18.2575],[120.73225,18.25755],[120.7322,18.2576],[120.7322,18.25765],[120.73215,18.2577],[120.73215,18.25775],[120.7321,18.25775],[120.7321,18.2578],[120.73215,18.2579],[120.7321,18.2582],[120.73215,18.2582],[120.7322,18.25825],[120.73225,18.2583],[120.73235,18.25835],[120.7325,18.2585],[120.7346,18.2599],[120.73465,18.2598],[120.7347,18.2597],[120.73465,18.2593],[120.7346,18.2592],[120.734,18.2591],[120.73415,18.2585],[120.7342,18.2585],[120.7342,18.25845],[120.73435,18.25845],[120.73445,18.2579],[120.7345,18.2579],[120.7345,18.2578],[120.7345,18.25775],[120.735,18.2575],[120.73505,18.2575],[120.7353,18.25785],[120.73555,18.25785],[120.7358,18.2577],[120.7359,18.2577],[120.7362,18.25745],[120.73625,18.25745],[120.73725,18.25655],[120.7373,18.25655],[120.7376,18.25675],[120.7378,18.2563],[120.73785,18.2563],[120.7378,18.2563],[120.73785,18.2562],[120.73795,18.25605],[120.7383,18.2557],[120.73835,18.2557],[120.73845,18.25555],[120.73835,18.25455],[120.7372,18.25435],[120.7365,18.25545],[120.7365,18.2554],[120.7356,18.2554],[120.7345,18.2563],[120.7348,18.2554],[120.7349,18.25535],[120.735,18.2553],[120.73515,18.25525],[120.73525,18.2552],[120.73525,18.25515],[120.7353,18.2551],[120.7354,18.255],[120.73635,18.25445],[120.73675,18.2529],[120.73685,18.2528],[120.7369,18.25275],[120.73695,18.2527],[120.737,18.25265],[120.73705,18.2526],[120.7371,18.25255],[120.73715,18.2525],[120.7372,18.25245],[120.73725,18.2524],[120.7373,18.2523],[120.73735,18.2523],[120.73735,18.25225],[120.7374,18.2522],[120.7374,18.25215],[120.73745,18.2521],[120.73745,18.25205],[120.7375,18.2519],[120.73755,18.25185],[120.7376,18.25185],[120.7377,18.2517],[120.739,18.25135],[120.73925,18.25095],[120.73885,18.2497],[120.7387,18.24965],[120.73865,18.2496],[120.7384,18.24915],[120.7384,18.2491],[120.7384,18.24905],[120.73835,18.249],[120.73835,18.24895],[120.7383,18.2489],[120.7382,18.2489],[120.73815,18.24895],[120.73815,18.249],[120.7382,18.2491],[120.7382,18.24915],[120.73825,18.2498],[120.7378,18.24895],[120.73775,18.24895],[120.73775,18.24875],[120.73775,18.2487],[120.73845,18.24885],[120.73905,18.2494],[120.74005,18.24955],[120.74015,18.25005],[120.73995,18.25105],[120.7386,18.2516],[120.73855,18.2516],[120.7384,18.2517],[120.73795,18.25165],[120.73735,18.2524],[120.73785,18.2533],[120.7378,18.2533],[120.7377,18.25385],[120.73775,18.25385],[120.73785,18.254],[120.7379,18.254],[120.73805,18.25415],[120.73825,18.25415],[120.73855,18.25445],[120.7386,18.25445],[120.7387,18.2545],[120.73875,18.2545],[120.7388,18.2545],[120.7388,18.25405],[120.73885,18.25405],[120.73895,18.25395],[120.73915,18.25395],[120.73965,18.2536],[120.73975,18.2536],[120.73985,18.2534]],[[120.7362,18.2615],[120.73495,18.2612],[120.7346,18.26185],[120.73455,18.26195],[120.7341,18.2622],[120.73405,18.26225],[120.734,18.2623],[120.73395,18.26235],[120.7339,18.2624],[120.73385,18.2625],[120.7338,18.2626],[120.73375,18.26275],[120.7337,18.26285],[120.7337,18.2629],[120.73375,18.2632],[120.7338,18.26325],[120.73385,18.2633],[120.7339,18.26335],[120.73395,18.2634],[120.734,18.26345],[120.73405,18.2635],[120.73415,18.26375],[120.7344,18.2646],[120.73545,18.26515],[120.73575,18.26565],[120.7361,18.26625],[120.73615,18.2663],[120.73615,18.26635],[120.7362,18.2664],[120.73625,18.26645],[120.7363,18.26655],[120.73635,18.2666],[120.7364,18.26665],[120.73645,18.2667],[120.73645,18.26675],[120.7365,18.2668],[120.7365,18.26685],[120.73655,18.26695],[120.7366,18.26705],[120.73675,18.2671],[120.7372,18.2666],[120.7373,18.26585],[120.7372,18.2653],[120.73675,18.26465],[120.7358,18.2645],[120.73555,18.2637],[120.7359,18.2632],[120.73655,18.26295],[120.7372,18.26305],[120.738,18.263],[120.73805,18.26185],[120.7374,18.26205],[120.7362,18.2615]]],[[[120.74585,18.2603],[120.74635,18.25925],[120.747,18.2596],[120.7483,18.2596],[120.74825,18.2606],[120.74675,18.261],[120.74645,18.261],[120.74545,18.26115],[120.7456,18.26065],[120.7456,18.2606],[120.74575,18.2606],[120.7458,18.2603],[120.74585,18.2603]]],[[[120.68355,18.28015],[120.68395,18.27965],[120.68495,18.27975],[120.6851,18.27975],[120.6851,18.27985],[120.68515,18.2799],[120.6852,18.27995],[120.6852,18.28],[120.68525,18.28005],[120.68525,18.2801],[120.68475,18.2802],[120.68515,18.2805],[120.68525,18.28055],[120.6853,18.2806],[120.68535,18.28065],[120.6854,18.2807],[120.6855,18.2808],[120.6855,18.28085],[120.6852,18.28085],[120.6852,18.2808],[120.6852,18.2807],[120.68425,18.2811],[120.6843,18.2811],[120.68445,18.28265],[120.6844,18.28265],[120.68375,18.28275],[120.68325,18.2817],[120.68255,18.2814],[120.68245,18.2814],[120.682,18.28185],[120.6822,18.2828],[120.6819,18.2836],[120.682,18.2836],[120.6821,18.2836],[120.682,18.2836],[120.68195,18.28365],[120.6819,18.2837],[120.6819,18.28385],[120.6819,18.2839],[120.68195,18.28395],[120.682,18.28395],[120.682,18.284],[120.68205,18.284],[120.68205,18.28415],[120.6821,18.2842],[120.6821,18.2844],[120.68215,18.28445],[120.6822,18.28445],[120.6822,18.2845],[120.68225,18.2845],[120.68225,18.28455],[120.6823,18.28455],[120.6823,18.2846],[120.68235,18.2846],[120.68235,18.28465],[120.6824,18.28465],[120.68245,18.28465],[120.68245,18.2847],[120.6825,18.2847],[120.6825,18.28475],[120.68255,18.28475],[120.6826,18.28475],[120.68265,18.2847],[120.6827,18.2847],[120.6827,18.28465],[120.68275,18.28465],[120.68275,18.2846],[120.6828,18.28455],[120.6828,18.2845],[120.68285,18.28445],[120.68285,18.2843],[120.6828,18.2843],[120.6828,18.28425],[120.68275,18.2842],[120.6827,18.28415],[120.6827,18.2841],[120.68265,18.2841],[120.68265,18.28405],[120.6826,18.284],[120.6826,18.2839],[120.68265,18.2839],[120.68265,18.28385],[120.6827,18.28385],[120.6827,18.2838],[120.68275,18.2838],[120.68275,18.28375],[120.6828,18.28375],[120.6828,18.2837],[120.6828,18.28365],[120.68285,18.28365],[120.68285,18.2836],[120.6829,18.2836],[120.68295,18.28355],[120.683,18.28355],[120.683,18.2835],[120.68305,18.2835],[120.6831,18.28345],[120.68315,18.28345],[120.6832,18.2834],[120.68335,18.2834],[120.68335,18.28345],[120.6834,18.28345],[120.6834,18.28355],[120.68345,18.2836],[120.68345,18.2837],[120.6835,18.28375],[120.6835,18.2838],[120.68355,18.28385],[120.68355,18.2839],[120.6836,18.2839],[120.6836,18.28395],[120.6836,18.2841],[120.68355,18.28415],[120.68355,18.2842],[120.6835,18.2842],[120.6835,18.28425],[120.68345,18.28425],[120.6834,18.2843],[120.68335,18.28435],[120.68335,18.2844],[120.6833,18.2844],[120.6833,18.28445],[120.68325,18.2845],[120.6832,18.28455],[120.6832,18.2849],[120.68325,18.2849],[120.68325,18.2851],[120.6833,18.2851],[120.6833,18.28515],[120.6833,18.2852],[120.68355,18.2852],[120.6836,18.28515],[120.68365,18.28515],[120.6837,18.2851],[120.68375,18.2851],[120.6838,18.2851],[120.68385,18.28505],[120.6839,18.28505],[120.68395,18.285],[120.684,18.285],[120.6841,18.28495],[120.68445,18.28495],[120.6849,18.285],[120.68505,18.28495],[120.6855,18.28495],[120.68555,18.285],[120.6856,18.285],[120.6856,18.28505],[120.68565,18.2851],[120.68565,18.28515],[120.6857,18.28515],[120.6857,18.2852],[120.68585,18.2852],[120.68585,18.28515],[120.6859,18.28515],[120.6859,18.2851],[120.68595,18.2851],[120.68595,18.28505],[120.686,18.28505],[120.686,18.285],[120.68605,18.285],[120.6861,18.28495],[120.68615,18.28495],[120.6862,18.2849],[120.68625,18.2849],[120.6863,18.28485],[120.68635,18.2848],[120.6864,18.2848],[120.68645,18.2848],[120.6865,18.2854],[120.68645,18.2854],[120.68635,18.28585],[120.6863,18.28685],[120.6863,18.2869],[120.68625,18.28695],[120.6862,18.287],[120.68615,18.28705],[120.6861,18.28705],[120.6861,18.2871],[120.68605,18.2871],[120.68605,18.28715],[120.686,18.2872],[120.68595,18.28725],[120.68585,18.28725],[120.68575,18.28725],[120.6856,18.2873],[120.68525,18.2873],[120.6852,18.2873],[120.68505,18.2873],[120.685,18.28725],[120.68495,18.28725],[120.6849,18.2872],[120.68485,18.2872],[120.6848,18.28715],[120.68475,18.2871],[120.6847,18.2871],[120.6847,18.287],[120.68475,18.287],[120.68475,18.28695],[120.6848,18.2869],[120.6848,18.2868],[120.68485,18.2868],[120.68485,18.2867],[120.6848,18.28665],[120.6848,18.2866],[120.68485,18.2866],[120.68375,18.2863],[120.68365,18.2863],[120.6839,18.2874],[120.684,18.2874],[120.684,18.28745],[120.68395,18.28745],[120.68395,18.2875],[120.6839,18.2875],[120.6839,18.2877],[120.68385,18.28775],[120.6838,18.2878],[120.68375,18.2878],[120.68375,18.28785],[120.6837,18.28785],[120.6837,18.2879],[120.68365,18.2879],[120.6836,18.2879],[120.68355,18.2879],[120.68345,18.2879],[120.68335,18.28785],[120.68335,18.2878],[120.6833,18.28775],[120.6833,18.2877],[120.68335,18.2877],[120.68335,18.2873],[120.6833,18.28725],[120.6833,18.28715],[120.68335,18.28715],[120.68335,18.28695],[120.6834,18.28695],[120.6834,18.28675],[120.68335,18.28675],[120.68335,18.2867],[120.6833,18.2867],[120.6832,18.2867],[120.68315,18.2867],[120.683,18.2867],[120.6829,18.2867],[120.6829,18.28675],[120.6829,18.28685],[120.68285,18.28695],[120.6829,18.28695],[120.68295,18.287],[120.683,18.28705],[120.68305,18.2871],[120.68305,18.28715],[120.683,18.2872],[120.68295,18.28725],[120.6829,18.28725],[120.6828,18.2873],[120.68275,18.2873],[120.68275,18.28735],[120.6827,18.2874],[120.6827,18.28755],[120.6827,18.28765],[120.68275,18.28765],[120.68275,18.2877],[120.6828,18.2877],[120.6828,18.28775],[120.68285,18.28775],[120.68285,18.2878],[120.6829,18.28785],[120.6829,18.28795],[120.68295,18.28795],[120.68295,18.288],[120.683,18.288],[120.68305,18.28805],[120.6831,18.28805],[120.68315,18.2881],[120.68315,18.28815],[120.6832,18.2882],[120.6832,18.2883],[120.68325,18.2883],[120.68325,18.28835],[120.6833,18.2884],[120.68335,18.28845],[120.6834,18.2885],[120.68335,18.28855],[120.6833,18.2885],[120.68325,18.2885],[120.6832,18.28845],[120.68315,18.28845],[120.6831,18.2884],[120.68305,18.2884],[120.68295,18.28835],[120.6829,18.28835],[120.68285,18.2883],[120.6828,18.2883],[120.68275,18.28825],[120.6827,18.28825],[120.6827,18.2882],[120.68265,18.2882],[120.68265,18.2881],[120.6826,18.2881],[120.68265,18.2877],[120.6826,18.28765],[120.68255,18.28765],[120.68255,18.2876],[120.6825,18.28755],[120.6825,18.2875],[120.68245,18.2875],[120.68245,18.2874],[120.6824,18.2874],[120.6824,18.28735],[120.68235,18.28735],[120.68235,18.2873],[120.6823,18.2873],[120.6823,18.28725],[120.68225,18.28725],[120.68225,18.2872],[120.6822,18.2872],[120.68225,18.2872],[120.68235,18.28685],[120.68235,18.2868],[120.68235,18.28675],[120.6824,18.28675],[120.68265,18.28605],[120.6824,18.2851],[120.68235,18.2851],[120.68185,18.28475],[120.68175,18.28475],[120.6816,18.2844],[120.68165,18.2844],[120.6815,18.28385],[120.68145,18.28385],[120.68115,18.28235],[120.68045,18.28145],[120.6804,18.28145],[120.67935,18.28145],[120.6793,18.28145],[120.67925,18.2813],[120.6792,18.2813],[120.6792,18.28125],[120.67915,18.28125],[120.67915,18.2812],[120.6791,18.2812],[120.67905,18.28115],[120.679,18.28115],[120.679,18.28105],[120.67895,18.28105],[120.6789,18.28075],[120.67885,18.28075],[120.6789,18.28065],[120.67885,18.28065],[120.67875,18.2799],[120.68105,18.27975],[120.68115,18.27975],[120.68115,18.2797],[120.68125,18.2797],[120.68135,18.2796],[120.6814,18.2796],[120.6822,18.2797],[120.68215,18.2797],[120.68215,18.2798],[120.6821,18.2798],[120.68215,18.28065],[120.6832,18.28055],[120.68335,18.28055],[120.68335,18.2805],[120.6834,18.2805],[120.68345,18.28035],[120.6835,18.2802],[120.68355,18.28015]]],[[[120.6942,18.30105],[120.69415,18.301],[120.69415,18.30095],[120.6941,18.3009],[120.69405,18.30085],[120.694,18.30085],[120.694,18.3008],[120.6938,18.30075],[120.6938,18.3007],[120.6938,18.30065],[120.69385,18.30065],[120.6939,18.3006],[120.69395,18.30055],[120.69405,18.3005],[120.69415,18.30045],[120.6942,18.3004],[120.69425,18.3004],[120.6943,18.30035],[120.69435,18.3003],[120.69435,18.30025],[120.6944,18.3002],[120.6944,18.30015],[120.69445,18.30015],[120.69445,18.30005],[120.69445,18.3],[120.6945,18.3],[120.6945,18.2999],[120.69455,18.2999],[120.69455,18.2998],[120.6946,18.2998],[120.6946,18.29975],[120.69465,18.29975],[120.6947,18.2997],[120.69475,18.29965],[120.6948,18.2996],[120.69485,18.29955],[120.6949,18.2995],[120.6949,18.29945],[120.69495,18.29945],[120.69495,18.2994],[120.695,18.29935],[120.69505,18.29935],[120.6953,18.29935],[120.6954,18.2993],[120.69545,18.2993],[120.6955,18.29925],[120.6955,18.2992],[120.6955,18.29915],[120.69555,18.2991],[120.69575,18.2991],[120.69585,18.29915],[120.6959,18.29915],[120.69595,18.2992],[120.696,18.2992],[120.696,18.29925],[120.69605,18.29925],[120.69605,18.2993],[120.6961,18.2993],[120.6961,18.29935],[120.69615,18.29935],[120.69615,18.2994],[120.6962,18.2994],[120.69625,18.2994],[120.6963,18.29935],[120.69635,18.2993],[120.69655,18.2993],[120.6966,18.2993],[120.69665,18.2993],[120.69665,18.29935],[120.6967,18.29935],[120.69675,18.2994],[120.69685,18.2994],[120.6969,18.29935],[120.69695,18.29935],[120.697,18.2993],[120.69705,18.29925],[120.6971,18.29925],[120.69725,18.29925],[120.6973,18.29925],[120.6974,18.2993],[120.6975,18.2993],[120.69755,18.2993],[120.6976,18.2993],[120.69765,18.29925],[120.6977,18.2992],[120.69775,18.29915],[120.69775,18.29905],[120.6978,18.29905],[120.6978,18.29895],[120.69785,18.2989],[120.69785,18.29885],[120.6979,18.29885],[120.69795,18.2989],[120.69795,18.29895],[120.698,18.29895],[120.698,18.299],[120.69805,18.299],[120.69805,18.29905],[120.6981,18.29905],[120.6981,18.2991],[120.69815,18.29915],[120.6981,18.29915],[120.69815,18.2992],[120.6982,18.29925],[120.69825,18.2993],[120.6983,18.2993],[120.69835,18.2993],[120.69835,18.29935],[120.6984,18.29935],[120.6984,18.2994],[120.69845,18.2994],[120.69845,18.29955],[120.6985,18.29955],[120.6985,18.2998],[120.69855,18.2998],[120.69855,18.29985],[120.6985,18.3007],[120.69805,18.30115],[120.69855,18.30135],[120.69855,18.3014],[120.69805,18.3016],[120.697,18.3016],[120.69695,18.30155],[120.69645,18.30155],[120.69635,18.3016],[120.6963,18.3016],[120.6962,18.3016],[120.69605,18.30165],[120.6959,18.3018],[120.69585,18.3018],[120.6958,18.30185],[120.69575,18.30185],[120.6957,18.3019],[120.69565,18.3019],[120.6956,18.30195],[120.6955,18.30195],[120.6952,18.30165],[120.6955,18.3016],[120.69555,18.3016],[120.6956,18.30155],[120.69565,18.30155],[120.6957,18.30155],[120.69575,18.3015],[120.6958,18.30145],[120.69585,18.30145],[120.6959,18.3014],[120.69595,18.3014],[120.696,18.30135],[120.69605,18.3013],[120.69615,18.3007],[120.69605,18.3003],[120.696,18.3003],[120.69595,18.30025],[120.6959,18.30025],[120.69585,18.3002],[120.6958,18.30015],[120.6958,18.29985],[120.6958,18.2998],[120.69585,18.2998],[120.69585,18.2997],[120.69585,18.2996],[120.69585,18.2995],[120.6958,18.2995],[120.6957,18.29945],[120.6956,18.29945],[120.69555,18.2995],[120.69555,18.29955],[120.6955,18.29955],[120.6955,18.29965],[120.69545,18.29965],[120.69545,18.2998],[120.6954,18.2998],[120.6954,18.29995],[120.6954,18.3],[120.69535,18.3],[120.69535,18.3001],[120.69535,18.30015],[120.6953,18.30015],[120.6953,18.3002],[120.6953,18.30025],[120.69525,18.30025],[120.69525,18.3003],[120.6952,18.3003],[120.6951,18.30045],[120.69455,18.30075],[120.69455,18.3007],[120.69415,18.30065],[120.6941,18.30065],[120.69415,18.3009],[120.6942,18.3009],[120.6943,18.301],[120.6942,18.30105]]],[[[120.71025,18.33065],[120.7099,18.3314],[120.71055,18.33325],[120.71075,18.33485],[120.71035,18.3346],[120.7103,18.3346],[120.70965,18.3336],[120.70935,18.3322],[120.70925,18.3322],[120.70885,18.3315],[120.7076,18.3305],[120.70775,18.32885],[120.7076,18.32755],[120.70685,18.3271],[120.70645,18.3264],[120.7064,18.3264],[120.70695,18.32625],[120.70725,18.3269],[120.70725,18.327],[120.70785,18.327],[120.7079,18.327],[120.70795,18.327],[120.70795,18.32725],[120.7087,18.32815],[120.7087,18.329],[120.70975,18.3291],[120.7097,18.3291],[120.70955,18.32975],[120.71045,18.33],[120.7109,18.3297],[120.71115,18.32975],[120.71115,18.3299],[120.711,18.33],[120.71095,18.33],[120.7109,18.3301],[120.7108,18.3301],[120.71075,18.33015],[120.71075,18.3302],[120.71045,18.3305],[120.7104,18.3305],[120.71045,18.3304],[120.71045,18.3303],[120.71035,18.3303],[120.7103,18.33035],[120.71025,18.3304],[120.7102,18.3304],[120.7102,18.33045],[120.7102,18.33055],[120.71025,18.3306],[120.71025,18.33065]]],[[[120.75065,18.28835],[120.7493,18.2897],[120.7488,18.2894],[120.74885,18.2886],[120.7489,18.2886],[120.7493,18.28725],[120.7492,18.28725],[120.74965,18.2862],[120.75145,18.28505],[120.75165,18.2851],[120.7516,18.2851],[120.7516,18.28515],[120.75155,18.28515],[120.75155,18.2852],[120.7515,18.2852],[120.7515,18.28525],[120.7515,18.2853],[120.75145,18.2853],[120.75145,18.28535],[120.75145,18.2854],[120.75145,18.28545],[120.7514,18.28545],[120.7514,18.2855],[120.75135,18.2855],[120.75135,18.28555],[120.7513,18.28555],[120.7513,18.2856],[120.75125,18.2856],[120.75125,18.2857],[120.7513,18.2857],[120.75135,18.28575],[120.7514,18.28575],[120.7514,18.2857],[120.7514,18.28565],[120.75145,18.28565],[120.75145,18.2856],[120.7515,18.2856],[120.7515,18.28555],[120.7515,18.2855],[120.75155,18.2855],[120.75155,18.28545],[120.75155,18.2854],[120.7516,18.2854],[120.7516,18.28535],[120.75165,18.28535],[120.75165,18.2853],[120.75165,18.28525],[120.7517,18.28525],[120.7517,18.2852],[120.7517,18.28515],[120.7517,18.2852],[120.7517,18.28545],[120.75165,18.28545],[120.75165,18.2855],[120.7517,18.2855],[120.7511,18.2864],[120.75105,18.2864],[120.75085,18.28695],[120.7508,18.28695],[120.7508,18.28735],[120.75085,18.28735],[120.75085,18.28755],[120.7507,18.28755],[120.7506,18.28765],[120.75055,18.28765],[120.75055,18.2878],[120.7505,18.2878],[120.7505,18.28785],[120.75055,18.28785],[120.7506,18.28835],[120.75065,18.28835]]],[[[120.7396,18.3277],[120.73955,18.3277],[120.73885,18.32645],[120.7388,18.32645],[120.73875,18.3263],[120.73865,18.3263],[120.73795,18.32585],[120.7377,18.3251],[120.7385,18.32495],[120.73855,18.32495],[120.73885,18.32565],[120.7389,18.32565],[120.73955,18.3259],[120.74045,18.325],[120.7405,18.32495],[120.7406,18.32495],[120.74065,18.3256],[120.74125,18.32655],[120.7409,18.32735],[120.7409,18.3273],[120.74005,18.32705],[120.74,18.32705],[120.7396,18.3277]]],[[[120.67335,18.35645],[120.67335,18.3564],[120.67335,18.35635],[120.6734,18.35635],[120.6734,18.3562],[120.67335,18.3562],[120.67335,18.35615],[120.6733,18.35615],[120.6733,18.3561],[120.67325,18.35605],[120.6732,18.356],[120.67315,18.356],[120.67315,18.35595],[120.6731,18.35595],[120.6731,18.3559],[120.67305,18.3559],[120.67305,18.35585],[120.673,18.35585],[120.67295,18.3558],[120.67295,18.3557],[120.673,18.3557],[120.67305,18.3557],[120.6731,18.3557],[120.67315,18.35575],[120.6732,18.3558],[120.67325,18.35585],[120.6733,18.35585],[120.6733,18.3559],[120.67335,18.3559],[120.67335,18.35595],[120.67345,18.35595],[120.67345,18.3559],[120.6735,18.3559],[120.6735,18.35585],[120.6735,18.3558],[120.67355,18.3558],[120.67355,18.35575],[120.6736,18.35575],[120.6736,18.3557],[120.67365,18.35565],[120.67365,18.35555],[120.6736,18.35555],[120.6736,18.35545],[120.67355,18.35545],[120.67355,18.3554],[120.6735,18.3554],[120.6735,18.35495],[120.67345,18.35495],[120.67335,18.3549],[120.6733,18.3549],[120.67325,18.35485],[120.67315,18.35485],[120.67305,18.3548],[120.673,18.3548],[120.673,18.35475],[120.67295,18.35475],[120.67295,18.3547],[120.6729,18.3547],[120.6729,18.35465],[120.67285,18.35465],[120.6728,18.3546],[120.6728,18.3545],[120.67275,18.3545],[120.67275,18.35445],[120.6727,18.35445],[120.67265,18.3544],[120.6726,18.3544],[120.6726,18.35435],[120.67255,18.35435],[120.6725,18.35435],[120.6725,18.3543],[120.6724,18.3543],[120.6724,18.35435],[120.67235,18.35435],[120.67235,18.3544],[120.6724,18.3544],[120.6724,18.35445],[120.6724,18.35455],[120.67245,18.35455],[120.67245,18.3546],[120.6725,18.3546],[120.6725,18.3548],[120.67255,18.3548],[120.67255,18.3549],[120.6726,18.3549],[120.67275,18.3549],[120.6728,18.3549],[120.6728,18.35495],[120.6728,18.3551],[120.6728,18.3552],[120.6728,18.35555],[120.6728,18.3557],[120.67275,18.3557],[120.67275,18.3558],[120.67275,18.35585],[120.6726,18.35585],[120.6725,18.35585],[120.6725,18.3558],[120.67245,18.3558],[120.6724,18.3558],[120.6724,18.35575],[120.67235,18.35575],[120.6723,18.35575],[120.67225,18.35575],[120.6722,18.35575],[120.672,18.3558],[120.672,18.3559],[120.67195,18.35595],[120.67195,18.356],[120.67195,18.35605],[120.6719,18.35605],[120.6719,18.3561],[120.67185,18.3561],[120.67185,18.35615],[120.6718,18.35615],[120.67175,18.35615],[120.67165,18.35585],[120.67175,18.35585],[120.67175,18.35565],[120.6717,18.35565],[120.6713,18.3548],[120.6713,18.35465],[120.67125,18.35465],[120.67125,18.3546],[120.6712,18.35455],[120.67115,18.3545],[120.671,18.3545],[120.671,18.3547],[120.67105,18.3547],[120.6711,18.3547],[120.6711,18.35475],[120.67105,18.35475],[120.67105,18.3553],[120.671,18.3553],[120.671,18.35525],[120.67095,18.35525],[120.67095,18.3552],[120.6709,18.3552],[120.6709,18.35515],[120.67085,18.35515],[120.67085,18.3551],[120.67085,18.35505],[120.6708,18.35505],[120.6708,18.35495],[120.67075,18.35495],[120.67075,18.3549],[120.6707,18.3549],[120.6707,18.35485],[120.67065,18.35485],[120.67065,18.3548],[120.6706,18.3548],[120.67055,18.3548],[120.67055,18.35475],[120.67045,18.35475],[120.67045,18.3548],[120.6705,18.3548],[120.6705,18.35485],[120.67055,18.35485],[120.67055,18.3549],[120.67055,18.35495],[120.6706,18.35495],[120.6706,18.355],[120.67065,18.355],[120.67065,18.35505],[120.6707,18.35505],[120.6707,18.3551],[120.67075,18.3551],[120.67075,18.35515],[120.6708,18.35515],[120.6708,18.3552],[120.67085,18.3552],[120.67085,18.35525],[120.6709,18.35525],[120.6709,18.3553],[120.67085,18.3553],[120.67085,18.35525],[120.6708,18.35525],[120.6708,18.3552],[120.67075,18.3552],[120.6707,18.3552],[120.6705,18.355],[120.67045,18.355],[120.67015,18.3545],[120.6703,18.3545],[120.67085,18.3542],[120.67085,18.35415],[120.67085,18.3542],[120.6709,18.3542],[120.67095,18.3542],[120.67095,18.35425],[120.671,18.35425],[120.671,18.3543],[120.67105,18.35435],[120.6711,18.3544],[120.67115,18.3544],[120.6712,18.3544],[120.6712,18.35445],[120.67155,18.35405],[120.67155,18.354],[120.67125,18.354],[120.67105,18.3541],[120.67105,18.35415],[120.6711,18.35415],[120.6711,18.3542],[120.67105,18.3542],[120.67105,18.35415],[120.671,18.35415],[120.67095,18.35415],[120.67095,18.3541],[120.6709,18.3541],[120.6709,18.35405],[120.67085,18.35405],[120.67085,18.354],[120.6708,18.354],[120.6708,18.35395],[120.6708,18.3539],[120.67035,18.35335],[120.67075,18.3523],[120.6719,18.35265],[120.67195,18.35265],[120.672,18.35265],[120.6722,18.35275],[120.6723,18.35275],[120.67295,18.3528],[120.673,18.3528],[120.673,18.35285],[120.6731,18.35285],[120.6732,18.35285],[120.6733,18.35285],[120.6733,18.3529],[120.6735,18.3529],[120.67355,18.35295],[120.6737,18.35295],[120.67375,18.353],[120.67385,18.353],[120.6739,18.35305],[120.67395,18.35305],[120.674,18.3531],[120.67405,18.3531],[120.67405,18.35315],[120.6741,18.35315],[120.67415,18.3532],[120.6742,18.3532],[120.67425,18.3532],[120.67425,18.35325],[120.6743,18.35325],[120.6743,18.3533],[120.6743,18.35335],[120.67435,18.35335],[120.67435,18.3534],[120.67435,18.35345],[120.6744,18.35345],[120.6744,18.3535],[120.67445,18.3535],[120.67445,18.35355],[120.6745,18.35355],[120.6745,18.3536],[120.67455,18.3536],[120.67455,18.35365],[120.6746,18.35365],[120.6746,18.3537],[120.67465,18.3537],[120.6747,18.35375],[120.67475,18.35375],[120.67475,18.3538],[120.6748,18.3538],[120.6748,18.35385],[120.67485,18.35385],[120.6749,18.35385],[120.6749,18.3539],[120.67495,18.3539],[120.67495,18.35395],[120.675,18.35395],[120.675,18.354],[120.67505,18.354],[120.67505,18.35405],[120.67505,18.3541],[120.67505,18.35415],[120.6751,18.35415],[120.6751,18.3542],[120.6751,18.35425],[120.67515,18.35425],[120.67515,18.3543],[120.6752,18.3543],[120.6752,18.35435],[120.6752,18.35445],[120.67525,18.35445],[120.67525,18.3545],[120.67525,18.35465],[120.6753,18.35465],[120.6753,18.3547],[120.6753,18.35495],[120.6753,18.355],[120.67525,18.355],[120.67525,18.3551],[120.67525,18.3552],[120.6752,18.3552],[120.6752,18.35525],[120.6752,18.3555],[120.6752,18.35555],[120.67525,18.35555],[120.67525,18.3556],[120.67525,18.35565],[120.6753,18.35565],[120.6753,18.3557],[120.67535,18.3557],[120.6754,18.3557],[120.67545,18.3557],[120.67545,18.35575],[120.6755,18.35575],[120.6755,18.3558],[120.67555,18.3558],[120.6756,18.3559],[120.6756,18.3561],[120.6756,18.35615],[120.67555,18.35615],[120.6755,18.3562],[120.6755,18.35625],[120.67545,18.35625],[120.67545,18.3563],[120.6754,18.3563],[120.6754,18.35635],[120.67535,18.35635],[120.67535,18.3563],[120.67405,18.3564],[120.6739,18.3564],[120.6739,18.35645],[120.6736,18.35645],[120.67355,18.35645],[120.67355,18.3565],[120.6735,18.3565],[120.6735,18.35645],[120.67355,18.35645],[120.67345,18.3564],[120.67335,18.35645]]],[[[120.736,18.34775],[120.735,18.34795],[120.73515,18.34675],[120.73455,18.3462],[120.73455,18.34555],[120.7349,18.3455],[120.73505,18.3456],[120.735,18.34555],[120.7353,18.3458],[120.7353,18.34575],[120.7354,18.3458],[120.7355,18.3459],[120.73555,18.34595],[120.73565,18.34605],[120.736,18.3462],[120.736,18.3463],[120.7364,18.3467],[120.7364,18.34675],[120.7365,18.3474],[120.73645,18.34745],[120.7364,18.3475],[120.736,18.34775]]],[[[120.67775,18.20245],[120.678,18.20145],[120.678,18.2014],[120.67815,18.2013],[120.67795,18.20125],[120.67795,18.2014],[120.67765,18.2009],[120.6776,18.2009],[120.6783,18.20015],[120.67835,18.2019],[120.6789,18.2015],[120.6789,18.2008],[120.6796,18.201],[120.6797,18.20145],[120.67915,18.2019],[120.6791,18.2019],[120.67875,18.20245],[120.6787,18.20245],[120.67865,18.203],[120.6787,18.203],[120.67875,18.2048],[120.6788,18.2048],[120.67915,18.2064],[120.67925,18.2064],[120.6796,18.2074],[120.6802,18.2089],[120.68075,18.2094],[120.68205,18.2095],[120.6833,18.20855],[120.68485,18.20875],[120.68475,18.21005],[120.6851,18.2103],[120.68545,18.2103],[120.68615,18.2102],[120.6862,18.2102],[120.68625,18.2102],[120.68625,18.21025],[120.6863,18.2103],[120.6863,18.21045],[120.68635,18.21045],[120.68635,18.21055],[120.6864,18.2106],[120.6864,18.21065],[120.68645,18.2107],[120.68645,18.211],[120.6864,18.211],[120.6864,18.2112],[120.68645,18.2112],[120.68645,18.2113],[120.6865,18.2113],[120.6865,18.2114],[120.6865,18.21145],[120.68655,18.21145],[120.68655,18.2115],[120.6866,18.21155],[120.68665,18.2116],[120.6867,18.2116],[120.6867,18.21165],[120.68675,18.21165],[120.68685,18.21165],[120.6869,18.2116],[120.6869,18.21155],[120.68695,18.21155],[120.68695,18.21145],[120.687,18.21145],[120.687,18.2111],[120.68695,18.21105],[120.6869,18.211],[120.6869,18.21095],[120.68685,18.21095],[120.68685,18.2107],[120.6869,18.2107],[120.687,18.2107],[120.68705,18.2107],[120.6871,18.21075],[120.68715,18.21075],[120.68715,18.2108],[120.6872,18.2108],[120.68725,18.21085],[120.6873,18.2109],[120.68735,18.2109],[120.68735,18.21095],[120.6874,18.21095],[120.6874,18.211],[120.68745,18.21105],[120.68745,18.2111],[120.68745,18.2118],[120.6875,18.2118],[120.6875,18.21195],[120.68755,18.212],[120.68755,18.2122],[120.6875,18.21225],[120.6875,18.2124],[120.68755,18.21245],[120.68775,18.21245],[120.6878,18.21245],[120.68785,18.2124],[120.6879,18.2124],[120.6879,18.21235],[120.68795,18.21235],[120.688,18.2123],[120.68805,18.21225],[120.68805,18.2122],[120.68805,18.21215],[120.6881,18.21215],[120.6881,18.2121],[120.68815,18.2121],[120.68815,18.21205],[120.6882,18.21205],[120.6882,18.212],[120.68825,18.212],[120.6883,18.21195],[120.68835,18.21195],[120.68845,18.2119],[120.6885,18.2119],[120.6886,18.21195],[120.6887,18.21195],[120.6887,18.212],[120.68875,18.212],[120.68875,18.2123],[120.6887,18.21235],[120.6887,18.2124],[120.68865,18.21245],[120.68865,18.2125],[120.6886,18.21255],[120.6886,18.2126],[120.68855,18.2126],[120.68855,18.21265],[120.6885,18.21265],[120.68845,18.2127],[120.68845,18.21275],[120.6884,18.21275],[120.6884,18.2128],[120.68835,18.2128],[120.6883,18.21285],[120.68825,18.2129],[120.6882,18.2129],[120.68815,18.2129],[120.6871,18.21265],[120.68705,18.21265],[120.68645,18.21265],[120.6864,18.21265],[120.6864,18.21235],[120.68645,18.21235],[120.68645,18.21225],[120.6865,18.21225],[120.6865,18.2122],[120.68655,18.21215],[120.6866,18.2121],[120.68665,18.21205],[120.68665,18.2119],[120.6866,18.21185],[120.68655,18.2118],[120.6865,18.21175],[120.68645,18.2117],[120.68645,18.21165],[120.6864,18.21165],[120.6863,18.2116],[120.6862,18.2116],[120.68605,18.21155],[120.686,18.2115],[120.68595,18.21145],[120.68595,18.2114],[120.6859,18.2114],[120.6859,18.21135],[120.68595,18.2113],[120.68595,18.21125],[120.686,18.21125],[120.686,18.2112],[120.68605,18.21115],[120.68605,18.2111],[120.686,18.21105],[120.686,18.211],[120.68595,18.21095],[120.6859,18.2109],[120.6859,18.21085],[120.68585,18.21085],[120.68585,18.2108],[120.6858,18.21075],[120.6858,18.2107],[120.6857,18.2107],[120.68565,18.21065],[120.6854,18.21065],[120.68535,18.2106],[120.6853,18.2106],[120.68525,18.21055],[120.68515,18.21055],[120.68505,18.21055],[120.685,18.21055],[120.685,18.2106],[120.68495,18.2106],[120.68495,18.21065],[120.6849,18.21065],[120.6849,18.2107],[120.68485,18.21075],[120.68485,18.21095],[120.6849,18.21095],[120.68485,18.2114],[120.6848,18.21145],[120.6848,18.21175],[120.68475,18.2118],[120.6847,18.21185],[120.6847,18.2119],[120.6847,18.21185],[120.6847,18.2118],[120.68355,18.21225],[120.68405,18.21355],[120.68425,18.21355],[120.68485,18.2142],[120.6849,18.2142],[120.68445,18.2152],[120.68445,18.2153],[120.6845,18.2157],[120.6844,18.2157],[120.6839,18.21565],[120.68315,18.2151],[120.68355,18.21475],[120.6836,18.21475],[120.68325,18.2137],[120.6827,18.21305],[120.6826,18.21305],[120.681,18.2113],[120.6807,18.21045],[120.68065,18.21045],[120.68,18.20945],[120.67995,18.20945],[120.6793,18.2085],[120.67925,18.2085],[120.6781,18.2079],[120.678,18.2079],[120.6775,18.2071],[120.67745,18.2071],[120.6765,18.20525],[120.67635,18.20525],[120.67585,18.20505],[120.6758,18.20505],[120.6755,18.2045],[120.67545,18.2045],[120.6756,18.2043],[120.6757,18.2043],[120.67585,18.2041],[120.6759,18.2041],[120.67655,18.20295],[120.6772,18.2028],[120.67775,18.2025],[120.6778,18.20245],[120.67775,18.20245]],[[120.67865,18.2066],[120.6783,18.20385],[120.67845,18.2027],[120.6773,18.203],[120.6769,18.20395],[120.67745,18.2049],[120.6774,18.20615],[120.67805,18.20765],[120.6781,18.2077],[120.67815,18.20775],[120.6782,18.2078],[120.67825,18.20785],[120.6783,18.20785],[120.67835,18.2079],[120.6784,18.20795],[120.67845,18.208],[120.6785,18.20805],[120.67855,18.2081],[120.67865,18.20815],[120.6787,18.2082],[120.67875,18.20825],[120.6788,18.20825],[120.6789,18.2083],[120.67915,18.2083],[120.67925,18.20835],[120.67935,18.2084],[120.6794,18.20845],[120.67945,18.20845],[120.67945,18.2085],[120.6795,18.20855],[120.67955,18.2086],[120.6796,18.20865],[120.67965,18.2087],[120.67965,18.20875],[120.6797,18.2088],[120.67975,18.20885],[120.6798,18.2089],[120.6798,18.20895],[120.67985,18.20895],[120.6799,18.209],[120.6799,18.20905],[120.67995,18.2091],[120.67995,18.20915],[120.68,18.2092],[120.68005,18.20935],[120.68005,18.2094],[120.6801,18.20945],[120.6801,18.2095],[120.68015,18.20955],[120.68035,18.2098],[120.6804,18.20985],[120.68045,18.20995],[120.6805,18.20995],[120.6805,18.21],[120.6805,18.2101],[120.68055,18.2101],[120.68055,18.21015],[120.6806,18.21015],[120.6806,18.2102],[120.6806,18.21025],[120.68065,18.21025],[120.6807,18.21025],[120.6807,18.2103],[120.6807,18.21035],[120.68075,18.21035],[120.68075,18.2104],[120.68075,18.21045],[120.6808,18.21045],[120.6808,18.2105],[120.68085,18.2105],[120.6809,18.2105],[120.6809,18.21055],[120.6809,18.2106],[120.68095,18.2106],[120.68095,18.21065],[120.681,18.21065],[120.681,18.2107],[120.68105,18.2107],[120.68105,18.21075],[120.6811,18.21075],[120.6811,18.2108],[120.68115,18.2108],[120.68115,18.21085],[120.68115,18.211],[120.6812,18.211],[120.6812,18.21115],[120.68125,18.21115],[120.68125,18.2112],[120.68125,18.21125],[120.6813,18.21125],[120.6813,18.2113],[120.6813,18.21135],[120.68135,18.21135],[120.68135,18.2114],[120.68135,18.21145],[120.68135,18.2115],[120.6814,18.2115],[120.6814,18.21155],[120.68145,18.21155],[120.68145,18.2116],[120.68145,18.21165],[120.6815,18.21165],[120.6815,18.2117],[120.68155,18.2117],[120.68155,18.21175],[120.68155,18.2118],[120.6816,18.2118],[120.68165,18.2118],[120.68165,18.21185],[120.68165,18.2119],[120.6817,18.2119],[120.6817,18.21195],[120.68175,18.21195],[120.6818,18.21195],[120.6818,18.212],[120.68185,18.212],[120.68185,18.21205],[120.6819,18.21205],[120.6819,18.2121],[120.68195,18.2121],[120.682,18.2121],[120.682,18.21215],[120.682,18.2122],[120.68205,18.2122],[120.68205,18.21225],[120.6821,18.21225],[120.6821,18.2123],[120.68215,18.2123],[120.6822,18.2123],[120.6822,18.21235],[120.68225,18.21235],[120.68225,18.2124],[120.6823,18.2124],[120.6823,18.21245],[120.68235,18.21245],[120.68235,18.2125],[120.6824,18.2125],[120.6824,18.21255],[120.68245,18.21255],[120.68245,18.2126],[120.6825,18.2126],[120.6825,18.21265],[120.68255,18.21265],[120.68255,18.2127],[120.68255,18.21275],[120.6826,18.21275],[120.6826,18.2128],[120.68265,18.2128],[120.68265,18.21285],[120.6827,18.21285],[120.6827,18.2129],[120.6827,18.21295],[120.68275,18.21295],[120.68275,18.213],[120.6828,18.213],[120.6828,18.21305],[120.68285,18.21305],[120.68285,18.2131],[120.6829,18.2131],[120.6829,18.2132],[120.68295,18.2132],[120.68295,18.21325],[120.683,18.21325],[120.683,18.2133],[120.683,18.21335],[120.68305,18.21335],[120.68305,18.2134],[120.6831,18.2134],[120.6831,18.21345],[120.68315,18.21345],[120.68315,18.2135],[120.6832,18.2135],[120.6832,18.21355],[120.68325,18.21355],[120.68325,18.2136],[120.6833,18.2136],[120.6833,18.21365],[120.68335,18.21365],[120.68335,18.2137],[120.6834,18.2137],[120.68335,18.21375],[120.68335,18.2138],[120.6834,18.2138],[120.6834,18.21385],[120.68345,18.21385],[120.68345,18.2139],[120.6835,18.2139],[120.6835,18.21395],[120.68355,18.21395],[120.68355,18.214],[120.6837,18.21395],[120.6837,18.2139],[120.68375,18.2139],[120.68375,18.2138],[120.6837,18.2138],[120.6837,18.21375],[120.68365,18.21375],[120.68365,18.2137],[120.6836,18.2137],[120.6836,18.21365],[120.68355,18.21365],[120.68355,18.2136],[120.6835,18.2136],[120.6835,18.2135],[120.68345,18.2135],[120.68345,18.21345],[120.68345,18.2133],[120.68345,18.21315],[120.6834,18.21315],[120.6834,18.213],[120.68335,18.21295],[120.68335,18.21285],[120.6833,18.21285],[120.6833,18.21265],[120.68325,18.21265],[120.68325,18.2125],[120.6832,18.21245],[120.6832,18.21235],[120.68315,18.21235],[120.68315,18.2122],[120.6831,18.2122],[120.6831,18.21205],[120.68305,18.212],[120.68305,18.21195],[120.6831,18.2119],[120.6831,18.21175],[120.68315,18.2117],[120.68315,18.21165],[120.6832,18.2116],[120.6832,18.21155],[120.68325,18.2115],[120.68325,18.2114],[120.6833,18.21135],[120.6833,18.21125],[120.68335,18.21125],[120.68335,18.2112],[120.6834,18.21115],[120.68345,18.2111],[120.6835,18.2111],[120.6835,18.21105],[120.68355,18.21105],[120.68355,18.211],[120.6836,18.21095],[120.6836,18.2106],[120.68365,18.21055],[120.68375,18.21055],[120.6838,18.21055],[120.6838,18.2106],[120.68385,18.2106],[120.68385,18.21065],[120.6839,18.21065],[120.6841,18.2107],[120.6841,18.21065],[120.68415,18.2106],[120.68415,18.2105],[120.6842,18.2105],[120.6842,18.21045],[120.68425,18.21045],[120.68425,18.2104],[120.6843,18.21035],[120.6843,18.2103],[120.68435,18.21025],[120.6844,18.2102],[120.6844,18.21015],[120.68445,18.2101],[120.6843,18.2092],[120.68365,18.21],[120.6836,18.21],[120.6836,18.2101],[120.68355,18.2101],[120.6833,18.2101],[120.683,18.2101],[120.68295,18.2101],[120.68295,18.21005],[120.6829,18.21005],[120.6831,18.20965],[120.6831,18.20975],[120.6832,18.2098],[120.68325,18.2098],[120.68315,18.2094],[120.6827,18.20935],[120.6827,18.2094],[120.6825,18.2103],[120.6825,18.2105],[120.68255,18.2105],[120.6826,18.21055],[120.68265,18.2106],[120.6827,18.2106],[120.6827,18.2107],[120.68265,18.2107],[120.6825,18.2107],[120.6823,18.2107],[120.68225,18.2107],[120.6822,18.21075],[120.68215,18.2108],[120.68215,18.2111],[120.6822,18.21115],[120.6822,18.21125],[120.68215,18.2113],[120.6819,18.2113],[120.68185,18.2113],[120.68185,18.21125],[120.6818,18.21125],[120.6818,18.2112],[120.68175,18.2112],[120.68175,18.21115],[120.6817,18.2111],[120.6817,18.21105],[120.68165,18.21105],[120.6816,18.211],[120.6816,18.21095],[120.68155,18.2109],[120.68155,18.21085],[120.6815,18.21085],[120.6815,18.2107],[120.6815,18.2106],[120.68145,18.21055],[120.68145,18.2105],[120.6814,18.2105],[120.6814,18.21045],[120.68135,18.21045],[120.6813,18.2104],[120.68125,18.21035],[120.6812,18.21035],[120.68115,18.2103],[120.6811,18.21025],[120.68105,18.2102],[120.681,18.21015],[120.68095,18.2101],[120.6809,18.2101],[120.6809,18.21005],[120.68085,18.21005],[120.6808,18.21],[120.68085,18.21],[120.6808,18.21],[120.68075,18.20995],[120.6807,18.20995],[120.68065,18.2099],[120.6806,18.20985],[120.68055,18.2098],[120.6805,18.20975],[120.6805,18.2097],[120.68045,18.20965],[120.6804,18.20955],[120.68035,18.2095],[120.6803,18.2094],[120.68025,18.20935],[120.6801,18.209],[120.68005,18.20895],[120.68005,18.2089],[120.68,18.20885],[120.68,18.2088],[120.67995,18.20875],[120.67995,18.2087],[120.6799,18.2086],[120.67985,18.2085],[120.6798,18.20845],[120.67975,18.2084],[120.6797,18.2083],[120.67965,18.2082],[120.6796,18.20815],[120.6796,18.2081],[120.67955,18.20805],[120.6796,18.208],[120.67955,18.208],[120.67955,18.20795],[120.6795,18.2079],[120.6795,18.20785],[120.67945,18.2078],[120.6794,18.2077],[120.67935,18.2076],[120.6793,18.2075],[120.67925,18.20745],[120.6792,18.20735],[120.67865,18.2066]]],[[[120.68845,18.22335],[120.6883,18.224],[120.6871,18.22465],[120.6866,18.22455],[120.68655,18.22455],[120.6865,18.22445],[120.68645,18.22445],[120.6864,18.22445],[120.6857,18.2244],[120.685,18.22365],[120.68515,18.22275],[120.6851,18.22275],[120.68465,18.22215],[120.6853,18.2218],[120.68565,18.22235],[120.6859,18.22235],[120.6862,18.22245],[120.68625,18.22245],[120.6873,18.22295],[120.6883,18.22275],[120.68845,18.2233],[120.68845,18.22335]],[[120.6868,18.2245],[120.68695,18.2245],[120.687,18.2245],[120.687,18.22455],[120.68705,18.22455],[120.68705,18.2245],[120.6871,18.2245],[120.68715,18.2245],[120.68725,18.2245],[120.68725,18.22445],[120.6873,18.22445],[120.68735,18.22445],[120.68745,18.2244],[120.6875,18.2244],[120.6875,18.22435],[120.68755,18.22435],[120.6876,18.22435],[120.68765,18.2243],[120.6877,18.22425],[120.6877,18.22385],[120.68775,18.2238],[120.68775,18.22375],[120.6878,18.22375],[120.68785,18.22375],[120.68785,18.2237],[120.6879,18.22365],[120.68795,18.2236],[120.68795,18.22355],[120.688,18.2235],[120.68795,18.2235],[120.68795,18.22335],[120.68795,18.2233],[120.6879,18.22325],[120.68785,18.22325],[120.68785,18.2232],[120.68755,18.2232],[120.6875,18.22325],[120.6874,18.22325],[120.68735,18.22325],[120.6872,18.2233],[120.6871,18.2233],[120.687,18.22325],[120.6869,18.22325],[120.68685,18.2232],[120.6868,18.2232],[120.68675,18.22315],[120.6867,18.22315],[120.68665,18.22315],[120.68665,18.2231],[120.6866,18.2231],[120.6866,18.22305],[120.68655,18.22305],[120.68655,18.223],[120.6865,18.223],[120.6865,18.22295],[120.68645,18.22295],[120.6864,18.2229],[120.68635,18.2229],[120.68635,18.22285],[120.6863,18.22285],[120.68625,18.22285],[120.68615,18.2228],[120.6861,18.2228],[120.68605,18.22275],[120.68595,18.22275],[120.6858,18.22275],[120.68575,18.22275],[120.6857,18.22275],[120.68565,18.2228],[120.68555,18.2228],[120.6855,18.2228],[120.6855,18.22275],[120.68545,18.22275],[120.68545,18.2226],[120.6854,18.2226],[120.6854,18.22255],[120.6854,18.2225],[120.68535,18.2225],[120.68535,18.22245],[120.6853,18.22245],[120.6853,18.2224],[120.68525,18.2224],[120.68525,18.22235],[120.6852,18.22235],[120.6852,18.2223],[120.68515,18.2223],[120.68515,18.22225],[120.6851,18.22225],[120.6851,18.2222],[120.68505,18.2222],[120.685,18.2222],[120.68495,18.2222],[120.68495,18.22235],[120.685,18.22235],[120.685,18.2224],[120.685,18.22245],[120.68505,18.22245],[120.68505,18.2225],[120.6851,18.2225],[120.6851,18.22255],[120.68515,18.22255],[120.68515,18.2226],[120.6852,18.2226],[120.6852,18.22265],[120.6852,18.2227],[120.68525,18.2227],[120.68525,18.22275],[120.6853,18.2228],[120.6853,18.22285],[120.68535,18.22285],[120.68535,18.2229],[120.6853,18.2229],[120.6853,18.22305],[120.68525,18.2231],[120.68525,18.2234],[120.68525,18.22345],[120.6852,18.22345],[120.6852,18.22375],[120.68525,18.22375],[120.68525,18.2238],[120.68525,18.22385],[120.6853,18.22385],[120.6853,18.2239],[120.68535,18.2239],[120.68535,18.22395],[120.6854,18.22395],[120.6854,18.224],[120.68545,18.224],[120.68545,18.22405],[120.6855,18.22405],[120.6855,18.2241],[120.68555,18.2241],[120.68555,18.22415],[120.6856,18.22415],[120.6856,18.2242],[120.68565,18.2242],[120.6857,18.2242],[120.6857,18.22425],[120.68575,18.22425],[120.6858,18.22425],[120.6858,18.2243],[120.6859,18.2243],[120.68595,18.2243],[120.68605,18.2243],[120.6861,18.2243],[120.6861,18.22435],[120.6862,18.22435],[120.6863,18.22435],[120.6863,18.2244],[120.68635,18.2244],[120.68645,18.22445],[120.68655,18.22445],[120.68665,18.2245],[120.6868,18.2245]]],[[[120.646,18.2118],[120.64565,18.2119],[120.64545,18.2119],[120.64535,18.21175],[120.6454,18.21145],[120.645,18.2108],[120.645,18.21065],[120.64505,18.2106],[120.64515,18.2106],[120.64515,18.21055],[120.6452,18.21055],[120.64525,18.2105],[120.64525,18.21025],[120.64525,18.2102],[120.64525,18.2101],[120.6452,18.21],[120.6452,18.20995],[120.64515,18.2099],[120.6451,18.20985],[120.6451,18.2098],[120.64505,18.2098],[120.645,18.20975],[120.64495,18.20975],[120.64495,18.2097],[120.6449,18.2097],[120.64485,18.20965],[120.64485,18.2096],[120.6449,18.20955],[120.64495,18.2095],[120.64495,18.20945],[120.645,18.2094],[120.645,18.20935],[120.645,18.20925],[120.645,18.2092],[120.645,18.20905],[120.645,18.209],[120.64505,18.20895],[120.6451,18.20895],[120.64515,18.2089],[120.6453,18.2089],[120.6453,18.20895],[120.64535,18.20895],[120.64535,18.209],[120.6454,18.209],[120.64545,18.20905],[120.6455,18.20905],[120.6455,18.209],[120.64555,18.20895],[120.64555,18.2089],[120.6456,18.20885],[120.64565,18.20885],[120.64575,18.20895],[120.64575,18.20875],[120.6458,18.20875],[120.64585,18.2087],[120.6459,18.2087],[120.6459,18.20865],[120.64605,18.20865],[120.6461,18.2087],[120.64615,18.2087],[120.64615,18.20875],[120.64615,18.2089],[120.6461,18.20895],[120.6461,18.209],[120.64605,18.20905],[120.646,18.20905],[120.646,18.2091],[120.6459,18.2091],[120.64565,18.2091],[120.64565,18.20915],[120.6456,18.20915],[120.6456,18.20925],[120.6456,18.2093],[120.6457,18.2093],[120.64575,18.2093],[120.6458,18.2093],[120.64605,18.2093],[120.6461,18.2093],[120.64605,18.20935],[120.64615,18.20935],[120.64635,18.2094],[120.64655,18.2094],[120.64655,18.20945],[120.6467,18.20945],[120.6467,18.2095],[120.6468,18.2095],[120.6468,18.20955],[120.6469,18.20955],[120.6469,18.2096],[120.6471,18.2096],[120.6471,18.20955],[120.64765,18.20955],[120.6477,18.20955],[120.64775,18.20955],[120.64775,18.2095],[120.6478,18.20935],[120.64775,18.20935],[120.64775,18.2093],[120.64765,18.2093],[120.64765,18.20935],[120.64755,18.20935],[120.64745,18.20935],[120.64745,18.2094],[120.6474,18.2094],[120.64705,18.2094],[120.64705,18.20935],[120.64675,18.20935],[120.6467,18.2093],[120.64665,18.2093],[120.6466,18.20925],[120.6466,18.2092],[120.64655,18.20915],[120.64655,18.209],[120.6466,18.20895],[120.6466,18.2089],[120.64665,18.20885],[120.64665,18.2088],[120.6467,18.2088],[120.6467,18.2087],[120.64675,18.2086],[120.64675,18.20855],[120.6468,18.2083],[120.6468,18.20815],[120.6468,18.20805],[120.64685,18.20805],[120.64685,18.208],[120.6469,18.20795],[120.6469,18.2077],[120.64695,18.2077],[120.64695,18.20765],[120.647,18.2076],[120.64705,18.2076],[120.64705,18.20745],[120.64705,18.2074],[120.64705,18.20735],[120.647,18.20735],[120.647,18.2073],[120.64695,18.2073],[120.6469,18.20725],[120.6469,18.2072],[120.6469,18.20715],[120.64695,18.20715],[120.64695,18.2071],[120.647,18.2071],[120.647,18.20705],[120.64705,18.20705],[120.64705,18.207],[120.6471,18.207],[120.6471,18.20695],[120.64715,18.20695],[120.64715,18.2069],[120.6472,18.2069],[120.6472,18.20685],[120.64725,18.20685],[120.64735,18.20685],[120.64735,18.2068],[120.64755,18.2068],[120.64755,18.20685],[120.6477,18.20685],[120.6477,18.2069],[120.6482,18.2069],[120.64825,18.20695],[120.6483,18.20695],[120.64835,18.20695],[120.64835,18.207],[120.6484,18.207],[120.6484,18.20705],[120.64845,18.20705],[120.6485,18.20705],[120.6485,18.2071],[120.6486,18.2071],[120.6486,18.20715],[120.64865,18.20715],[120.6487,18.20715],[120.6487,18.2072],[120.64875,18.2072],[120.6488,18.2072],[120.6488,18.20725],[120.64885,18.20725],[120.6489,18.20725],[120.64895,18.20725],[120.64895,18.2073],[120.649,18.2073],[120.64905,18.2073],[120.6491,18.2073],[120.6491,18.20735],[120.64915,18.20735],[120.6492,18.20735],[120.6492,18.2074],[120.64925,18.2074],[120.6493,18.2074],[120.6493,18.20745],[120.64935,18.20745],[120.6494,18.20745],[120.6494,18.2075],[120.6494,18.20755],[120.64945,18.2076],[120.64945,18.20765],[120.6495,18.20765],[120.6495,18.2077],[120.64955,18.20775],[120.64955,18.2078],[120.6496,18.2078],[120.6496,18.20785],[120.64965,18.2079],[120.64965,18.208],[120.64965,18.20805],[120.6496,18.20815],[120.6496,18.2083],[120.64965,18.20835],[120.64965,18.2084],[120.6497,18.2084],[120.6497,18.20845],[120.6497,18.20855],[120.64975,18.2089],[120.64975,18.20895],[120.6498,18.20895],[120.6498,18.209],[120.64985,18.20905],[120.64985,18.2091],[120.6499,18.20915],[120.6499,18.2092],[120.64995,18.20925],[120.64995,18.2093],[120.65015,18.2093],[120.6502,18.2093],[120.6502,18.20935],[120.6503,18.20935],[120.65035,18.20935],[120.65035,18.2094],[120.6504,18.2094],[120.65045,18.2094],[120.65045,18.20945],[120.6505,18.20945],[120.65055,18.20945],[120.6506,18.20945],[120.6506,18.2095],[120.65055,18.20955],[120.65055,18.2096],[120.6505,18.20965],[120.6505,18.20975],[120.65055,18.20985],[120.65055,18.20995],[120.6506,18.20995],[120.6506,18.21],[120.65065,18.21],[120.65065,18.21005],[120.65065,18.2101],[120.6507,18.2101],[120.6507,18.21015],[120.6508,18.21015],[120.65085,18.2102],[120.651,18.2102],[120.651,18.21025],[120.65105,18.21025],[120.6511,18.21025],[120.65115,18.2103],[120.6512,18.2103],[120.6512,18.21035],[120.65105,18.21035],[120.6509,18.21035],[120.6509,18.2103],[120.6508,18.2103],[120.65075,18.21025],[120.65065,18.21025],[120.6506,18.2102],[120.65045,18.2102],[120.6504,18.21015],[120.65035,18.21015],[120.65035,18.2101],[120.6503,18.2101],[120.6503,18.21005],[120.65025,18.21005],[120.65025,18.21],[120.6502,18.21],[120.6502,18.20995],[120.65015,18.2099],[120.64945,18.2099],[120.64945,18.20995],[120.6491,18.20995],[120.6491,18.2099],[120.64905,18.2099],[120.64905,18.20985],[120.649,18.2098],[120.649,18.20975],[120.649,18.20965],[120.649,18.20955],[120.649,18.20865],[120.64895,18.20855],[120.64895,18.20845],[120.6489,18.20845],[120.6489,18.2084],[120.64885,18.2084],[120.64885,18.20835],[120.64875,18.20835],[120.6487,18.2084],[120.64865,18.2084],[120.6486,18.20845],[120.64855,18.20845],[120.6485,18.2085],[120.64845,18.2085],[120.6484,18.20855],[120.64805,18.20855],[120.648,18.20855],[120.648,18.2085],[120.64765,18.2085],[120.64765,18.20845],[120.6476,18.20845],[120.6476,18.2084],[120.64755,18.2084],[120.6475,18.20835],[120.64745,18.2083],[120.6474,18.2083],[120.6474,18.20825],[120.6473,18.20825],[120.6473,18.2082],[120.6472,18.2082],[120.6472,18.20825],[120.64715,18.2083],[120.6471,18.20855],[120.64715,18.20855],[120.64715,18.20875],[120.6471,18.20875],[120.6471,18.2088],[120.64705,18.20885],[120.64705,18.2089],[120.647,18.209],[120.647,18.20905],[120.64705,18.20905],[120.64705,18.2091],[120.64725,18.2091],[120.64725,18.20915],[120.64805,18.2089],[120.64805,18.20885],[120.6481,18.2089],[120.6483,18.2089],[120.6483,18.20895],[120.6484,18.20895],[120.6484,18.209],[120.64845,18.20905],[120.6485,18.2091],[120.6485,18.20915],[120.64855,18.2092],[120.64855,18.2093],[120.6486,18.20955],[120.6486,18.2097],[120.6486,18.2099],[120.64855,18.21005],[120.64855,18.2101],[120.6485,18.21015],[120.64845,18.2102],[120.64845,18.21025],[120.6484,18.2103],[120.6484,18.21035],[120.6484,18.2104],[120.64835,18.21045],[120.6483,18.2105],[120.64825,18.21055],[120.6481,18.21055],[120.64805,18.2105],[120.648,18.21045],[120.648,18.2104],[120.64805,18.2103],[120.64805,18.2101],[120.648,18.21005],[120.64795,18.21],[120.6479,18.21],[120.6479,18.20995],[120.6477,18.20995],[120.6477,18.21],[120.64765,18.21],[120.6476,18.21],[120.64755,18.21],[120.64755,18.21005],[120.6475,18.21005],[120.6475,18.2101],[120.64745,18.2101],[120.6474,18.21015],[120.64735,18.21015],[120.6473,18.2102],[120.6472,18.2102],[120.6472,18.21025],[120.647,18.21025],[120.647,18.2102],[120.64685,18.2102],[120.6468,18.21015],[120.6467,18.21015],[120.6467,18.2101],[120.64665,18.2101],[120.6466,18.21005],[120.64655,18.21005],[120.64655,18.21],[120.64645,18.21],[120.64645,18.20995],[120.6462,18.20995],[120.6462,18.21005],[120.64625,18.2101],[120.64625,18.21015],[120.6463,18.21015],[120.6463,18.2102],[120.64635,18.2102],[120.64635,18.21025],[120.6464,18.2103],[120.6464,18.21035],[120.64645,18.21035],[120.64645,18.2104],[120.6467,18.2111],[120.6466,18.2114],[120.6466,18.21135],[120.6466,18.2113],[120.64615,18.21105],[120.64595,18.21175],[120.646,18.21175],[120.646,18.2118]]],[[[120.6835,18.20245],[120.68345,18.20245],[120.68215,18.20225],[120.6821,18.20225],[120.6823,18.20175],[120.68135,18.20105],[120.6814,18.20055],[120.6822,18.1999],[120.68205,18.19935],[120.6818,18.19945],[120.68175,18.19945],[120.68175,18.1994],[120.6815,18.1994],[120.68105,18.1995],[120.68105,18.19955],[120.6808,18.19975],[120.68075,18.19975],[120.68075,18.1998],[120.6807,18.1998],[120.6807,18.19985],[120.68075,18.19985],[120.68075,18.2001],[120.6808,18.2001],[120.6812,18.2004],[120.68135,18.2004],[120.68095,18.20105],[120.6814,18.2017],[120.6813,18.2016],[120.6813,18.20155],[120.6805,18.20155],[120.6803,18.20155],[120.68035,18.20135],[120.6804,18.2013],[120.68055,18.2001],[120.68055,18.20005],[120.6805,18.19985],[120.68045,18.1997],[120.6803,18.19915],[120.68065,18.1988],[120.6808,18.19835],[120.68115,18.198],[120.68135,18.1976],[120.682,18.19745],[120.68155,18.1971],[120.68155,18.1965],[120.6818,18.19625],[120.68185,18.19555],[120.6826,18.1951],[120.68255,18.1961],[120.68345,18.1971],[120.68395,18.19705],[120.68465,18.19785],[120.684,18.19845],[120.6832,18.1982],[120.68235,18.1993],[120.683,18.1998],[120.6827,18.2009],[120.6832,18.20165],[120.68385,18.2018],[120.6838,18.20185],[120.6837,18.202],[120.6835,18.20245]]],[[[120.67595,18.16365],[120.67625,18.1625],[120.6764,18.1625],[120.6764,18.16255],[120.6766,18.16395],[120.6773,18.1635],[120.67825,18.16385],[120.6783,18.1639],[120.67835,18.16445],[120.67835,18.16455],[120.6783,18.16465],[120.6783,18.16485],[120.67835,18.1649],[120.6784,18.16495],[120.67845,18.165],[120.67845,18.16505],[120.6785,18.1651],[120.67855,18.16515],[120.6786,18.1652],[120.67865,18.16525],[120.6787,18.1653],[120.6787,18.16535],[120.67875,18.1654],[120.6788,18.1654],[120.6788,18.16545],[120.67885,18.1655],[120.679,18.1655],[120.67895,18.1653],[120.6789,18.16525],[120.67885,18.16525],[120.6788,18.1652],[120.67875,18.16505],[120.6787,18.165],[120.67865,18.16495],[120.67855,18.1649],[120.6785,18.1649],[120.6785,18.16465],[120.6785,18.16445],[120.6785,18.16415],[120.6785,18.1641],[120.67845,18.164],[120.67875,18.16365],[120.6802,18.16435],[120.68085,18.16495],[120.6808,18.16565],[120.6821,18.1678],[120.6821,18.1693],[120.6833,18.1705],[120.68425,18.16975],[120.68435,18.1703],[120.6842,18.1705],[120.68335,18.17095],[120.6837,18.1718],[120.6838,18.17165],[120.68375,18.17305],[120.6836,18.1731],[120.68355,18.1731],[120.6825,18.1722],[120.68245,18.1722],[120.68195,18.17135],[120.6819,18.17135],[120.6811,18.1701],[120.6807,18.16885],[120.6795,18.167],[120.6795,18.1666],[120.67945,18.1666],[120.67775,18.1642],[120.67735,18.1642],[120.67705,18.16405],[120.6769,18.1644],[120.67685,18.1644],[120.6762,18.16425],[120.67615,18.16425],[120.6759,18.164],[120.67595,18.16365]]],[[[120.51395,18.08465],[120.5138,18.0847],[120.51375,18.0847],[120.5137,18.08465],[120.51365,18.0846],[120.5136,18.0846],[120.51355,18.0846],[120.51355,18.08455],[120.5135,18.08455],[120.5135,18.0845],[120.51345,18.08445],[120.51345,18.0844],[120.5134,18.0844],[120.5134,18.08435],[120.51345,18.08435],[120.5134,18.0843],[120.5134,18.08425],[120.5134,18.0841],[120.51335,18.0841],[120.51335,18.0839],[120.5134,18.08385],[120.5134,18.08375],[120.5134,18.0837],[120.51345,18.0837],[120.51345,18.0836],[120.5135,18.08355],[120.5135,18.0835],[120.51355,18.08345],[120.51355,18.0834],[120.5136,18.0834],[120.5136,18.08335],[120.51365,18.08335],[120.51365,18.0833],[120.5137,18.0833],[120.5137,18.08325],[120.51375,18.08325],[120.5138,18.08325],[120.5138,18.0832],[120.51385,18.08315],[120.51385,18.0831],[120.5139,18.08305],[120.51395,18.08305],[120.5143,18.08305],[120.5144,18.0831],[120.5145,18.0831],[120.51455,18.0831],[120.5146,18.08315],[120.5147,18.0833],[120.51465,18.08335],[120.51465,18.0835],[120.5147,18.08355],[120.5147,18.08385],[120.5147,18.08405],[120.5147,18.0844],[120.51465,18.0844],[120.51465,18.08445],[120.5146,18.08445],[120.5146,18.0845],[120.51455,18.0845],[120.5145,18.08455],[120.51445,18.0846],[120.5144,18.0846],[120.51435,18.08465],[120.51415,18.08465],[120.51395,18.08465]]]]}},{"type":"Feature","properties":{"source":"Project NOAH / UP Resilience Institute Landslide Hazard Maps","province":"Ilocos Norte","municipality":"Laoag City","hazard":"Rain-induced landslide","lh":3,"hazard_label":"High Hazard","susceptibility":"High susceptibility","action_guidance":"No dwelling zone","color":"#15803d","fillColor":"#15803d","attribution":"Project NOAH / UP Resilience Institute landslide hazard shapefiles, WGS84","geometry_note":"Clipped to the local Laoag City operating boundary and lightly generalized for browser performance."},"geometry":{"type":"MultiPolygon","coordinates":[[[[120.75355,18.20215],[120.75355,18.2163],[120.7533,18.21595],[120.75355,18.21465],[120.7531,18.21405],[120.75305,18.21405],[120.7526,18.2128],[120.7518,18.2127],[120.75195,18.2119],[120.75205,18.2118],[120.75205,18.2115],[120.7521,18.2115],[120.75215,18.21145],[120.75215,18.21135],[120.7522,18.21135],[120.7527,18.211],[120.7521,18.21085],[120.75205,18.21085],[120.752,18.2109],[120.75195,18.21095],[120.75175,18.2109],[120.75175,18.2111],[120.7518,18.2111],[120.7518,18.21105],[120.75195,18.21125],[120.7519,18.21125],[120.75185,18.2113],[120.7518,18.2113],[120.7518,18.21125],[120.7518,18.2112],[120.75175,18.2112],[120.75175,18.21115],[120.7517,18.21115],[120.7517,18.2112],[120.7516,18.2112],[120.75145,18.21145],[120.7514,18.21145],[120.75055,18.2112],[120.75055,18.2105],[120.7499,18.2091],[120.7499,18.209],[120.74995,18.209],[120.75,18.209],[120.75,18.2089],[120.75005,18.2089],[120.7501,18.2089],[120.75025,18.2086],[120.75025,18.20855],[120.7503,18.20855],[120.7503,18.2085],[120.75035,18.2085],[120.7504,18.2085],[120.7505,18.20835],[120.75055,18.20835],[120.75055,18.2083],[120.7506,18.2083],[120.75065,18.2083],[120.75065,18.20825],[120.75065,18.2082],[120.7507,18.2082],[120.75075,18.2082],[120.75075,18.20815],[120.7508,18.20815],[120.7508,18.2081],[120.7509,18.2081],[120.7509,18.20805],[120.751,18.20805],[120.75105,18.20795],[120.75115,18.20795],[120.75055,18.2079],[120.75025,18.20805],[120.7502,18.20805],[120.7502,18.2081],[120.74995,18.20835],[120.74995,18.2084],[120.7497,18.2086],[120.74965,18.2086],[120.74945,18.2086],[120.74945,18.20865],[120.7495,18.20865],[120.7495,18.2087],[120.7494,18.20865],[120.7493,18.20865],[120.7493,18.2086],[120.74925,18.2086],[120.74925,18.20855],[120.7493,18.2082],[120.7494,18.2079],[120.74945,18.2079],[120.74945,18.20785],[120.74945,18.2078],[120.7495,18.2078],[120.7495,18.20775],[120.7495,18.20765],[120.74955,18.20765],[120.74955,18.2076],[120.74955,18.2075],[120.75025,18.206],[120.7503,18.206],[120.7503,18.2059],[120.75035,18.2059],[120.75035,18.20585],[120.7504,18.20585],[120.7504,18.2058],[120.75045,18.2053],[120.75045,18.20495],[120.75045,18.2049],[120.75065,18.20495],[120.7507,18.20495],[120.75075,18.205],[120.751,18.20565],[120.751,18.2057],[120.75105,18.2057],[120.75105,18.20575],[120.7511,18.20575],[120.7511,18.20585],[120.75115,18.20585],[120.75115,18.2059],[120.75125,18.20595],[120.75175,18.2061],[120.7518,18.2061],[120.7521,18.20585],[120.7516,18.2054],[120.7514,18.20475],[120.75135,18.20475],[120.7513,18.20425],[120.75135,18.20425],[120.7495,18.20335],[120.7492,18.20225],[120.74935,18.2012],[120.74915,18.19995],[120.7492,18.19995],[120.7492,18.1999],[120.75005,18.19965],[120.7501,18.19965],[120.75025,18.19965],[120.7505,18.2],[120.75055,18.2],[120.7509,18.2007],[120.75095,18.2007],[120.75095,18.20075],[120.751,18.20075],[120.7511,18.2008],[120.7511,18.20075],[120.7511,18.2007],[120.75115,18.2007],[120.75115,18.2006],[120.75225,18.20055],[120.7525,18.20125],[120.7525,18.2013],[120.75245,18.20135],[120.7529,18.2022],[120.7534,18.20235],[120.75345,18.20225],[120.7535,18.20225],[120.75355,18.20215]]],[[[120.75355,18.22095],[120.75355,18.2288],[120.7534,18.22895],[120.75335,18.22895],[120.75255,18.22985],[120.75255,18.23005],[120.7526,18.2301],[120.75265,18.2301],[120.75265,18.23005],[120.7527,18.23005],[120.7527,18.23],[120.75275,18.23],[120.7528,18.23],[120.7529,18.23],[120.75325,18.22995],[120.7533,18.22995],[120.7533,18.2299],[120.75335,18.2299],[120.75355,18.22995],[120.75355,18.23425],[120.7534,18.23425],[120.7533,18.2344],[120.75325,18.2344],[120.75285,18.23475],[120.75275,18.23475],[120.75275,18.2347],[120.75275,18.23455],[120.75235,18.23465],[120.7522,18.23495],[120.75215,18.23495],[120.75215,18.2349],[120.75195,18.2349],[120.75195,18.23485],[120.75185,18.23485],[120.75165,18.23445],[120.75165,18.2343],[120.75165,18.23425],[120.75165,18.2342],[120.7517,18.23415],[120.75245,18.2334],[120.75245,18.23335],[120.75245,18.23325],[120.7525,18.23325],[120.7525,18.2332],[120.7525,18.23315],[120.75285,18.23305],[120.7529,18.23305],[120.7529,18.2331],[120.75295,18.2331],[120.75295,18.23315],[120.753,18.23315],[120.75305,18.23315],[120.75305,18.2332],[120.7531,18.2332],[120.75315,18.2332],[120.75315,18.2333],[120.7532,18.2333],[120.75325,18.2334],[120.75335,18.2334],[120.7534,18.2334],[120.75345,18.2334],[120.75315,18.2332],[120.7531,18.23295],[120.75305,18.23295],[120.7531,18.23295],[120.7531,18.2328],[120.75315,18.2328],[120.7529,18.23245],[120.7528,18.23245],[120.75275,18.23245],[120.7519,18.2323],[120.7519,18.2324],[120.75185,18.2324],[120.75195,18.23265],[120.752,18.23265],[120.752,18.2328],[120.7519,18.2328],[120.7518,18.2328],[120.75175,18.2328],[120.75175,18.2329],[120.7517,18.2329],[120.7517,18.23305],[120.75165,18.2331],[120.75145,18.2333],[120.7508,18.23255],[120.7508,18.2325],[120.75045,18.2325],[120.7502,18.2323],[120.75015,18.2323],[120.75015,18.23225],[120.7501,18.23225],[120.7501,18.2321],[120.75015,18.2321],[120.7507,18.232],[120.7507,18.2321],[120.75075,18.2321],[120.75075,18.23215],[120.75085,18.23215],[120.75085,18.2322],[120.75095,18.2322],[120.75115,18.23225],[120.75045,18.23165],[120.75025,18.2309],[120.7502,18.2309],[120.75005,18.2303],[120.75,18.2303],[120.75,18.23025],[120.75,18.2302],[120.74985,18.2302],[120.7493,18.23015],[120.7482,18.23035],[120.74815,18.23035],[120.74735,18.2305],[120.7473,18.2305],[120.7472,18.2308],[120.74725,18.23085],[120.74765,18.2311],[120.74765,18.23115],[120.74795,18.2318],[120.7477,18.2318],[120.7477,18.2321],[120.74765,18.2321],[120.747,18.23265],[120.7468,18.23355],[120.74675,18.23355],[120.7468,18.23355],[120.74715,18.2348],[120.747,18.2348],[120.74665,18.23465],[120.74665,18.2346],[120.74645,18.2346],[120.74615,18.23485],[120.74605,18.23485],[120.74495,18.23495],[120.74495,18.2349],[120.7449,18.2349],[120.74495,18.23495],[120.74465,18.23555],[120.7446,18.2356],[120.74465,18.2356],[120.74435,18.236],[120.7443,18.236],[120.7443,18.23605],[120.74425,18.23605],[120.74425,18.2361],[120.7443,18.23675],[120.74425,18.23675],[120.74425,18.23745],[120.7451,18.2398],[120.74655,18.2395],[120.7471,18.23935],[120.7474,18.238],[120.7475,18.238],[120.7475,18.23805],[120.74845,18.2381],[120.7485,18.2381],[120.7489,18.23765],[120.74885,18.23765],[120.74905,18.23735],[120.74905,18.23725],[120.74905,18.23645],[120.74905,18.2362],[120.74905,18.23595],[120.749,18.236],[120.7489,18.236],[120.7489,18.23595],[120.74885,18.23595],[120.74885,18.2359],[120.74875,18.2359],[120.74875,18.23585],[120.7487,18.2358],[120.7482,18.2358],[120.74805,18.2357],[120.74805,18.2356],[120.74865,18.2347],[120.7487,18.2347],[120.74955,18.23455],[120.75085,18.2351],[120.7511,18.23485],[120.75135,18.23485],[120.75235,18.2356],[120.7524,18.2356],[120.75355,18.2362],[120.75355,18.2428],[120.75315,18.2416],[120.75305,18.2416],[120.7524,18.2418],[120.7529,18.2429],[120.7526,18.24325],[120.7525,18.24325],[120.7525,18.2432],[120.75245,18.2432],[120.75215,18.2434],[120.75215,18.24345],[120.7517,18.24405],[120.7511,18.24305],[120.7511,18.24295],[120.74935,18.2437],[120.74965,18.2437],[120.74975,18.24385],[120.74985,18.24385],[120.75055,18.2447],[120.7505,18.2447],[120.74925,18.24485],[120.74915,18.24485],[120.7483,18.24545],[120.74715,18.245],[120.7471,18.245],[120.7471,18.24505],[120.747,18.24505],[120.74615,18.24545],[120.7461,18.24545],[120.7461,18.2455],[120.74605,18.2455],[120.74535,18.2455],[120.7453,18.2455],[120.7452,18.2455],[120.74525,18.2455],[120.7454,18.2461],[120.74535,18.2462],[120.74535,18.24695],[120.74535,18.247],[120.7449,18.2481],[120.74485,18.24815],[120.7448,18.24825],[120.74465,18.24835],[120.74455,18.2485],[120.7443,18.2485],[120.7441,18.2484],[120.74405,18.2484],[120.744,18.2477],[120.74395,18.2477],[120.7438,18.24765],[120.74375,18.24765],[120.7435,18.2479],[120.74345,18.2479],[120.7433,18.248],[120.74325,18.24805],[120.7431,18.24815],[120.74315,18.24815],[120.74305,18.2486],[120.74275,18.2486],[120.74285,18.2503],[120.745,18.2501],[120.746,18.25075],[120.7466,18.25175],[120.74735,18.2523],[120.74705,18.2531],[120.74835,18.25285],[120.7484,18.25285],[120.74855,18.2527],[120.7485,18.2527],[120.74825,18.2519],[120.7483,18.2519],[120.749,18.2511],[120.7491,18.2511],[120.7495,18.25125],[120.74955,18.25125],[120.75005,18.25095],[120.7501,18.25095],[120.7511,18.25125],[120.7511,18.25135],[120.75115,18.2514],[120.75095,18.25185],[120.7491,18.2524],[120.74905,18.2524],[120.74905,18.2525],[120.74895,18.2527],[120.7489,18.2528],[120.74885,18.2528],[120.7488,18.25295],[120.74885,18.25295],[120.74885,18.25305],[120.7489,18.2531],[120.74895,18.2531],[120.74895,18.25305],[120.749,18.25305],[120.749,18.253],[120.74905,18.253],[120.74905,18.25295],[120.7491,18.25295],[120.74925,18.25295],[120.74925,18.25315],[120.74945,18.25355],[120.74945,18.2537],[120.7469,18.25465],[120.74685,18.25465],[120.7468,18.2546],[120.74675,18.2546],[120.74675,18.25455],[120.7467,18.25455],[120.7467,18.25435],[120.74675,18.25395],[120.7468,18.25395],[120.7468,18.2539],[120.7468,18.25375],[120.7465,18.2536],[120.7464,18.25355],[120.7458,18.2538],[120.74565,18.2538],[120.74505,18.25435],[120.7442,18.25385],[120.74415,18.25385],[120.74425,18.2544],[120.7443,18.2544],[120.74425,18.25455],[120.7438,18.2549],[120.74365,18.2549],[120.74365,18.25485],[120.7434,18.25475],[120.7434,18.2547],[120.74335,18.25465],[120.7433,18.25465],[120.743,18.25585],[120.74295,18.2559],[120.7429,18.25595],[120.7428,18.25595],[120.74205,18.25565],[120.7421,18.25505],[120.74215,18.25505],[120.7421,18.25405],[120.7421,18.2538],[120.7417,18.25375],[120.7417,18.2538],[120.7416,18.25385],[120.7412,18.2542],[120.7412,18.25425],[120.74095,18.25425],[120.7406,18.25345],[120.7405,18.25345],[120.74015,18.25315],[120.7401,18.25315],[120.7399,18.2534],[120.73985,18.2534],[120.73985,18.25335],[120.7398,18.25335],[120.73985,18.2534],[120.73975,18.2536],[120.73965,18.2536],[120.73915,18.25395],[120.73895,18.25395],[120.73885,18.25405],[120.7388,18.25405],[120.7388,18.2545],[120.7387,18.2545],[120.7386,18.25445],[120.73855,18.25445],[120.73825,18.25415],[120.73805,18.25415],[120.7379,18.254],[120.73785,18.254],[120.73775,18.25385],[120.7377,18.25385],[120.7378,18.2533],[120.73785,18.2533],[120.73735,18.2524],[120.73795,18.25165],[120.7384,18.2517],[120.73855,18.2516],[120.7386,18.2516],[120.73995,18.25105],[120.74015,18.25005],[120.74005,18.24955],[120.73905,18.2494],[120.73845,18.24885],[120.73775,18.2487],[120.73775,18.24875],[120.73775,18.24895],[120.7378,18.24895],[120.73825,18.2498],[120.7383,18.2498],[120.73835,18.2499],[120.73835,18.25015],[120.7371,18.2506],[120.73695,18.2523],[120.7357,18.25295],[120.73565,18.25295],[120.73555,18.25295],[120.73535,18.25345],[120.7354,18.25345],[120.73535,18.25375],[120.7353,18.25375],[120.73445,18.2536],[120.7344,18.2536],[120.7343,18.25365],[120.73435,18.25365],[120.7345,18.25395],[120.7345,18.254],[120.7346,18.25405],[120.73465,18.25405],[120.73465,18.25475],[120.7346,18.25475],[120.73365,18.25515],[120.73295,18.25495],[120.733,18.2541],[120.733,18.25405],[120.7335,18.25345],[120.73355,18.25345],[120.73355,18.25335],[120.7334,18.2526],[120.7332,18.2526],[120.7322,18.253],[120.73215,18.2539],[120.73195,18.2547],[120.73135,18.25485],[120.7313,18.25485],[120.7313,18.25475],[120.7313,18.25435],[120.73135,18.25375],[120.7314,18.25375],[120.7315,18.2536],[120.7315,18.2535],[120.73165,18.25295],[120.7317,18.2528],[120.73185,18.25255],[120.73185,18.2525],[120.7319,18.2525],[120.7319,18.25205],[120.7318,18.252],[120.73175,18.252],[120.731,18.2523],[120.73075,18.2526],[120.73045,18.25325],[120.72975,18.25335],[120.7294,18.252],[120.72995,18.25085],[120.72995,18.2505],[120.72995,18.25045],[120.73,18.25045],[120.7303,18.25025],[120.73035,18.25025],[120.73035,18.2503],[120.73085,18.2501],[120.73225,18.2504],[120.73225,18.25045],[120.7323,18.25045],[120.7326,18.2513],[120.73265,18.2513],[120.7327,18.25175],[120.73275,18.25175],[120.73275,18.2517],[120.7328,18.2517],[120.7328,18.25165],[120.73285,18.25165],[120.73285,18.25155],[120.73295,18.2515],[120.733,18.2515],[120.7331,18.25135],[120.7331,18.25075],[120.7331,18.25065],[120.73315,18.25065],[120.7333,18.25035],[120.7334,18.25035],[120.73355,18.25035],[120.73335,18.2498],[120.73335,18.24975],[120.7333,18.24975],[120.7333,18.2497],[120.7335,18.24955],[120.7336,18.24955],[120.73375,18.24945],[120.7338,18.24945],[120.7341,18.2488],[120.7336,18.24875],[120.73245,18.2487],[120.7317,18.24825],[120.7317,18.2477],[120.73195,18.2472],[120.73195,18.2469],[120.73195,18.2468],[120.73195,18.2467],[120.7319,18.2467],[120.7319,18.2466],[120.7316,18.24685],[120.7315,18.24685],[120.7312,18.24765],[120.731,18.24765],[120.7309,18.2475],[120.7309,18.24725],[120.73075,18.24725],[120.7306,18.2464],[120.73055,18.2464],[120.73025,18.24595],[120.7302,18.24595],[120.73035,18.2449],[120.73115,18.24445],[120.7312,18.24445],[120.73115,18.2448],[120.7312,18.2448],[120.7312,18.245],[120.73125,18.245],[120.73205,18.24535],[120.73205,18.24525],[120.732,18.24525],[120.732,18.2452],[120.732,18.2451],[120.73205,18.24475],[120.73205,18.2447],[120.7322,18.243],[120.7311,18.24225],[120.73105,18.2422],[120.73105,18.24165],[120.73105,18.24155],[120.7312,18.24145],[120.7313,18.24145],[120.73155,18.2414],[120.7317,18.2414],[120.7318,18.24175],[120.73185,18.24175],[120.7327,18.24115],[120.73275,18.24115],[120.7328,18.24075],[120.73285,18.24075],[120.73285,18.2406],[120.73285,18.24055],[120.7329,18.2404],[120.73295,18.2402],[120.73295,18.2401],[120.733,18.2401],[120.733,18.24005],[120.7329,18.23975],[120.73285,18.23975],[120.7331,18.2392],[120.73315,18.2392],[120.7339,18.239],[120.73395,18.239],[120.734,18.23955],[120.73395,18.23955],[120.73375,18.23965],[120.73375,18.2397],[120.7336,18.2397],[120.7332,18.2399],[120.73315,18.2399],[120.7335,18.24015],[120.7337,18.24005],[120.7339,18.23995],[120.7345,18.24005],[120.7349,18.2405],[120.73525,18.24015],[120.73535,18.24015],[120.7363,18.2399],[120.7366,18.24065],[120.73655,18.24065],[120.73625,18.24195],[120.7353,18.2427],[120.7353,18.24275],[120.7352,18.24285],[120.7352,18.2429],[120.73485,18.24325],[120.7349,18.24325],[120.73495,18.24335],[120.7349,18.24335],[120.73485,18.2438],[120.7348,18.2438],[120.7344,18.2451],[120.73465,18.2451],[120.7357,18.24445],[120.7367,18.2445],[120.7368,18.2445],[120.73725,18.24405],[120.7387,18.244],[120.73865,18.24345],[120.7386,18.24345],[120.73855,18.243],[120.73855,18.2428],[120.7385,18.2428],[120.7385,18.2427],[120.73785,18.2423],[120.73715,18.24075],[120.7379,18.2396],[120.73875,18.23975],[120.73915,18.2393],[120.73915,18.23925],[120.73915,18.2392],[120.7392,18.2392],[120.73925,18.2392],[120.73925,18.2391],[120.7393,18.239],[120.73965,18.2387],[120.7397,18.2387],[120.7397,18.23865],[120.73975,18.23865],[120.7398,18.23865],[120.7398,18.2386],[120.7399,18.2386],[120.74085,18.2379],[120.7409,18.23795],[120.7409,18.238],[120.74095,18.2382],[120.741,18.2382],[120.74075,18.2387],[120.7406,18.2387],[120.74075,18.23915],[120.7408,18.23915],[120.7409,18.2396],[120.7424,18.23975],[120.74295,18.2402],[120.7432,18.2402],[120.74455,18.2401],[120.7445,18.2401],[120.74435,18.23965],[120.7445,18.23965],[120.7449,18.23965],[120.7449,18.2397],[120.74495,18.2397],[120.7449,18.23965],[120.7447,18.23935],[120.74465,18.23935],[120.74455,18.2393],[120.74455,18.23925],[120.74445,18.23915],[120.7444,18.2391],[120.74435,18.2391],[120.74435,18.23905],[120.7443,18.23905],[120.74425,18.2389],[120.7442,18.2389],[120.7442,18.23885],[120.7441,18.23875],[120.74405,18.23875],[120.74405,18.2387],[120.74385,18.23855],[120.7438,18.2385],[120.74375,18.23835],[120.74365,18.23815],[120.7436,18.23815],[120.7436,18.238],[120.7436,18.23795],[120.74355,18.23795],[120.74355,18.2378],[120.7435,18.2378],[120.7435,18.23745],[120.74345,18.237],[120.74345,18.2369],[120.74325,18.2355],[120.74365,18.23485],[120.7436,18.2345],[120.74355,18.2345],[120.74355,18.2344],[120.74355,18.23435],[120.74345,18.23425],[120.74345,18.23415],[120.74345,18.2341],[120.7434,18.2341],[120.7434,18.23395],[120.744,18.23325],[120.74415,18.23325],[120.74425,18.23325],[120.7443,18.23325],[120.74435,18.23325],[120.7444,18.2333],[120.74445,18.2333],[120.7445,18.23325],[120.74455,18.23325],[120.7446,18.23325],[120.7446,18.2332],[120.74465,18.2332],[120.7447,18.2332],[120.74475,18.2331],[120.7448,18.2331],[120.745,18.2328],[120.74495,18.2328],[120.74495,18.23275],[120.74495,18.2327],[120.7448,18.2326],[120.7446,18.2326],[120.744,18.2325],[120.74395,18.2325],[120.7439,18.2324],[120.7436,18.2315],[120.7437,18.2303],[120.74395,18.23025],[120.74395,18.2302],[120.744,18.2302],[120.7444,18.2299],[120.74445,18.2299],[120.74455,18.2296],[120.74455,18.22955],[120.7444,18.22935],[120.7444,18.2293],[120.7444,18.2292],[120.74435,18.2291],[120.7443,18.2291],[120.74415,18.2291],[120.7441,18.2292],[120.74365,18.2292],[120.74365,18.22915],[120.74335,18.2285],[120.74315,18.2284],[120.7427,18.22805],[120.7427,18.228],[120.74265,18.228],[120.74235,18.2276],[120.7423,18.2276],[120.7413,18.227],[120.7402,18.2273],[120.73995,18.2263],[120.74,18.2263],[120.73945,18.2259],[120.73945,18.22585],[120.739,18.2259],[120.73895,18.2259],[120.73895,18.22595],[120.73885,18.22595],[120.73895,18.2262],[120.739,18.2262],[120.73895,18.22655],[120.739,18.22655],[120.739,18.22685],[120.7391,18.22685],[120.73925,18.22745],[120.7393,18.22745],[120.73865,18.22815],[120.73885,18.2287],[120.7389,18.2287],[120.73965,18.2294],[120.7397,18.2294],[120.73995,18.2297],[120.73915,18.23075],[120.7395,18.23075],[120.73995,18.2308],[120.7401,18.2308],[120.74015,18.2308],[120.7406,18.2304],[120.7409,18.2302],[120.741,18.2302],[120.74125,18.23045],[120.7409,18.2308],[120.74085,18.2308],[120.74005,18.2311],[120.73955,18.2321],[120.73955,18.23215],[120.7395,18.2322],[120.7395,18.23225],[120.73945,18.23235],[120.7394,18.23235],[120.73945,18.2324],[120.73955,18.2328],[120.73945,18.2328],[120.73945,18.23275],[120.7394,18.23275],[120.739,18.2327],[120.73895,18.23265],[120.739,18.2327],[120.739,18.23285],[120.73905,18.23285],[120.73895,18.2331],[120.73895,18.23315],[120.7389,18.23315],[120.7387,18.2332],[120.73865,18.23325],[120.7386,18.23325],[120.73855,18.2336],[120.73855,18.23365],[120.7384,18.2339],[120.73815,18.2339],[120.73685,18.2333],[120.7368,18.2333],[120.7367,18.2332],[120.7367,18.23305],[120.7367,18.233],[120.73665,18.233],[120.73665,18.2329],[120.7368,18.23235],[120.7368,18.23225],[120.7368,18.23205],[120.73685,18.2307],[120.7368,18.2307],[120.7368,18.23065],[120.73675,18.23065],[120.73715,18.2299],[120.7372,18.2299],[120.73685,18.22875],[120.73565,18.2299],[120.73465,18.23035],[120.7346,18.23035],[120.7342,18.2314],[120.73395,18.23155],[120.7339,18.23155],[120.7337,18.23195],[120.73365,18.23195],[120.73325,18.23265],[120.7318,18.2337],[120.73175,18.2337],[120.7306,18.2338],[120.7305,18.2338],[120.7298,18.23375],[120.7291,18.234],[120.7286,18.234],[120.7286,18.23395],[120.7285,18.23395],[120.7288,18.2334],[120.72885,18.2334],[120.729,18.23335],[120.729,18.2333],[120.72905,18.2333],[120.72925,18.2333],[120.7302,18.23265],[120.73015,18.23175],[120.73015,18.2317],[120.73025,18.2316],[120.7303,18.2316],[120.73045,18.2316],[120.732,18.2317],[120.732,18.23165],[120.7321,18.23165],[120.7322,18.23145],[120.7322,18.2314],[120.7322,18.23125],[120.73085,18.23105],[120.7308,18.23105],[120.7308,18.231],[120.7307,18.2306],[120.7307,18.23035],[120.7307,18.23],[120.7307,18.2297],[120.7307,18.2294],[120.73065,18.2294],[120.73065,18.22935],[120.73065,18.22915],[120.7308,18.2274],[120.7309,18.2274],[120.7309,18.22735],[120.731,18.22735],[120.731,18.2273],[120.73105,18.2273],[120.7311,18.2273],[120.73115,18.2272],[120.7312,18.2272],[120.7312,18.2268],[120.7312,18.22655],[120.73105,18.2264],[120.73095,18.2264],[120.73095,18.22635],[120.73075,18.22625],[120.73075,18.2262],[120.73075,18.22615],[120.7308,18.22615],[120.7308,18.2261],[120.73085,18.2261],[120.7309,18.2258],[120.7309,18.22575],[120.731,18.22575],[120.7311,18.2256],[120.7311,18.22555],[120.731,18.22545],[120.731,18.22535],[120.731,18.2253],[120.73095,18.2253],[120.73095,18.22515],[120.73095,18.2251],[120.7309,18.2251],[120.7309,18.22505],[120.73085,18.225],[120.7309,18.225],[120.7309,18.22495],[120.7313,18.2249],[120.7313,18.22485],[120.73135,18.22485],[120.7314,18.22485],[120.7314,18.2249],[120.7316,18.2249],[120.73165,18.2249],[120.73165,18.22475],[120.7317,18.22475],[120.73175,18.22485],[120.73175,18.2249],[120.7318,18.2249],[120.7321,18.22565],[120.732,18.2258],[120.73195,18.2258],[120.73235,18.2267],[120.7325,18.2267],[120.7331,18.2262],[120.73335,18.2262],[120.73335,18.22625],[120.7334,18.22625],[120.7335,18.22625],[120.73395,18.22655],[120.73405,18.22655],[120.73405,18.2266],[120.7341,18.2266],[120.7341,18.22665],[120.73415,18.22665],[120.7344,18.2266],[120.73445,18.2266],[120.73605,18.22555],[120.73615,18.22555],[120.73615,18.2255],[120.73625,18.2255],[120.7357,18.2252],[120.73545,18.2252],[120.7367,18.2242],[120.73675,18.2242],[120.7372,18.22275],[120.73725,18.22275],[120.7374,18.2223],[120.73745,18.2223],[120.7379,18.2222],[120.7374,18.22145],[120.737,18.22125],[120.73695,18.22115],[120.73685,18.22115],[120.737,18.22125],[120.7371,18.22155],[120.73705,18.22155],[120.73705,18.2216],[120.737,18.2216],[120.7369,18.22165],[120.7368,18.22165],[120.7358,18.2211],[120.73575,18.2211],[120.73545,18.221],[120.73535,18.221],[120.73445,18.22165],[120.7343,18.22175],[120.73425,18.22175],[120.7334,18.22215],[120.73335,18.2221],[120.73325,18.2222],[120.7331,18.2222],[120.7331,18.22225],[120.73315,18.22225],[120.7332,18.22225],[120.73365,18.2228],[120.73365,18.22285],[120.73375,18.22285],[120.7337,18.22355],[120.73365,18.22355],[120.7336,18.2236],[120.7335,18.2237],[120.7335,18.22375],[120.73285,18.2245],[120.7325,18.224],[120.7325,18.22395],[120.7325,18.2239],[120.73255,18.2239],[120.73255,18.22385],[120.73255,18.22375],[120.73265,18.22355],[120.7327,18.22355],[120.7327,18.2235],[120.7327,18.22345],[120.73275,18.22345],[120.73275,18.2233],[120.73285,18.22305],[120.73285,18.2229],[120.73285,18.22285],[120.73285,18.2228],[120.7329,18.2218],[120.7329,18.22175],[120.73285,18.22175],[120.73285,18.2216],[120.73285,18.2215],[120.7328,18.2211],[120.73285,18.2211],[120.73345,18.219],[120.733,18.2179],[120.7331,18.2172],[120.73195,18.21745],[120.7319,18.21745],[120.7319,18.2175],[120.73175,18.21785],[120.7317,18.21785],[120.73155,18.2182],[120.7315,18.2182],[120.73125,18.21895],[120.73115,18.2191],[120.73105,18.2191],[120.7302,18.21935],[120.72995,18.21945],[120.7298,18.21945],[120.72935,18.21905],[120.72865,18.21945],[120.7286,18.21945],[120.7282,18.21975],[120.7278,18.21975],[120.7277,18.21965],[120.72715,18.21875],[120.7271,18.21875],[120.7271,18.2187],[120.72705,18.2187],[120.72705,18.21865],[120.72695,18.2186],[120.72675,18.21835],[120.72665,18.21835],[120.72665,18.2183],[120.72625,18.21825],[120.72575,18.2171],[120.7271,18.21485],[120.72845,18.21425],[120.7308,18.21435],[120.7314,18.21395],[120.7314,18.2139],[120.73145,18.2139],[120.73145,18.21385],[120.73145,18.21355],[120.7323,18.2133],[120.73255,18.2133],[120.73265,18.2133],[120.73275,18.21325],[120.7328,18.2132],[120.73285,18.2132],[120.7329,18.2132],[120.7337,18.21425],[120.73375,18.21425],[120.73445,18.2144],[120.73445,18.21435],[120.7345,18.21435],[120.73455,18.21435],[120.735,18.21375],[120.73515,18.21375],[120.73535,18.2138],[120.7354,18.2138],[120.7354,18.21385],[120.73545,18.21385],[120.73545,18.2139],[120.73545,18.21445],[120.7354,18.21445],[120.73535,18.21445],[120.7354,18.21445],[120.73505,18.21485],[120.7351,18.21485],[120.7357,18.2156],[120.7358,18.2156],[120.7358,18.21565],[120.7359,18.21565],[120.7359,18.2157],[120.73595,18.2157],[120.73615,18.2156],[120.7362,18.2156],[120.7362,18.21555],[120.73625,18.215],[120.7362,18.215],[120.7363,18.2147],[120.73635,18.2147],[120.73665,18.21395],[120.7366,18.21395],[120.73625,18.2135],[120.73615,18.2135],[120.73605,18.2134],[120.73605,18.21325],[120.7363,18.2126],[120.73635,18.2126],[120.7364,18.2126],[120.73635,18.21205],[120.73635,18.21195],[120.73635,18.2119],[120.73705,18.2121],[120.7371,18.2121],[120.7371,18.2119],[120.7371,18.2118],[120.7371,18.2117],[120.7371,18.21165],[120.73715,18.21165],[120.7371,18.21165],[120.7371,18.21135],[120.73615,18.2109],[120.7361,18.2109],[120.7352,18.21045],[120.73515,18.21045],[120.7352,18.20965],[120.73525,18.20965],[120.73525,18.2096],[120.7354,18.2096],[120.73615,18.2103],[120.7371,18.21035],[120.7373,18.21035],[120.7374,18.21035],[120.7382,18.21025],[120.73825,18.21025],[120.7383,18.2101],[120.73835,18.21],[120.7384,18.20995],[120.7384,18.2099],[120.73845,18.2097],[120.73865,18.20955],[120.7387,18.20955],[120.7388,18.20935],[120.7389,18.20925],[120.73935,18.2083],[120.7401,18.20795],[120.74125,18.20675],[120.74125,18.2068],[120.7413,18.2068],[120.7413,18.2072],[120.74135,18.2072],[120.74125,18.2074],[120.74105,18.20765],[120.7409,18.20775],[120.74095,18.20775],[120.7408,18.20805],[120.7407,18.2084],[120.74065,18.2084],[120.7407,18.20845],[120.74035,18.2091],[120.7403,18.2091],[120.7398,18.20945],[120.7399,18.20945],[120.7404,18.21],[120.74045,18.21],[120.7406,18.21035],[120.74065,18.21035],[120.7408,18.2105],[120.7408,18.2107],[120.74075,18.2107],[120.74055,18.211],[120.7406,18.211],[120.7406,18.2111],[120.74035,18.21135],[120.7403,18.21135],[120.73935,18.21195],[120.73785,18.21245],[120.73825,18.21475],[120.7378,18.21515],[120.7378,18.2152],[120.7377,18.21645],[120.73765,18.21645],[120.7376,18.21665],[120.73755,18.21665],[120.73745,18.21675],[120.73715,18.21675],[120.73715,18.2167],[120.73705,18.21665],[120.7369,18.21655],[120.73685,18.21655],[120.73685,18.2165],[120.7365,18.2163],[120.73645,18.2163],[120.73615,18.21685],[120.73595,18.2174],[120.73685,18.21905],[120.7375,18.2194],[120.73755,18.22075],[120.73785,18.2208],[120.73815,18.2208],[120.7383,18.22075],[120.73835,18.22075],[120.73835,18.2207],[120.7384,18.2207],[120.7384,18.22065],[120.73845,18.22055],[120.73845,18.2205],[120.7385,18.22045],[120.73855,18.22045],[120.73895,18.22035],[120.73935,18.22035],[120.73975,18.2206],[120.73985,18.2206],[120.7402,18.22095],[120.7403,18.22095],[120.74135,18.2209],[120.74155,18.2209],[120.7416,18.2209],[120.7418,18.2207],[120.74185,18.2207],[120.74165,18.2202],[120.7416,18.2202],[120.7416,18.22015],[120.74115,18.21975],[120.7411,18.21975],[120.74,18.21955],[120.74,18.2195],[120.73995,18.2195],[120.73995,18.21955],[120.7399,18.21955],[120.73985,18.21955],[120.7399,18.21955],[120.74,18.21985],[120.7399,18.21985],[120.73975,18.2199],[120.73975,18.21995],[120.73965,18.2199],[120.7396,18.2199],[120.7396,18.21985],[120.73955,18.21985],[120.73955,18.2198],[120.7396,18.21965],[120.7396,18.2196],[120.73965,18.21955],[120.7397,18.21955],[120.73965,18.2192],[120.73965,18.21915],[120.73965,18.2191],[120.74005,18.219],[120.74005,18.21885],[120.74005,18.2188],[120.7401,18.2188],[120.7401,18.21875],[120.74015,18.21875],[120.7402,18.2187],[120.74025,18.2187],[120.74025,18.21835],[120.74025,18.2183],[120.7397,18.2174],[120.73975,18.2152],[120.7401,18.21415],[120.7406,18.214],[120.7407,18.214],[120.7409,18.214],[120.74135,18.21345],[120.74135,18.2134],[120.74145,18.2133],[120.74145,18.21315],[120.74145,18.2131],[120.7415,18.2131],[120.74105,18.21255],[120.7409,18.2116],[120.7409,18.21155],[120.7409,18.2115],[120.74095,18.2115],[120.7418,18.21135],[120.7432,18.21055],[120.74325,18.21055],[120.74325,18.2105],[120.74345,18.2105],[120.74345,18.21045],[120.7439,18.2109],[120.744,18.2109],[120.745,18.2109],[120.74505,18.2109],[120.7452,18.2106],[120.74525,18.2106],[120.74525,18.21055],[120.7453,18.2104],[120.7453,18.21035],[120.7452,18.21025],[120.74515,18.21025],[120.7446,18.21015],[120.7446,18.2099],[120.7449,18.20965],[120.74495,18.20965],[120.745,18.20955],[120.74505,18.20955],[120.74505,18.2095],[120.74545,18.2092],[120.74555,18.2092],[120.74555,18.20915],[120.74565,18.20915],[120.746,18.2092],[120.74605,18.2092],[120.74595,18.20965],[120.7458,18.20965],[120.74605,18.2103],[120.74665,18.2115],[120.74745,18.21145],[120.74825,18.21205],[120.7482,18.21205],[120.74825,18.21205],[120.74905,18.21185],[120.74995,18.212],[120.7499,18.2128],[120.75045,18.2132],[120.75065,18.2132],[120.7511,18.21375],[120.75115,18.21375],[120.7513,18.21405],[120.75135,18.21405],[120.7521,18.21385],[120.75215,18.21385],[120.75175,18.21495],[120.7516,18.21495],[120.75115,18.21585],[120.75115,18.2158],[120.7511,18.2158],[120.75095,18.2155],[120.7509,18.2155],[120.7504,18.21585],[120.75035,18.21585],[120.74955,18.21635],[120.74875,18.2161],[120.7487,18.2161],[120.7486,18.21635],[120.74855,18.21635],[120.7488,18.2156],[120.7489,18.2156],[120.749,18.2156],[120.749,18.21555],[120.749,18.2155],[120.7487,18.21505],[120.7487,18.2151],[120.74725,18.21525],[120.7472,18.2152],[120.74705,18.2152],[120.74665,18.21485],[120.7472,18.21545],[120.7472,18.2155],[120.7473,18.21555],[120.7479,18.2155],[120.74795,18.21565],[120.748,18.21565],[120.748,18.21595],[120.7478,18.21625],[120.74775,18.21625],[120.7476,18.21695],[120.7475,18.21695],[120.7472,18.2174],[120.74715,18.2174],[120.747,18.2175],[120.74695,18.2175],[120.74695,18.21755],[120.7464,18.2183],[120.7462,18.21845],[120.74615,18.21845],[120.7461,18.21855],[120.7461,18.21875],[120.74615,18.21875],[120.74615,18.2188],[120.7462,18.2188],[120.7464,18.2189],[120.74645,18.2189],[120.74715,18.2189],[120.7479,18.2188],[120.7481,18.2188],[120.74865,18.21905],[120.74875,18.21905],[120.74875,18.2191],[120.7488,18.2191],[120.74955,18.21895],[120.7496,18.219],[120.7496,18.21905],[120.74965,18.21905],[120.7497,18.21945],[120.74965,18.21945],[120.7495,18.2196],[120.74945,18.2196],[120.74935,18.21975],[120.74885,18.21975],[120.74885,18.2197],[120.74875,18.2199],[120.7488,18.2199],[120.7492,18.22045],[120.74925,18.22045],[120.74935,18.22065],[120.74945,18.22065],[120.74955,18.22065],[120.7502,18.22],[120.7503,18.21985],[120.7503,18.2198],[120.7503,18.21975],[120.75035,18.21975],[120.75035,18.21965],[120.7504,18.21965],[120.7504,18.21955],[120.75045,18.21955],[120.7505,18.21935],[120.75055,18.21935],[120.7513,18.21885],[120.75145,18.21885],[120.7518,18.2191],[120.7519,18.2191],[120.75225,18.2193],[120.75235,18.2193],[120.75235,18.21935],[120.75245,18.21935],[120.75245,18.2194],[120.75255,18.2194],[120.7527,18.21945],[120.75275,18.2195],[120.7528,18.21955],[120.75285,18.21955],[120.75295,18.2197],[120.753,18.2197],[120.7531,18.21985],[120.7531,18.22015],[120.753,18.2203],[120.75295,18.2203],[120.7528,18.2204],[120.7527,18.2204],[120.7527,18.22045],[120.75265,18.22045],[120.7527,18.2205],[120.75235,18.22145],[120.7523,18.22145],[120.75225,18.2216],[120.7522,18.2216],[120.75195,18.22245],[120.7519,18.22245],[120.75185,18.2225],[120.7518,18.2225],[120.75175,18.22255],[120.75175,18.2226],[120.7507,18.2224],[120.75065,18.2224],[120.75065,18.222],[120.75025,18.22205],[120.75025,18.2221],[120.75005,18.22235],[120.75075,18.223],[120.7508,18.223],[120.75115,18.2238],[120.7504,18.2245],[120.7501,18.2258],[120.7496,18.2264],[120.74965,18.2264],[120.74965,18.22685],[120.7495,18.2272],[120.74955,18.2272],[120.74975,18.2277],[120.74975,18.22775],[120.7497,18.22775],[120.75005,18.22855],[120.7501,18.22855],[120.75015,18.2286],[120.75015,18.2287],[120.75005,18.2292],[120.75,18.2292],[120.7499,18.22975],[120.7501,18.22995],[120.75095,18.22985],[120.75085,18.22865],[120.75005,18.22765],[120.75,18.22765],[120.74995,18.2273],[120.75,18.2273],[120.75015,18.2261],[120.7502,18.2261],[120.7504,18.2259],[120.75045,18.2259],[120.75045,18.22575],[120.7504,18.22575],[120.751,18.2247],[120.751,18.22465],[120.75105,18.22465],[120.7511,18.22465],[120.7511,18.2246],[120.7512,18.2246],[120.7525,18.22275],[120.7526,18.22275],[120.7532,18.22125],[120.75355,18.22095]]],[[[120.75355,18.26725],[120.75355,18.28605],[120.75355,18.287],[120.75355,18.2957],[120.75275,18.2964],[120.7522,18.29605],[120.75075,18.2961],[120.7507,18.2961],[120.7507,18.29615],[120.75065,18.29615],[120.7504,18.29675],[120.75065,18.29735],[120.75145,18.29725],[120.7515,18.29725],[120.75155,18.2972],[120.75155,18.29715],[120.75155,18.2971],[120.7516,18.2971],[120.7516,18.29705],[120.75165,18.29705],[120.75165,18.297],[120.75185,18.2968],[120.7519,18.29675],[120.752,18.29675],[120.75215,18.29675],[120.7525,18.297],[120.75355,18.29685],[120.75355,18.29995],[120.75175,18.29985],[120.7502,18.2992],[120.7502,18.29915],[120.75015,18.29915],[120.75015,18.2987],[120.7501,18.2987],[120.7501,18.2986],[120.7496,18.29855],[120.7496,18.2986],[120.7488,18.29765],[120.7488,18.29755],[120.7487,18.29735],[120.74865,18.2963],[120.74865,18.29625],[120.7487,18.29625],[120.7487,18.2962],[120.7496,18.29475],[120.7496,18.2947],[120.7501,18.2942],[120.7503,18.29425],[120.75055,18.29435],[120.7506,18.29435],[120.7514,18.2942],[120.75145,18.2942],[120.75215,18.29325],[120.7522,18.29325],[120.75265,18.2928],[120.7526,18.29185],[120.75265,18.29185],[120.7532,18.2897],[120.7532,18.2894],[120.7532,18.28935],[120.7532,18.28925],[120.7529,18.28895],[120.75185,18.2889],[120.75165,18.2899],[120.75155,18.2899],[120.7496,18.29055],[120.74965,18.29055],[120.7486,18.29105],[120.7485,18.29105],[120.7482,18.29115],[120.7478,18.29115],[120.74755,18.2912],[120.7467,18.29145],[120.74675,18.29175],[120.74685,18.29195],[120.7469,18.29195],[120.7469,18.29205],[120.74695,18.29205],[120.74695,18.2921],[120.747,18.2921],[120.747,18.2922],[120.74705,18.2922],[120.7471,18.29225],[120.74695,18.29285],[120.7469,18.2929],[120.74565,18.2923],[120.74555,18.2915],[120.7455,18.2915],[120.74465,18.2912],[120.7442,18.29025],[120.74435,18.28935],[120.7453,18.28915],[120.7455,18.2901],[120.7456,18.2901],[120.74635,18.2891],[120.74645,18.2884],[120.7457,18.2872],[120.7458,18.2861],[120.74575,18.2861],[120.74545,18.28435],[120.7455,18.28435],[120.74595,18.28415],[120.74595,18.2841],[120.74605,18.2839],[120.74605,18.28385],[120.74605,18.2838],[120.746,18.28375],[120.746,18.2837],[120.746,18.2836],[120.7465,18.2826],[120.74745,18.2821],[120.7475,18.2821],[120.7475,18.28205],[120.74755,18.28205],[120.74755,18.282],[120.74785,18.28185],[120.74785,18.2818],[120.74795,18.2818],[120.7483,18.28215],[120.7483,18.2821],[120.7483,18.28205],[120.7483,18.282],[120.74835,18.282],[120.7484,18.282],[120.7484,18.28195],[120.74845,18.28195],[120.74845,18.2819],[120.74845,18.28185],[120.7485,18.28185],[120.74855,18.28185],[120.7486,18.2819],[120.7486,18.28185],[120.74865,18.28185],[120.74865,18.2818],[120.74865,18.28175],[120.7487,18.28175],[120.74875,18.28175],[120.74875,18.2817],[120.74875,18.28165],[120.7488,18.28165],[120.7488,18.2816],[120.74885,18.2816],[120.74885,18.28155],[120.74885,18.2815],[120.7489,18.2815],[120.7492,18.2815],[120.7496,18.2822],[120.74965,18.28245],[120.7496,18.28245],[120.74955,18.2827],[120.7495,18.2827],[120.7495,18.2828],[120.7488,18.2834],[120.7488,18.28335],[120.7487,18.28335],[120.7487,18.2833],[120.74865,18.2833],[120.7484,18.28325],[120.7484,18.2833],[120.74835,18.2833],[120.7485,18.28385],[120.7493,18.28415],[120.7493,18.2842],[120.7498,18.28435],[120.74985,18.28435],[120.75,18.2843],[120.75,18.28405],[120.7502,18.2836],[120.75025,18.2836],[120.75025,18.28355],[120.7503,18.28355],[120.75025,18.28335],[120.7502,18.28335],[120.7501,18.28315],[120.75005,18.28315],[120.75005,18.28165],[120.7507,18.2817],[120.7511,18.28085],[120.75115,18.28085],[120.7514,18.2804],[120.7514,18.2803],[120.7515,18.2795],[120.75115,18.2794],[120.751,18.2794],[120.7506,18.2798],[120.75055,18.2798],[120.7505,18.2798],[120.7505,18.2799],[120.75055,18.28025],[120.7506,18.28025],[120.7506,18.2803],[120.75065,18.2803],[120.7498,18.28065],[120.74975,18.28065],[120.7497,18.28065],[120.74965,18.28075],[120.7487,18.28105],[120.7471,18.28035],[120.74705,18.28035],[120.74605,18.2801],[120.746,18.2801],[120.746,18.28],[120.74645,18.27975],[120.7467,18.27975],[120.74685,18.27975],[120.74685,18.2797],[120.7469,18.2797],[120.7471,18.2797],[120.74735,18.2797],[120.74755,18.27985],[120.7476,18.27985],[120.74765,18.27985],[120.7478,18.2801],[120.74785,18.2801],[120.74785,18.28015],[120.74795,18.28015],[120.7498,18.2804],[120.7501,18.28015],[120.75045,18.2799],[120.7504,18.27985],[120.75045,18.2796],[120.75045,18.2795],[120.75045,18.27915],[120.7505,18.27915],[120.7505,18.2791],[120.7505,18.279],[120.75145,18.27865],[120.7515,18.27865],[120.75155,18.27865],[120.7515,18.27875],[120.7519,18.2787],[120.7519,18.27865],[120.7521,18.27865],[120.75235,18.27865],[120.75275,18.2788],[120.75285,18.2785],[120.75285,18.27845],[120.75285,18.27805],[120.75285,18.2779],[120.7528,18.2779],[120.75235,18.2776],[120.75235,18.27755],[120.75235,18.2775],[120.7524,18.2775],[120.75245,18.2774],[120.7525,18.27735],[120.7525,18.27705],[120.7525,18.277],[120.75255,18.277],[120.75255,18.27685],[120.75255,18.2768],[120.7526,18.2766],[120.7526,18.27655],[120.75255,18.2765],[120.7524,18.2765],[120.75235,18.2765],[120.75235,18.2766],[120.752,18.2767],[120.7518,18.2767],[120.75,18.27765],[120.75,18.2777],[120.7498,18.27785],[120.74975,18.2779],[120.7498,18.2779],[120.7498,18.27795],[120.74925,18.27805],[120.7491,18.27805],[120.7491,18.278],[120.7496,18.27665],[120.7496,18.2766],[120.7486,18.2763],[120.7484,18.27725],[120.74735,18.27775],[120.7473,18.27775],[120.74725,18.2778],[120.7472,18.2778],[120.7465,18.27855],[120.74535,18.27875],[120.7452,18.27875],[120.7452,18.2788],[120.7451,18.2788],[120.7444,18.2794],[120.74435,18.2794],[120.74455,18.2795],[120.74565,18.28045],[120.7457,18.28045],[120.74575,18.28045],[120.74575,18.2805],[120.7458,18.2805],[120.74585,18.2805],[120.74585,18.28055],[120.7459,18.28055],[120.74595,18.28055],[120.74645,18.28075],[120.7465,18.28075],[120.7469,18.2809],[120.74695,18.2809],[120.747,18.281],[120.74705,18.281],[120.74705,18.28105],[120.7471,18.28105],[120.7455,18.2814],[120.74595,18.282],[120.746,18.282],[120.7457,18.28245],[120.7456,18.28245],[120.7455,18.2825],[120.7454,18.2825],[120.74475,18.2824],[120.7446,18.2824],[120.7446,18.28245],[120.74455,18.28245],[120.7443,18.28245],[120.7443,18.2825],[120.74425,18.2825],[120.74275,18.28345],[120.74245,18.28345],[120.742,18.2836],[120.74185,18.2836],[120.74175,18.2836],[120.7417,18.2836],[120.74165,18.28355],[120.7416,18.28355],[120.74095,18.28335],[120.74085,18.28335],[120.7407,18.28315],[120.74065,18.28315],[120.7402,18.2834],[120.74015,18.2834],[120.7392,18.2832],[120.7391,18.2832],[120.7389,18.2828],[120.73885,18.2828],[120.7383,18.28285],[120.7387,18.28365],[120.7395,18.284],[120.73955,18.284],[120.73965,18.28405],[120.74005,18.28455],[120.7401,18.2846],[120.74005,18.28505],[120.74015,18.28505],[120.7406,18.2854],[120.74075,18.2854],[120.7408,18.2854],[120.7411,18.28535],[120.7415,18.28535],[120.74165,18.28535],[120.7421,18.285],[120.7421,18.28495],[120.74215,18.2849],[120.7422,18.2849],[120.7422,18.28485],[120.74225,18.28485],[120.74295,18.2845],[120.743,18.2845],[120.7431,18.2845],[120.74315,18.2845],[120.74345,18.2841],[120.74345,18.28405],[120.7435,18.284],[120.74355,18.284],[120.74355,18.2839],[120.74355,18.2838],[120.7436,18.2838],[120.7438,18.28335],[120.7438,18.2833],[120.7438,18.28325],[120.74385,18.28325],[120.74385,18.2832],[120.74385,18.28315],[120.7439,18.28315],[120.74445,18.2828],[120.74445,18.28275],[120.7445,18.2828],[120.7445,18.28275],[120.74455,18.28275],[120.7446,18.28275],[120.7446,18.2827],[120.74465,18.2827],[120.7448,18.2827],[120.74495,18.2828],[120.74505,18.2828],[120.74505,18.28355],[120.7445,18.28405],[120.7445,18.28415],[120.74495,18.28515],[120.74485,18.28515],[120.7448,18.28515],[120.74385,18.28545],[120.7437,18.28545],[120.74305,18.2854],[120.74285,18.2854],[120.74255,18.2865],[120.7412,18.2864],[120.7412,18.28635],[120.74095,18.2866],[120.7409,18.2866],[120.74035,18.28695],[120.7403,18.28695],[120.7403,18.2868],[120.7404,18.2866],[120.7404,18.28655],[120.7404,18.2865],[120.74045,18.2865],[120.7404,18.2861],[120.73935,18.2857],[120.73855,18.285],[120.73805,18.2842],[120.7381,18.28395],[120.73765,18.284],[120.73765,18.28405],[120.73675,18.2845],[120.73745,18.28565],[120.7375,18.28565],[120.73765,18.28565],[120.73775,18.28575],[120.73785,18.28575],[120.7379,18.28575],[120.7379,18.2858],[120.73795,18.2858],[120.7381,18.2858],[120.73845,18.28575],[120.73855,18.2858],[120.73855,18.28635],[120.7395,18.2872],[120.7395,18.28725],[120.73955,18.28725],[120.7397,18.28725],[120.7398,18.28725],[120.7398,18.2873],[120.73985,18.2873],[120.74,18.2873],[120.74045,18.28755],[120.74055,18.28755],[120.74065,18.28765],[120.7407,18.28765],[120.7408,18.2877],[120.7408,18.2878],[120.74035,18.28845],[120.7403,18.28845],[120.74015,18.28855],[120.74015,18.2885],[120.7401,18.2885],[120.74015,18.28855],[120.73945,18.28855],[120.7394,18.28855],[120.73865,18.2882],[120.7386,18.2882],[120.73785,18.2877],[120.7373,18.288],[120.7373,18.28805],[120.737,18.289],[120.73695,18.289],[120.7369,18.28915],[120.7367,18.2895],[120.73675,18.2895],[120.73745,18.2911],[120.7374,18.2911],[120.73725,18.2919],[120.7373,18.2919],[120.7382,18.2918],[120.7383,18.2926],[120.7382,18.2926],[120.7382,18.29255],[120.73815,18.29255],[120.73815,18.2926],[120.7382,18.2926],[120.7382,18.29265],[120.7381,18.29265],[120.73795,18.2927],[120.7379,18.2927],[120.7375,18.29285],[120.7381,18.2933],[120.73865,18.29395],[120.7394,18.2941],[120.73945,18.2941],[120.7398,18.2945],[120.7398,18.2948],[120.73975,18.29485],[120.7397,18.29485],[120.7397,18.29495],[120.73965,18.29495],[120.7396,18.2959],[120.7391,18.29705],[120.73835,18.29755],[120.7363,18.2973],[120.7367,18.2981],[120.7372,18.2979],[120.73725,18.2979],[120.73725,18.29795],[120.7373,18.29795],[120.7373,18.298],[120.7373,18.29825],[120.73725,18.29825],[120.73685,18.2991],[120.73685,18.29915],[120.7369,18.2992],[120.73695,18.2992],[120.73695,18.29925],[120.737,18.29925],[120.737,18.2993],[120.73705,18.2993],[120.73715,18.29985],[120.7386,18.30005],[120.7395,18.301],[120.73885,18.3014],[120.73755,18.30165],[120.7373,18.30105],[120.7366,18.3012],[120.7368,18.30145],[120.7368,18.3015],[120.73685,18.3015],[120.737,18.3016],[120.737,18.30165],[120.73705,18.30165],[120.73965,18.3036],[120.73965,18.30365],[120.7397,18.30365],[120.74015,18.30455],[120.74075,18.3049],[120.7416,18.30625],[120.7422,18.3081],[120.7429,18.3091],[120.7431,18.31095],[120.74215,18.31235],[120.7407,18.3131],[120.7391,18.31295],[120.73825,18.31255],[120.73675,18.31265],[120.7361,18.31305],[120.73385,18.3131],[120.7338,18.31335],[120.73375,18.31335],[120.7327,18.3134],[120.7327,18.3133],[120.7326,18.31335],[120.7321,18.3136],[120.73205,18.3136],[120.7328,18.31405],[120.73335,18.3141],[120.7336,18.31375],[120.73385,18.31355],[120.73385,18.3135],[120.73395,18.3135],[120.7363,18.3132],[120.7369,18.31405],[120.7366,18.3153],[120.73595,18.31575],[120.7349,18.3158],[120.73415,18.3153],[120.73245,18.31535],[120.7316,18.31475],[120.7305,18.315],[120.7304,18.3156],[120.7296,18.31675],[120.7288,18.3172],[120.72755,18.31725],[120.7262,18.31665],[120.72525,18.31525],[120.72525,18.3152],[120.7251,18.31515],[120.725,18.3151],[120.7249,18.3151],[120.7249,18.31505],[120.72475,18.31495],[120.7247,18.31495],[120.7247,18.3149],[120.7246,18.3149],[120.72455,18.31485],[120.7243,18.31485],[120.7245,18.3157],[120.72445,18.3157],[120.72365,18.3156],[120.7229,18.316],[120.7233,18.31505],[120.72335,18.31505],[120.7231,18.31465],[120.7231,18.3146],[120.7231,18.31455],[120.72305,18.31455],[120.72305,18.3145],[120.723,18.31445],[120.72285,18.31445],[120.72285,18.3145],[120.72275,18.3145],[120.72265,18.31465],[120.72255,18.31465],[120.7225,18.3147],[120.722,18.31465],[120.7218,18.3146],[120.7218,18.31455],[120.72175,18.31455],[120.7215,18.3145],[120.7214,18.3145],[120.72135,18.31455],[120.72135,18.3146],[120.72125,18.3146],[120.72125,18.31465],[120.7208,18.31445],[120.7208,18.3144],[120.72075,18.31435],[120.7207,18.3143],[120.7207,18.31425],[120.72055,18.31395],[120.7205,18.3139],[120.7205,18.31385],[120.7201,18.31385],[120.7199,18.31385],[120.71995,18.31395],[120.71995,18.31405],[120.72,18.31405],[120.72,18.3142],[120.72005,18.3142],[120.71985,18.31445],[120.71915,18.31385],[120.71915,18.31375],[120.71915,18.31365],[120.7192,18.31365],[120.7196,18.31335],[120.7197,18.31335],[120.71965,18.31335],[120.71965,18.31325],[120.71965,18.3132],[120.7198,18.3129],[120.7198,18.31285],[120.71985,18.31285],[120.71985,18.3128],[120.7199,18.3128],[120.7199,18.31275],[120.7199,18.3127],[120.7199,18.31265],[120.7198,18.31155],[120.7198,18.3115],[120.71985,18.3115],[120.72005,18.3115],[120.72005,18.31155],[120.7202,18.31155],[120.72095,18.31245],[120.72105,18.31245],[120.72195,18.31275],[120.722,18.31275],[120.7222,18.3127],[120.7222,18.3126],[120.72225,18.3126],[120.7224,18.3126],[120.7224,18.31255],[120.7224,18.3125],[120.7222,18.31225],[120.72215,18.3122],[120.72115,18.3116],[120.72035,18.31065],[120.7203,18.31065],[120.7203,18.3106],[120.72,18.31045],[120.71995,18.31045],[120.71945,18.31005],[120.71935,18.31005],[120.7193,18.3099],[120.71925,18.3099],[120.71925,18.30985],[120.7192,18.30985],[120.7192,18.3098],[120.71915,18.3085],[120.71955,18.3074],[120.719,18.30635],[120.7192,18.30485],[120.71775,18.30375],[120.717,18.3028],[120.7165,18.3017],[120.71555,18.29835],[120.71395,18.29675],[120.7132,18.29565],[120.7116,18.29415],[120.7116,18.2941],[120.71155,18.2941],[120.71155,18.29405],[120.70985,18.29285],[120.7066,18.2897],[120.70595,18.28885],[120.70445,18.28575],[120.70385,18.28415],[120.70375,18.2818],[120.70395,18.28015],[120.70345,18.2794],[120.70305,18.2781],[120.70215,18.27755],[120.7008,18.276],[120.69995,18.27595],[120.69665,18.2752],[120.69665,18.27515],[120.69655,18.27515],[120.69655,18.2751],[120.6965,18.2751],[120.6964,18.27505],[120.69575,18.27475],[120.69565,18.2747],[120.69555,18.27465],[120.6954,18.2746],[120.6954,18.27455],[120.69525,18.27455],[120.6953,18.27455],[120.6953,18.2745],[120.6952,18.2745],[120.69515,18.27445],[120.69505,18.2744],[120.69505,18.27435],[120.69495,18.27435],[120.69495,18.2743],[120.6949,18.2743],[120.6948,18.27425],[120.69475,18.2742],[120.6942,18.2747],[120.69445,18.2767],[120.6949,18.27825],[120.69485,18.2785],[120.6949,18.27885],[120.69495,18.27885],[120.695,18.27885],[120.6951,18.279],[120.69515,18.279],[120.69535,18.2793],[120.6954,18.2793],[120.6956,18.27955],[120.69565,18.27955],[120.6957,18.27955],[120.69615,18.28],[120.69615,18.28005],[120.6963,18.28015],[120.6972,18.281],[120.69735,18.281],[120.69735,18.28105],[120.6974,18.28105],[120.6975,18.28105],[120.6975,18.2811],[120.6983,18.2813],[120.6983,18.28135],[120.6984,18.28135],[120.6984,18.2814],[120.69865,18.2821],[120.6986,18.2822],[120.69855,18.28225],[120.69855,18.28235],[120.69845,18.2825],[120.6989,18.2833],[120.69925,18.28355],[120.6993,18.2836],[120.69945,18.2836],[120.69945,18.28355],[120.6995,18.28355],[120.6997,18.2831],[120.69975,18.2831],[120.69985,18.28285],[120.6999,18.28285],[120.7,18.2827],[120.70005,18.2827],[120.7001,18.2827],[120.7001,18.28265],[120.7014,18.28225],[120.70205,18.28265],[120.7021,18.28265],[120.70235,18.2827],[120.70235,18.28275],[120.7024,18.2829],[120.70245,18.28295],[120.7026,18.283],[120.70265,18.283],[120.70355,18.28415],[120.70425,18.2859],[120.70425,18.28715],[120.70475,18.2891],[120.70485,18.2917],[120.7043,18.2931],[120.70505,18.2948],[120.70635,18.2962],[120.7068,18.29725],[120.7077,18.29805],[120.70815,18.29955],[120.7088,18.30025],[120.709,18.3014],[120.70905,18.3014],[120.7094,18.3023],[120.7094,18.30235],[120.70945,18.30235],[120.7095,18.30235],[120.7098,18.30235],[120.71005,18.30245],[120.71015,18.30245],[120.7102,18.30245],[120.7102,18.3025],[120.71095,18.3043],[120.7115,18.30625],[120.71195,18.3068],[120.71345,18.3098],[120.7147,18.31155],[120.7153,18.31125],[120.71535,18.31125],[120.7156,18.3116],[120.71565,18.3116],[120.71595,18.3124],[120.716,18.3124],[120.71605,18.31245],[120.71615,18.31245],[120.71615,18.3125],[120.7162,18.3125],[120.7162,18.31255],[120.71625,18.31255],[120.71625,18.3126],[120.71635,18.31275],[120.7164,18.31275],[120.71725,18.31355],[120.71735,18.31355],[120.71815,18.31485],[120.718,18.3153],[120.71785,18.3153],[120.7178,18.3153],[120.71585,18.3133],[120.71555,18.31365],[120.7162,18.31475],[120.71675,18.31695],[120.7167,18.31865],[120.7171,18.3193],[120.71765,18.32175],[120.718,18.3242],[120.718,18.3243],[120.71805,18.3243],[120.71805,18.32435],[120.7181,18.32435],[120.7181,18.32445],[120.71815,18.32445],[120.71815,18.32455],[120.7182,18.32455],[120.7182,18.3246],[120.71825,18.3246],[120.7186,18.3254],[120.7196,18.32695],[120.71955,18.329],[120.7195,18.329],[120.7195,18.32945],[120.71945,18.32945],[120.71945,18.32955],[120.7195,18.32955],[120.7188,18.33055],[120.71885,18.33055],[120.71885,18.33075],[120.7194,18.3311],[120.71945,18.3311],[120.71935,18.3314],[120.7194,18.3314],[120.7202,18.3322],[120.7203,18.3322],[120.72065,18.3335],[120.7206,18.33355],[120.72,18.33365],[120.72,18.3337],[120.7194,18.33445],[120.71905,18.33585],[120.71815,18.33715],[120.71815,18.3372],[120.7181,18.3372],[120.7181,18.33725],[120.71805,18.3373],[120.718,18.3374],[120.7178,18.338],[120.71785,18.338],[120.71745,18.3388],[120.71685,18.33895],[120.7165,18.3392],[120.7165,18.33945],[120.7174,18.33975],[120.7174,18.34],[120.71735,18.34],[120.71735,18.3407],[120.7187,18.3415],[120.71945,18.34225],[120.7198,18.34315],[120.7207,18.34405],[120.7209,18.3457],[120.7208,18.3457],[120.7199,18.34605],[120.7199,18.3461],[120.71985,18.3461],[120.7198,18.3465],[120.71985,18.34655],[120.7199,18.34655],[120.7199,18.3466],[120.7204,18.34675],[120.7208,18.34675],[120.72085,18.34675],[120.7209,18.34675],[120.7209,18.3468],[120.72165,18.3478],[120.723,18.3491],[120.72395,18.3504],[120.72445,18.3504],[120.7267,18.3516],[120.7282,18.35345],[120.72845,18.35425],[120.7285,18.3543],[120.7286,18.3543],[120.72905,18.35425],[120.72925,18.3545],[120.72925,18.3546],[120.7285,18.35545],[120.7278,18.355],[120.72765,18.3545],[120.72715,18.3539],[120.7271,18.3542],[120.72715,18.3542],[120.72715,18.35435],[120.7272,18.3544],[120.72725,18.35445],[120.72735,18.3547],[120.7274,18.3547],[120.7274,18.3548],[120.72745,18.3548],[120.72745,18.3549],[120.7275,18.3549],[120.7275,18.35495],[120.72755,18.35495],[120.72755,18.3551],[120.7276,18.3551],[120.7276,18.35525],[120.72765,18.35525],[120.72765,18.35565],[120.7277,18.35565],[120.7277,18.35585],[120.72775,18.3559],[120.72775,18.356],[120.7278,18.356],[120.7278,18.35605],[120.72785,18.35605],[120.72785,18.35615],[120.728,18.3563],[120.72805,18.3563],[120.72805,18.35635],[120.7281,18.35635],[120.7281,18.3564],[120.72815,18.3564],[120.7282,18.3564],[120.7282,18.3565],[120.7283,18.3565],[120.7283,18.35655],[120.72835,18.35655],[120.7284,18.35655],[120.7284,18.3566],[120.72845,18.3566],[120.72845,18.35665],[120.7285,18.35665],[120.7291,18.35635],[120.72935,18.35635],[120.72945,18.35635],[120.73015,18.3573],[120.71345,18.3573],[120.71355,18.3564],[120.7135,18.3564],[120.713,18.3562],[120.71295,18.3562],[120.71295,18.35605],[120.7131,18.355],[120.71265,18.3533],[120.71145,18.35275],[120.7113,18.35165],[120.71125,18.35165],[120.71115,18.35125],[120.71115,18.35105],[120.7112,18.35105],[120.7113,18.35105],[120.7113,18.35075],[120.71125,18.35075],[120.71105,18.35065],[120.7109,18.35045],[120.71085,18.35045],[120.71085,18.3504],[120.71085,18.35025],[120.7108,18.35025],[120.7108,18.3502],[120.7108,18.35015],[120.7108,18.3501],[120.71085,18.3501],[120.7109,18.35005],[120.71095,18.35005],[120.71095,18.35],[120.71095,18.34995],[120.71095,18.3499],[120.7108,18.3497],[120.7103,18.3498],[120.71035,18.3498],[120.71035,18.34985],[120.71065,18.35075],[120.71075,18.35075],[120.7105,18.35145],[120.70975,18.35115],[120.70975,18.3511],[120.7093,18.3527],[120.7089,18.3527],[120.7089,18.35265],[120.7084,18.3522],[120.70875,18.35095],[120.7085,18.35035],[120.7085,18.3503],[120.7085,18.35025],[120.7087,18.34995],[120.70875,18.34995],[120.7088,18.3499],[120.7088,18.34985],[120.7089,18.34955],[120.70895,18.34955],[120.70895,18.34945],[120.70895,18.3492],[120.7092,18.3484],[120.7092,18.34815],[120.7092,18.3481],[120.7092,18.3479],[120.7091,18.3479],[120.7078,18.3482],[120.70775,18.3482],[120.70765,18.34825],[120.70745,18.34825],[120.70735,18.3482],[120.7073,18.3482],[120.7073,18.34815],[120.70725,18.34815],[120.70725,18.3481],[120.7073,18.34765],[120.70735,18.3476],[120.70735,18.34755],[120.7074,18.34755],[120.7074,18.34745],[120.70745,18.34745],[120.70745,18.3474],[120.7075,18.3474],[120.7075,18.34735],[120.7075,18.3473],[120.70755,18.3473],[120.7076,18.34715],[120.70765,18.3471],[120.70765,18.347],[120.708,18.34655],[120.70805,18.3465],[120.7078,18.3453],[120.70765,18.3453],[120.70765,18.34535],[120.70755,18.34535],[120.707,18.34555],[120.7063,18.34565],[120.70625,18.3451],[120.70625,18.345],[120.7063,18.345],[120.70645,18.3448],[120.7064,18.3448],[120.706,18.34385],[120.70585,18.34385],[120.70585,18.3439],[120.70525,18.3443],[120.70525,18.34435],[120.705,18.34435],[120.70485,18.34345],[120.7048,18.34345],[120.7049,18.3425],[120.7049,18.3424],[120.70495,18.3423],[120.705,18.3423],[120.7051,18.3422],[120.7052,18.3422],[120.70565,18.34225],[120.70575,18.34225],[120.7058,18.34225],[120.70665,18.34185],[120.7072,18.34205],[120.707,18.34135],[120.70705,18.34135],[120.7067,18.3402],[120.7068,18.3402],[120.7071,18.34005],[120.70715,18.34005],[120.70715,18.34],[120.7072,18.34],[120.70725,18.34],[120.7076,18.3398],[120.70775,18.3398],[120.7083,18.33905],[120.70835,18.33905],[120.70765,18.3388],[120.7076,18.3388],[120.7076,18.3387],[120.7076,18.33855],[120.70775,18.3382],[120.7078,18.3382],[120.70785,18.33815],[120.70785,18.3381],[120.70775,18.33785],[120.7077,18.33785],[120.7076,18.33775],[120.70755,18.33775],[120.70755,18.3377],[120.70625,18.33825],[120.70605,18.3392],[120.70615,18.3392],[120.7063,18.33935],[120.7064,18.33945],[120.7064,18.33955],[120.70655,18.34015],[120.70565,18.3408],[120.70555,18.3408],[120.70535,18.3411],[120.70525,18.3411],[120.70505,18.34115],[120.70505,18.3415],[120.705,18.3415],[120.70495,18.3417],[120.70495,18.3418],[120.70485,18.3418],[120.7041,18.34175],[120.70395,18.34065],[120.7039,18.34065],[120.70365,18.33995],[120.7037,18.33995],[120.7033,18.33795],[120.70375,18.33715],[120.7052,18.33635],[120.70475,18.33575],[120.7048,18.33505],[120.7041,18.3352],[120.7035,18.3339],[120.7035,18.3338],[120.70355,18.3338],[120.70355,18.33375],[120.7036,18.33375],[120.7036,18.3337],[120.70365,18.3337],[120.70365,18.33365],[120.70375,18.33365],[120.7039,18.3335],[120.70395,18.3335],[120.7034,18.3335],[120.70335,18.3335],[120.7028,18.3334],[120.7028,18.3333],[120.7028,18.33325],[120.70295,18.33295],[120.7031,18.33285],[120.7031,18.3328],[120.70315,18.33185],[120.7032,18.33185],[120.70325,18.33055],[120.7033,18.33055],[120.7036,18.3305],[120.70365,18.3305],[120.7039,18.3307],[120.70405,18.3307],[120.7041,18.33025],[120.70355,18.32985],[120.70335,18.3291],[120.7029,18.3285],[120.70305,18.3276],[120.7031,18.3276],[120.70305,18.3276],[120.70305,18.3265],[120.70305,18.32645],[120.70305,18.3264],[120.703,18.3264],[120.703,18.3263],[120.703,18.32625],[120.703,18.32615],[120.70305,18.32615],[120.70305,18.3254],[120.7024,18.3242],[120.7024,18.3241],[120.7024,18.32405],[120.70235,18.32405],[120.7024,18.3239],[120.7024,18.32385],[120.70235,18.32385],[120.70235,18.32365],[120.70235,18.32345],[120.7023,18.32345],[120.7023,18.32335],[120.7023,18.32325],[120.7023,18.323],[120.70225,18.323],[120.70225,18.32285],[120.70225,18.32275],[120.7022,18.32265],[120.70215,18.32265],[120.70215,18.32255],[120.70215,18.3225],[120.7021,18.3225],[120.70205,18.32235],[120.70115,18.3205],[120.70115,18.32045],[120.7011,18.32045],[120.70065,18.3203],[120.70005,18.3179],[120.6993,18.31695],[120.6987,18.3155],[120.69865,18.3137],[120.69925,18.31265],[120.6993,18.31265],[120.6994,18.31255],[120.69945,18.31255],[120.6995,18.3109],[120.69925,18.30985],[120.69915,18.30985],[120.69915,18.3098],[120.6991,18.3098],[120.69905,18.30975],[120.69905,18.3097],[120.6989,18.30955],[120.6988,18.30935],[120.69875,18.30935],[120.69845,18.30885],[120.6983,18.3087],[120.69825,18.30865],[120.6983,18.3086],[120.69825,18.3086],[120.69815,18.30835],[120.69815,18.3083],[120.69815,18.308],[120.6989,18.3071],[120.69895,18.3071],[120.6992,18.3066],[120.69925,18.30515],[120.6984,18.30465],[120.69845,18.30435],[120.6984,18.30435],[120.6984,18.3043],[120.6987,18.30425],[120.6996,18.30465],[120.6997,18.30465],[120.69975,18.30445],[120.6997,18.30445],[120.69975,18.30385],[120.6998,18.30385],[120.69895,18.3032],[120.69885,18.3032],[120.6987,18.3033],[120.69865,18.3033],[120.6986,18.3033],[120.69815,18.3033],[120.6981,18.3032],[120.6981,18.30305],[120.6981,18.3028],[120.6981,18.30275],[120.69815,18.30275],[120.69675,18.30225],[120.6967,18.30225],[120.6965,18.3024],[120.6964,18.3024],[120.69625,18.30255],[120.69625,18.3026],[120.6959,18.30225],[120.69595,18.30225],[120.69595,18.3021],[120.69695,18.3016],[120.697,18.3016],[120.69805,18.3016],[120.69855,18.3014],[120.69855,18.30135],[120.69855,18.3012],[120.69855,18.30095],[120.69855,18.3008],[120.6985,18.3008],[120.6985,18.3007],[120.69855,18.29985],[120.69855,18.2998],[120.69855,18.29955],[120.6987,18.29885],[120.6987,18.29875],[120.6987,18.2987],[120.69895,18.2984],[120.69905,18.2984],[120.69945,18.2983],[120.69955,18.2983],[120.6997,18.2982],[120.69975,18.2982],[120.69995,18.2982],[120.7004,18.2999],[120.7005,18.3002],[120.70045,18.3002],[120.7009,18.30125],[120.70095,18.30125],[120.7009,18.3014],[120.70095,18.3014],[120.70115,18.3021],[120.7011,18.3021],[120.70105,18.30275],[120.7011,18.30275],[120.70135,18.30395],[120.7013,18.30395],[120.70125,18.30435],[120.7013,18.30435],[120.7012,18.30475],[120.7014,18.30475],[120.70145,18.30475],[120.70145,18.3047],[120.7015,18.3047],[120.7015,18.30465],[120.7015,18.3046],[120.70155,18.3046],[120.70155,18.30455],[120.70175,18.3043],[120.7018,18.3043],[120.7018,18.30425],[120.70185,18.30425],[120.7021,18.3037],[120.7019,18.3028],[120.70255,18.30265],[120.70265,18.30265],[120.70325,18.3024],[120.70335,18.30215],[120.7034,18.30215],[120.7034,18.30205],[120.70345,18.30205],[120.7033,18.30195],[120.70265,18.3019],[120.70245,18.30195],[120.703,18.3012],[120.70315,18.3012],[120.70335,18.30105],[120.70355,18.30105],[120.7036,18.30105],[120.7038,18.3012],[120.7038,18.30115],[120.7038,18.3011],[120.70495,18.3],[120.70495,18.29985],[120.70405,18.3004],[120.704,18.3004],[120.70295,18.30005],[120.7014,18.2994],[120.70135,18.2994],[120.7006,18.29875],[120.70085,18.29735],[120.7002,18.29705],[120.7003,18.2962],[120.70035,18.2962],[120.69965,18.29615],[120.69955,18.29615],[120.69955,18.2961],[120.6995,18.2961],[120.6995,18.29605],[120.6995,18.296],[120.6991,18.2955],[120.6993,18.29475],[120.69935,18.29475],[120.6994,18.2947],[120.6994,18.29465],[120.69945,18.29465],[120.69945,18.2946],[120.6995,18.2946],[120.6997,18.2946],[120.70055,18.29455],[120.7006,18.29455],[120.7006,18.2946],[120.7011,18.29445],[120.7008,18.29415],[120.6996,18.29425],[120.69945,18.29425],[120.6988,18.2942],[120.69875,18.2932],[120.6987,18.2932],[120.69865,18.2932],[120.6982,18.2932],[120.69775,18.2924],[120.6977,18.2924],[120.6974,18.29195],[120.69725,18.29195],[120.6972,18.292],[120.6972,18.29205],[120.69715,18.29205],[120.6971,18.29235],[120.6976,18.29305],[120.6975,18.29375],[120.69745,18.29375],[120.69745,18.2938],[120.6972,18.2938],[120.6972,18.29375],[120.6969,18.29375],[120.6968,18.2938],[120.69555,18.29385],[120.69555,18.2938],[120.69545,18.2938],[120.69475,18.2932],[120.69475,18.29315],[120.6947,18.29315],[120.6947,18.2931],[120.69465,18.29305],[120.69425,18.29305],[120.6941,18.2933],[120.69405,18.2933],[120.69375,18.2933],[120.69365,18.2933],[120.69355,18.2933],[120.6931,18.29365],[120.693,18.29365],[120.6928,18.29375],[120.69265,18.29375],[120.69265,18.2938],[120.6925,18.2938],[120.69205,18.29385],[120.692,18.29385],[120.692,18.2939],[120.6917,18.2939],[120.6917,18.29395],[120.6915,18.294],[120.69155,18.294],[120.69155,18.29405],[120.6916,18.29405],[120.6909,18.29445],[120.6909,18.2944],[120.69085,18.2944],[120.6908,18.29435],[120.69015,18.29355],[120.69015,18.2935],[120.6901,18.2935],[120.6901,18.2934],[120.6901,18.29335],[120.69005,18.29335],[120.69005,18.2932],[120.6892,18.29245],[120.6892,18.2924],[120.6892,18.29235],[120.6892,18.2923],[120.6892,18.29225],[120.68925,18.29215],[120.6893,18.29205],[120.6893,18.292],[120.6893,18.29195],[120.6893,18.29185],[120.6893,18.2918],[120.6892,18.2918],[120.68895,18.29175],[120.6882,18.2916],[120.68735,18.29045],[120.68615,18.28935],[120.6863,18.28705],[120.6863,18.2869],[120.6863,18.28685],[120.68635,18.28585],[120.68645,18.2854],[120.6865,18.2854],[120.68645,18.2848],[120.6864,18.2848],[120.6864,18.2847],[120.6862,18.28455],[120.6861,18.2844],[120.68605,18.2844],[120.6858,18.28415],[120.68455,18.28415],[120.6843,18.2839],[120.68405,18.2837],[120.684,18.2837],[120.68375,18.28335],[120.6837,18.2834],[120.6832,18.2833],[120.68295,18.28325],[120.6824,18.28325],[120.6823,18.28345],[120.68225,18.28345],[120.6822,18.2835],[120.6822,18.28355],[120.68215,18.28355],[120.68215,18.2836],[120.6819,18.2836],[120.6822,18.2828],[120.682,18.28185],[120.68245,18.2814],[120.68255,18.2814],[120.68325,18.2817],[120.68375,18.28275],[120.6844,18.28265],[120.68445,18.28265],[120.6843,18.2811],[120.68425,18.2811],[120.6852,18.2807],[120.6852,18.28085],[120.6855,18.28085],[120.6855,18.2808],[120.68555,18.2808],[120.6855,18.28075],[120.6855,18.2807],[120.6853,18.2802],[120.68525,18.2801],[120.68525,18.28005],[120.68525,18.28],[120.6852,18.28],[120.6852,18.27995],[120.6852,18.2799],[120.68515,18.2799],[120.68515,18.27985],[120.6851,18.27985],[120.6851,18.27975],[120.68495,18.27975],[120.68395,18.27965],[120.68355,18.28015],[120.6835,18.28015],[120.6835,18.2802],[120.68345,18.28035],[120.6834,18.2805],[120.68335,18.2805],[120.68335,18.28055],[120.6832,18.28055],[120.68215,18.28065],[120.6821,18.2798],[120.68215,18.2798],[120.68215,18.2797],[120.6822,18.2797],[120.6814,18.2796],[120.68135,18.2796],[120.68125,18.2797],[120.68115,18.2797],[120.68115,18.27975],[120.68105,18.27975],[120.67875,18.2799],[120.67885,18.28065],[120.6789,18.28065],[120.67885,18.28075],[120.6789,18.28075],[120.67895,18.28105],[120.679,18.28105],[120.679,18.28115],[120.67905,18.28115],[120.6791,18.2812],[120.67915,18.2812],[120.67915,18.28125],[120.6792,18.28125],[120.6792,18.2813],[120.67925,18.2813],[120.6793,18.28145],[120.67935,18.28145],[120.6804,18.28145],[120.68045,18.28145],[120.68115,18.28235],[120.68145,18.28385],[120.6815,18.28385],[120.68165,18.2844],[120.6816,18.2844],[120.68175,18.28475],[120.68185,18.28475],[120.68235,18.2851],[120.6824,18.2851],[120.68265,18.28605],[120.6824,18.28675],[120.68235,18.28675],[120.68235,18.28685],[120.68225,18.2872],[120.6822,18.2872],[120.68175,18.2871],[120.68165,18.28685],[120.6816,18.28685],[120.6814,18.28635],[120.6814,18.2861],[120.68135,18.2861],[120.68135,18.286],[120.68115,18.2857],[120.68115,18.28565],[120.68105,18.28565],[120.68075,18.28455],[120.6807,18.28455],[120.68075,18.2844],[120.68075,18.28435],[120.68075,18.28425],[120.6807,18.2842],[120.68065,18.28415],[120.6805,18.2841],[120.6799,18.2841],[120.68015,18.2848],[120.6799,18.28745],[120.67985,18.28745],[120.67985,18.2875],[120.6793,18.2869],[120.6788,18.286],[120.6787,18.286],[120.6787,18.28595],[120.67835,18.28595],[120.6783,18.28595],[120.6782,18.28595],[120.67815,18.28605],[120.67805,18.2861],[120.67685,18.2862],[120.6762,18.28595],[120.6762,18.2859],[120.67535,18.286],[120.67535,18.28605],[120.6754,18.28615],[120.67545,18.28615],[120.6758,18.28665],[120.67555,18.2868],[120.6755,18.2868],[120.6747,18.28675],[120.6745,18.28675],[120.6736,18.28735],[120.67355,18.28735],[120.67235,18.28775],[120.67225,18.28775],[120.672,18.28805],[120.6719,18.28805],[120.67175,18.2882],[120.6717,18.2882],[120.67165,18.28825],[120.67135,18.2884],[120.6711,18.2884],[120.67115,18.28825],[120.67115,18.2882],[120.6711,18.2882],[120.67115,18.2875],[120.6712,18.2875],[120.6712,18.28745],[120.6712,18.2873],[120.6701,18.28655],[120.6693,18.2866],[120.66925,18.2866],[120.66835,18.2865],[120.66815,18.2865],[120.66815,18.2868],[120.6683,18.2871],[120.66835,18.2871],[120.6684,18.28725],[120.66845,18.28725],[120.66875,18.28765],[120.66875,18.2878],[120.6688,18.2878],[120.6688,18.28785],[120.66885,18.28785],[120.66885,18.28795],[120.66885,18.28805],[120.6688,18.28805],[120.66775,18.2882],[120.6667,18.28795],[120.66675,18.28905],[120.6668,18.28905],[120.6668,18.28935],[120.6661,18.28955],[120.66605,18.29015],[120.66515,18.29015],[120.66505,18.29015],[120.66485,18.29045],[120.6649,18.29045],[120.66485,18.29065],[120.6648,18.29065],[120.66465,18.29105],[120.66455,18.29105],[120.66365,18.29125],[120.6636,18.29125],[120.66355,18.2913],[120.6636,18.2913],[120.6635,18.29135],[120.66345,18.29135],[120.6634,18.2914],[120.6627,18.2909],[120.6627,18.2908],[120.66275,18.2908],[120.66275,18.2907],[120.66375,18.28925],[120.6638,18.28925],[120.66385,18.28925],[120.66415,18.28925],[120.66425,18.28925],[120.66425,18.2892],[120.6644,18.2892],[120.6645,18.2892],[120.66455,18.2892],[120.66465,18.2893],[120.6648,18.2893],[120.66485,18.2892],[120.6649,18.2892],[120.6649,18.28915],[120.66495,18.2891],[120.665,18.2891],[120.66515,18.2888],[120.66515,18.28875],[120.6656,18.28855],[120.66565,18.28745],[120.66605,18.2869],[120.6661,18.28685],[120.66735,18.2867],[120.66745,18.2867],[120.66805,18.28645],[120.6681,18.28645],[120.6681,18.2864],[120.66855,18.2857],[120.66875,18.2857],[120.66875,18.28565],[120.669,18.28565],[120.66935,18.28535],[120.6694,18.28535],[120.6694,18.2853],[120.66945,18.2853],[120.6695,18.2853],[120.6695,18.28525],[120.66955,18.28525],[120.6699,18.2855],[120.6695,18.28625],[120.66955,18.28625],[120.66955,18.2863],[120.6696,18.2863],[120.6696,18.28625],[120.67005,18.28615],[120.67015,18.2861],[120.67015,18.28605],[120.6702,18.28605],[120.6702,18.286],[120.67035,18.2857],[120.6704,18.2857],[120.6704,18.2856],[120.67065,18.28555],[120.6707,18.28555],[120.6707,18.2856],[120.67075,18.2856],[120.6708,18.2856],[120.6715,18.28565],[120.6718,18.2859],[120.67265,18.2857],[120.67275,18.2857],[120.67285,18.2858],[120.6729,18.2858],[120.6729,18.2859],[120.6733,18.2863],[120.67375,18.2864],[120.67395,18.2864],[120.6747,18.28585],[120.6747,18.2858],[120.67485,18.2858],[120.6749,18.2858],[120.6749,18.28575],[120.67495,18.28575],[120.6752,18.28575],[120.67525,18.28575],[120.67525,18.28565],[120.6752,18.28525],[120.67525,18.28525],[120.67525,18.2852],[120.67525,18.28515],[120.6757,18.285],[120.6757,18.28495],[120.6757,18.2849],[120.67575,18.2849],[120.67575,18.28485],[120.67575,18.2847],[120.67575,18.28455],[120.6758,18.28455],[120.6758,18.2845],[120.6761,18.28455],[120.67625,18.2851],[120.67625,18.28515],[120.6762,18.28515],[120.6762,18.28525],[120.6766,18.28525],[120.67665,18.28525],[120.67725,18.2847],[120.6773,18.2847],[120.67765,18.28445],[120.67765,18.28435],[120.67765,18.2843],[120.6777,18.2843],[120.6776,18.28365],[120.6767,18.2827],[120.6767,18.2826],[120.6767,18.28255],[120.67785,18.2818],[120.67785,18.28175],[120.6779,18.28175],[120.67795,18.28165],[120.67795,18.2816],[120.67795,18.2815],[120.6774,18.28155],[120.677,18.28155],[120.6768,18.2816],[120.67665,18.2816],[120.67665,18.28155],[120.67655,18.28155],[120.6765,18.2815],[120.6766,18.28135],[120.67665,18.28135],[120.6769,18.28125],[120.6769,18.28105],[120.6769,18.281],[120.6768,18.281],[120.6768,18.28095],[120.67675,18.2809],[120.67665,18.2809],[120.67625,18.28055],[120.67625,18.2805],[120.67605,18.2797],[120.676,18.2797],[120.676,18.27965],[120.676,18.2796],[120.67595,18.2796],[120.67595,18.27955],[120.6759,18.27955],[120.6759,18.2795],[120.6759,18.27945],[120.67585,18.27945],[120.6759,18.2794],[120.67585,18.2794],[120.67585,18.2793],[120.67585,18.27925],[120.6758,18.27925],[120.6758,18.2792],[120.6758,18.2791],[120.67545,18.2781],[120.6754,18.2781],[120.6751,18.2779],[120.6751,18.2777],[120.6751,18.2776],[120.67505,18.27725],[120.67505,18.2771],[120.67505,18.27695],[120.675,18.27695],[120.675,18.27685],[120.67495,18.27685],[120.67495,18.27675],[120.67505,18.27625],[120.67505,18.27605],[120.675,18.276],[120.67505,18.27575],[120.6748,18.2752],[120.6748,18.2751],[120.67475,18.2751],[120.67475,18.275],[120.6745,18.27455],[120.6745,18.27445],[120.67445,18.2744],[120.67445,18.27435],[120.6744,18.27435],[120.6744,18.2743],[120.67435,18.2743],[120.67425,18.27425],[120.67425,18.27435],[120.67305,18.2753],[120.67285,18.2753],[120.67285,18.27525],[120.67285,18.2747],[120.67285,18.27445],[120.6738,18.27385],[120.6738,18.2738],[120.67455,18.2738],[120.67455,18.27375],[120.6746,18.27375],[120.6747,18.2736],[120.6747,18.27355],[120.67475,18.27355],[120.6755,18.2737],[120.67555,18.2737],[120.6759,18.27395],[120.676,18.27395],[120.676,18.2742],[120.67605,18.2742],[120.67615,18.27495],[120.6771,18.2751],[120.6771,18.27505],[120.67715,18.27505],[120.67715,18.27515],[120.67855,18.27575],[120.67865,18.27575],[120.67875,18.27575],[120.67875,18.2758],[120.6799,18.27575],[120.67995,18.27575],[120.67995,18.2757],[120.68,18.2757],[120.68015,18.2753],[120.68015,18.27525],[120.68025,18.27505],[120.6803,18.27505],[120.68035,18.275],[120.68025,18.27455],[120.6802,18.27445],[120.68015,18.27445],[120.67985,18.2742],[120.67985,18.27415],[120.67955,18.2738],[120.67955,18.27375],[120.6795,18.27375],[120.6795,18.2737],[120.6794,18.27355],[120.67935,18.27355],[120.6791,18.27285],[120.6791,18.2728],[120.67905,18.27275],[120.679,18.27275],[120.67885,18.2726],[120.6786,18.27235],[120.6786,18.27225],[120.67855,18.27225],[120.67845,18.27205],[120.67845,18.272],[120.6784,18.272],[120.6784,18.27195],[120.6784,18.27185],[120.67815,18.27115],[120.6774,18.2717],[120.67735,18.27175],[120.6773,18.2718],[120.67725,18.2718],[120.67695,18.27195],[120.67695,18.272],[120.6767,18.27195],[120.6767,18.27185],[120.67665,18.2718],[120.67665,18.27175],[120.6767,18.27175],[120.6767,18.2717],[120.67675,18.2717],[120.67675,18.27165],[120.6769,18.27155],[120.67695,18.2715],[120.67725,18.27115],[120.67725,18.2711],[120.6773,18.2711],[120.6782,18.27035],[120.6782,18.27005],[120.6782,18.26985],[120.67825,18.26975],[120.67825,18.26965],[120.6782,18.26965],[120.6782,18.2696],[120.6783,18.26895],[120.6791,18.26755],[120.6804,18.26685],[120.68045,18.26685],[120.68045,18.26695],[120.6804,18.26695],[120.6804,18.2669],[120.68035,18.2669],[120.6804,18.26695],[120.6802,18.267],[120.6802,18.26695],[120.68015,18.26695],[120.6802,18.267],[120.68035,18.26725],[120.6805,18.26725],[120.68055,18.26725],[120.68055,18.2672],[120.6806,18.2672],[120.6806,18.26715],[120.68065,18.2668],[120.68065,18.26675],[120.6818,18.26635],[120.6818,18.2664],[120.68185,18.2664],[120.68185,18.26645],[120.6819,18.26645],[120.6819,18.2665],[120.68195,18.2665],[120.682,18.2665],[120.682,18.26655],[120.68205,18.26655],[120.68205,18.2666],[120.68215,18.2666],[120.68215,18.26665],[120.6822,18.26665],[120.6823,18.26665],[120.68245,18.26685],[120.6825,18.26685],[120.68275,18.2671],[120.6828,18.2671],[120.6828,18.26715],[120.68285,18.26715],[120.6833,18.26735],[120.6835,18.26735],[120.6839,18.26735],[120.68395,18.26735],[120.68485,18.2674],[120.6849,18.2674],[120.6849,18.26735],[120.68505,18.26735],[120.68505,18.2673],[120.6853,18.2673],[120.6857,18.2673],[120.68575,18.2673],[120.68645,18.26755],[120.6865,18.26755],[120.6865,18.2675],[120.6867,18.2675],[120.68705,18.2673],[120.6871,18.2673],[120.68715,18.2673],[120.6872,18.2673],[120.689,18.26785],[120.69065,18.2688],[120.6905,18.26765],[120.69055,18.2655],[120.6912,18.2627],[120.6917,18.26175],[120.69175,18.26175],[120.6918,18.26175],[120.69185,18.26175],[120.69185,18.2617],[120.6933,18.2603],[120.69335,18.2603],[120.6935,18.2603],[120.69365,18.2603],[120.6937,18.2603],[120.69415,18.2595],[120.69505,18.259],[120.69515,18.259],[120.69515,18.25905],[120.6952,18.25905],[120.6954,18.25905],[120.69565,18.25925],[120.69585,18.25925],[120.69595,18.25925],[120.69635,18.2589],[120.69635,18.25885],[120.6964,18.25885],[120.6964,18.25875],[120.6964,18.25865],[120.6965,18.2584],[120.6965,18.25825],[120.6965,18.25815],[120.69725,18.2576],[120.6973,18.2576],[120.6975,18.2576],[120.69755,18.2576],[120.69765,18.2575],[120.69765,18.25745],[120.69765,18.25735],[120.6975,18.25645],[120.6967,18.25575],[120.69655,18.2548],[120.6966,18.2548],[120.69665,18.2548],[120.6973,18.25555],[120.6986,18.2557],[120.6986,18.25565],[120.69865,18.25565],[120.6989,18.25565],[120.6991,18.25565],[120.69945,18.25525],[120.7004,18.25545],[120.7004,18.25555],[120.70045,18.2556],[120.7005,18.2556],[120.7011,18.2541],[120.7011,18.254],[120.7012,18.254],[120.7012,18.2539],[120.70125,18.2539],[120.70125,18.25385],[120.7013,18.25385],[120.7014,18.25385],[120.70155,18.25365],[120.70165,18.25365],[120.70175,18.25355],[120.70175,18.2535],[120.7018,18.2535],[120.7018,18.25345],[120.70185,18.25345],[120.70185,18.2534],[120.7019,18.2534],[120.7019,18.25335],[120.702,18.25335],[120.702,18.25325],[120.70205,18.25325],[120.7027,18.25305],[120.70335,18.25385],[120.7034,18.25385],[120.703,18.25415],[120.70295,18.25415],[120.70195,18.2547],[120.702,18.2547],[120.7016,18.2556],[120.7017,18.2556],[120.70265,18.25575],[120.7027,18.25575],[120.70275,18.25575],[120.70335,18.25555],[120.7037,18.25555],[120.70395,18.25555],[120.70395,18.2555],[120.7042,18.2555],[120.7043,18.2555],[120.70445,18.2555],[120.70445,18.25545],[120.7045,18.25545],[120.70465,18.25525],[120.7047,18.25525],[120.7047,18.2552],[120.70475,18.2552],[120.70475,18.25515],[120.70485,18.25515],[120.705,18.25505],[120.705,18.25495],[120.70505,18.25495],[120.70505,18.2549],[120.70505,18.25485],[120.7051,18.25485],[120.70545,18.25425],[120.70545,18.2542],[120.70555,18.2542],[120.70555,18.25415],[120.70565,18.2542],[120.7059,18.2541],[120.7059,18.25405],[120.70605,18.25405],[120.70605,18.254],[120.7062,18.254],[120.7066,18.2537],[120.7066,18.25365],[120.7066,18.2535],[120.70665,18.2535],[120.7067,18.25325],[120.7067,18.2532],[120.7067,18.253],[120.7074,18.25345],[120.7075,18.2535],[120.70755,18.2535],[120.70755,18.25345],[120.7084,18.25245],[120.70845,18.25245],[120.70845,18.2524],[120.7085,18.2524],[120.7085,18.25235],[120.70855,18.25235],[120.70855,18.2523],[120.7086,18.2523],[120.70885,18.25235],[120.7089,18.25235],[120.70895,18.2524],[120.70895,18.25245],[120.709,18.25245],[120.7091,18.2526],[120.70915,18.2526],[120.70915,18.25265],[120.70925,18.25265],[120.7092,18.2527],[120.70925,18.2527],[120.70925,18.25275],[120.7093,18.25275],[120.7095,18.2528],[120.7096,18.2528],[120.70965,18.2528],[120.709,18.25185],[120.709,18.2518],[120.70885,18.2518],[120.70885,18.25175],[120.7085,18.2515],[120.7085,18.25145],[120.70845,18.2514],[120.7082,18.25125],[120.7082,18.2512],[120.7082,18.25115],[120.709,18.25095],[120.70905,18.25095],[120.70995,18.2516],[120.71,18.2516],[120.71005,18.2516],[120.7101,18.2516],[120.71055,18.251],[120.71055,18.25095],[120.7106,18.25095],[120.7106,18.2509],[120.71065,18.2509],[120.7107,18.25085],[120.7107,18.2508],[120.71075,18.2508],[120.71075,18.25075],[120.7108,18.25075],[120.7109,18.25075],[120.71135,18.25135],[120.7124,18.25105],[120.71255,18.25105],[120.7135,18.25225],[120.71345,18.25265],[120.71325,18.25265],[120.71255,18.25315],[120.71225,18.25315],[120.71185,18.2525],[120.71165,18.25285],[120.7117,18.25285],[120.71165,18.2532],[120.71185,18.25335],[120.71195,18.25335],[120.7124,18.25395],[120.71235,18.25395],[120.7123,18.25425],[120.71225,18.25425],[120.71165,18.25495],[120.71175,18.25495],[120.7117,18.25525],[120.71175,18.25525],[120.7115,18.256],[120.7101,18.2559],[120.71005,18.2559],[120.7098,18.25485],[120.70895,18.25505],[120.70995,18.25645],[120.7101,18.25705],[120.71015,18.2571],[120.71065,18.2577],[120.7107,18.2577],[120.71065,18.25785],[120.7107,18.25785],[120.7111,18.2596],[120.71,18.25975],[120.70995,18.25985],[120.7099,18.26005],[120.70985,18.26005],[120.7098,18.2604],[120.70975,18.2604],[120.708,18.26145],[120.70795,18.2615],[120.7079,18.2615],[120.70785,18.26205],[120.70785,18.2621],[120.7073,18.2629],[120.7058,18.26275],[120.70575,18.26275],[120.7053,18.26305],[120.7053,18.2631],[120.7047,18.2638],[120.70375,18.26455],[120.70365,18.26455],[120.7034,18.2647],[120.70335,18.2647],[120.70285,18.26505],[120.70215,18.2658],[120.7015,18.2656],[120.7011,18.2659],[120.70135,18.26615],[120.7018,18.2662],[120.70185,18.2662],[120.70185,18.2663],[120.70245,18.26645],[120.7027,18.2667],[120.70275,18.2667],[120.703,18.26695],[120.7032,18.26695],[120.70455,18.2665],[120.7047,18.2665],[120.7047,18.26645],[120.7048,18.26645],[120.7057,18.2663],[120.7065,18.26685],[120.70705,18.2684],[120.707,18.2684],[120.7071,18.27015],[120.70675,18.27045],[120.70675,18.27125],[120.7067,18.27125],[120.7067,18.27165],[120.70705,18.2721],[120.70715,18.27105],[120.70745,18.27075],[120.7075,18.27015],[120.70885,18.26935],[120.7088,18.2695],[120.7087,18.2697],[120.70865,18.26975],[120.7086,18.26975],[120.7086,18.26985],[120.70855,18.26985],[120.70855,18.2699],[120.70855,18.26995],[120.7091,18.2702],[120.7089,18.2716],[120.70895,18.272],[120.70935,18.2719],[120.70975,18.272],[120.71035,18.27255],[120.7104,18.27255],[120.7104,18.27265],[120.71085,18.2725],[120.71105,18.2725],[120.7107,18.27195],[120.71065,18.27195],[120.71045,18.2718],[120.71035,18.2718],[120.70995,18.27155],[120.7099,18.27155],[120.70975,18.2713],[120.7097,18.2713],[120.70945,18.27075],[120.7099,18.2692],[120.71,18.2692],[120.7106,18.2682],[120.7107,18.2682],[120.71125,18.2678],[120.71135,18.2678],[120.71135,18.26775],[120.7114,18.26775],[120.71235,18.26755],[120.71235,18.2664],[120.7131,18.26635],[120.7131,18.2663],[120.7132,18.2663],[120.71335,18.26635],[120.7135,18.26635],[120.7136,18.26635],[120.71445,18.2671],[120.7155,18.26615],[120.7154,18.26475],[120.71595,18.2643],[120.71585,18.26365],[120.71585,18.2636],[120.7158,18.2636],[120.7157,18.2637],[120.71485,18.26365],[120.7142,18.2642],[120.71415,18.2642],[120.71415,18.2641],[120.71435,18.26365],[120.7144,18.26365],[120.7144,18.2636],[120.71445,18.2636],[120.7145,18.2636],[120.7145,18.26355],[120.71455,18.26325],[120.71455,18.2632],[120.7145,18.2632],[120.71435,18.2632],[120.7139,18.26255],[120.7138,18.26255],[120.7132,18.26165],[120.71315,18.26165],[120.7131,18.2616],[120.7128,18.26155],[120.7127,18.26145],[120.7127,18.26135],[120.7127,18.2613],[120.71265,18.2613],[120.71265,18.26125],[120.7126,18.261],[120.7126,18.2609],[120.71325,18.2608],[120.7133,18.2608],[120.7137,18.2615],[120.71435,18.26165],[120.7145,18.2619],[120.71455,18.2619],[120.7154,18.2619],[120.71545,18.2619],[120.71545,18.26195],[120.7155,18.26195],[120.71555,18.26205],[120.715,18.26265],[120.715,18.2627],[120.71485,18.2627],[120.71485,18.26265],[120.7148,18.26265],[120.7153,18.26325],[120.71535,18.26325],[120.71625,18.2627],[120.71635,18.2627],[120.7163,18.26275],[120.7164,18.26275],[120.71655,18.263],[120.7166,18.263],[120.7166,18.26305],[120.7167,18.26305],[120.71675,18.26305],[120.7171,18.26295],[120.71715,18.26295],[120.7172,18.26295],[120.71735,18.26295],[120.71735,18.263],[120.7175,18.263],[120.71865,18.2631],[120.71865,18.26315],[120.71885,18.26315],[120.7189,18.26315],[120.71905,18.2632],[120.71915,18.26325],[120.7192,18.2635],[120.71905,18.2636],[120.719,18.2636],[120.71805,18.2637],[120.71795,18.2637],[120.71695,18.2635],[120.7169,18.264],[120.7172,18.2643],[120.7172,18.26425],[120.7172,18.2642],[120.71725,18.2642],[120.7173,18.2642],[120.7173,18.26415],[120.71735,18.26415],[120.71735,18.2641],[120.71735,18.26405],[120.71745,18.26405],[120.71755,18.26405],[120.7176,18.26405],[120.71765,18.26405],[120.71775,18.2641],[120.71775,18.264],[120.7178,18.264],[120.718,18.26395],[120.718,18.264],[120.71805,18.264],[120.71815,18.264],[120.7183,18.26405],[120.71835,18.26405],[120.71835,18.2641],[120.71845,18.2641],[120.7185,18.2641],[120.71855,18.2641],[120.7187,18.2641],[120.7193,18.2648],[120.71995,18.26435],[120.7201,18.26435],[120.72015,18.26435],[120.7202,18.2644],[120.72025,18.26445],[120.7204,18.2647],[120.72,18.2652],[120.71985,18.26525],[120.7198,18.26525],[120.71925,18.26555],[120.7191,18.26555],[120.7191,18.2656],[120.71905,18.26585],[120.7191,18.26585],[120.71905,18.2663],[120.7191,18.26645],[120.71925,18.26695],[120.71935,18.26685],[120.7194,18.26685],[120.7194,18.2668],[120.71945,18.2668],[120.7195,18.2668],[120.7195,18.26675],[120.71955,18.26675],[120.71975,18.2666],[120.71985,18.2666],[120.71985,18.26655],[120.7199,18.26655],[120.72005,18.2667],[120.71995,18.26685],[120.72,18.26685],[120.71985,18.2674],[120.71875,18.2671],[120.7179,18.26585],[120.71705,18.26595],[120.7171,18.2662],[120.7172,18.2662],[120.71745,18.26625],[120.718,18.26645],[120.7186,18.26765],[120.71895,18.26765],[120.71895,18.2676],[120.719,18.2676],[120.7194,18.26765],[120.71945,18.26765],[120.7195,18.2676],[120.7196,18.2676],[120.71965,18.2676],[120.71975,18.26775],[120.71985,18.26775],[120.7203,18.2678],[120.7204,18.2678],[120.72045,18.2678],[120.72045,18.26785],[120.72055,18.26785],[120.72075,18.26785],[120.72085,18.26785],[120.7209,18.26785],[120.72115,18.2677],[120.72115,18.26765],[120.7211,18.26765],[120.7209,18.26715],[120.7209,18.267],[120.7209,18.26695],[120.72085,18.26695],[120.72085,18.2668],[120.72085,18.2666],[120.72085,18.26655],[120.7209,18.26655],[120.72105,18.26655],[120.72185,18.26805],[120.7218,18.2688],[120.72175,18.269],[120.72175,18.2691],[120.7218,18.2691],[120.7218,18.26915],[120.72185,18.26915],[120.72185,18.2692],[120.7219,18.2692],[120.72195,18.2692],[120.722,18.2692],[120.722,18.26925],[120.72185,18.26925],[120.72015,18.26995],[120.71915,18.26965],[120.71925,18.27065],[120.7193,18.27065],[120.7192,18.2714],[120.71915,18.2714],[120.71895,18.27235],[120.719,18.27235],[120.71905,18.27235],[120.71905,18.27245],[120.7184,18.2734],[120.71915,18.2744],[120.7192,18.2744],[120.7192,18.27445],[120.7193,18.2746],[120.7194,18.2746],[120.7195,18.2746],[120.71955,18.2746],[120.72015,18.27515],[120.72015,18.27535],[120.72,18.27535],[120.7199,18.2753],[120.7199,18.27525],[120.7198,18.27525],[120.7198,18.2752],[120.71975,18.2752],[120.71965,18.2751],[120.71965,18.27505],[120.71945,18.27505],[120.71945,18.275],[120.7183,18.2748],[120.7183,18.2747],[120.71825,18.2747],[120.71825,18.27465],[120.71825,18.2746],[120.71825,18.27455],[120.71825,18.2744],[120.7182,18.2744],[120.7182,18.27425],[120.71805,18.2742],[120.71805,18.27415],[120.71775,18.27415],[120.71765,18.27425],[120.71755,18.2744],[120.7175,18.2744],[120.7167,18.2745],[120.71665,18.2745],[120.71655,18.2746],[120.7164,18.2746],[120.71435,18.27445],[120.7143,18.27445],[120.7135,18.27705],[120.71345,18.27705],[120.71315,18.2772],[120.7127,18.2777],[120.7119,18.2778],[120.7118,18.2778],[120.71095,18.27825],[120.7115,18.27845],[120.7115,18.2784],[120.7117,18.27835],[120.7117,18.2783],[120.71175,18.2783],[120.7118,18.2783],[120.71185,18.2783],[120.7119,18.2783],[120.7119,18.27825],[120.71195,18.27825],[120.712,18.27825],[120.712,18.2782],[120.71205,18.2782],[120.7123,18.2782],[120.7129,18.2789],[120.7134,18.2785],[120.7138,18.27855],[120.7153,18.2785],[120.7154,18.2785],[120.7154,18.27845],[120.71545,18.27845],[120.7155,18.27845],[120.7155,18.2784],[120.71555,18.2784],[120.71555,18.27835],[120.71555,18.2783],[120.71565,18.2771],[120.7163,18.27695],[120.71635,18.27695],[120.7164,18.2764],[120.71645,18.2764],[120.71645,18.27635],[120.71645,18.27625],[120.7169,18.27605],[120.71695,18.27605],[120.7169,18.2761],[120.7168,18.2762],[120.71655,18.2774],[120.7165,18.2774],[120.7163,18.27835],[120.71625,18.27835],[120.71625,18.279],[120.7163,18.279],[120.71635,18.279],[120.71635,18.27895],[120.7164,18.27895],[120.71645,18.27895],[120.71655,18.27845],[120.71655,18.2784],[120.7166,18.2784],[120.71665,18.2784],[120.71665,18.2783],[120.7167,18.2783],[120.7167,18.27825],[120.71675,18.27825],[120.71675,18.2782],[120.7168,18.2782],[120.7168,18.27825],[120.71685,18.27825],[120.71685,18.2782],[120.71685,18.27815],[120.7169,18.27815],[120.71695,18.27815],[120.71695,18.2781],[120.717,18.2781],[120.71705,18.2781],[120.7174,18.2781],[120.7174,18.27805],[120.71745,18.27805],[120.718,18.27905],[120.7178,18.2797],[120.7178,18.27975],[120.71785,18.27975],[120.7179,18.2798],[120.7179,18.27985],[120.71795,18.27985],[120.718,18.27985],[120.7182,18.28],[120.7182,18.28005],[120.71825,18.28005],[120.71855,18.2803],[120.71855,18.28035],[120.7186,18.28035],[120.7186,18.28045],[120.71865,18.28045],[120.71875,18.28045],[120.71875,18.2804],[120.71885,18.2804],[120.71885,18.28045],[120.7189,18.28045],[120.7189,18.28055],[120.71885,18.28055],[120.71885,18.28065],[120.7189,18.28065],[120.7189,18.28075],[120.71895,18.28075],[120.7189,18.2808],[120.71895,18.2808],[120.719,18.28085],[120.719,18.2809],[120.71905,18.2809],[120.7191,18.2809],[120.71915,18.281],[120.71925,18.281],[120.7197,18.28155],[120.7197,18.2816],[120.71975,18.2816],[120.71995,18.2818],[120.72,18.2818],[120.7201,18.2818],[120.7201,18.28185],[120.7202,18.28185],[120.72025,18.28185],[120.72035,18.28185],[120.7204,18.2818],[120.7204,18.28175],[120.7204,18.2817],[120.72045,18.2817],[120.72045,18.28165],[120.7205,18.28165],[120.72055,18.28165],[120.72065,18.28165],[120.72105,18.28185],[120.7211,18.28185],[120.7212,18.2821],[120.72125,18.2821],[120.7213,18.2827],[120.7213,18.28315],[120.72065,18.28285],[120.7206,18.28285],[120.7204,18.2829],[120.72035,18.2829],[120.72035,18.28295],[120.72005,18.28335],[120.7187,18.2831],[120.7186,18.2831],[120.7179,18.2828],[120.71755,18.2835],[120.7176,18.2835],[120.7176,18.2836],[120.71765,18.2836],[120.71775,18.2836],[120.71775,18.28355],[120.7178,18.28355],[120.71785,18.28355],[120.7183,18.28345],[120.71835,18.28345],[120.7184,18.28345],[120.7184,18.2835],[120.71855,18.2835],[120.719,18.28425],[120.7189,18.28485],[120.7187,18.28515],[120.7187,18.2852],[120.7186,18.2852],[120.7175,18.28525],[120.7174,18.28525],[120.71725,18.28505],[120.71725,18.285],[120.7172,18.28455],[120.7173,18.28455],[120.71775,18.2838],[120.71775,18.28375],[120.71765,18.2837],[120.7176,18.28365],[120.71755,18.28375],[120.7175,18.28375],[120.7175,18.2838],[120.7172,18.28425],[120.71715,18.28425],[120.7163,18.2844],[120.71595,18.2838],[120.71595,18.28375],[120.7158,18.2836],[120.71575,18.2836],[120.71545,18.28375],[120.71545,18.2838],[120.7151,18.28385],[120.7151,18.28375],[120.71505,18.28375],[120.7156,18.28275],[120.7156,18.2827],[120.71575,18.2827],[120.7164,18.28255],[120.71645,18.28255],[120.7165,18.28255],[120.71665,18.28275],[120.7166,18.28275],[120.7166,18.2829],[120.7165,18.28355],[120.7165,18.2836],[120.71655,18.2836],[120.7166,18.2836],[120.7167,18.28355],[120.7167,18.2835],[120.71675,18.2835],[120.71675,18.28345],[120.71675,18.2834],[120.717,18.2828],[120.717,18.28275],[120.717,18.2827],[120.71725,18.28255],[120.71725,18.2825],[120.71725,18.2824],[120.71725,18.28235],[120.71735,18.28225],[120.71745,18.28215],[120.7175,18.28215],[120.7175,18.2821],[120.71755,18.2821],[120.7176,18.2821],[120.7176,18.28205],[120.71765,18.28205],[120.7177,18.28205],[120.7177,18.282],[120.7178,18.282],[120.7179,18.28195],[120.718,18.28195],[120.718,18.2819],[120.7181,18.2819],[120.71815,18.2819],[120.71805,18.2817],[120.71785,18.2817],[120.7164,18.28125],[120.7164,18.28165],[120.7163,18.28165],[120.71535,18.28245],[120.7153,18.28245],[120.7149,18.28275],[120.71475,18.28275],[120.7143,18.28295],[120.71425,18.28295],[120.7143,18.28295],[120.7141,18.28365],[120.71405,18.28365],[120.71415,18.2837],[120.71415,18.2838],[120.71485,18.28415],[120.71495,18.28415],[120.7154,18.2845],[120.7155,18.2845],[120.71565,18.28485],[120.7157,18.28485],[120.7163,18.2853],[120.7164,18.2853],[120.71645,18.2853],[120.71645,18.28535],[120.7165,18.28535],[120.71655,18.28535],[120.71655,18.2854],[120.7166,18.2854],[120.7178,18.287],[120.71785,18.287],[120.7183,18.2877],[120.71825,18.2877],[120.71885,18.2885],[120.7189,18.2885],[120.7189,18.2893],[120.72005,18.2896],[120.72005,18.28965],[120.7209,18.2904],[120.72095,18.2915],[120.721,18.2915],[120.721,18.2916],[120.72105,18.2916],[120.72125,18.29235],[120.7213,18.29235],[120.7213,18.29245],[120.72165,18.2927],[120.72165,18.2928],[120.72175,18.2928],[120.7218,18.2928],[120.7227,18.2937],[120.72275,18.2937],[120.7237,18.2945],[120.72375,18.2945],[120.7248,18.29555],[120.72505,18.29655],[120.72515,18.29655],[120.7252,18.29655],[120.72525,18.2965],[120.7253,18.2965],[120.7253,18.2963],[120.7253,18.2962],[120.7251,18.2958],[120.7251,18.29565],[120.7251,18.2955],[120.7251,18.29545],[120.7247,18.2948],[120.72475,18.29385],[120.7235,18.29275],[120.7234,18.29275],[120.7234,18.2927],[120.72335,18.2927],[120.7229,18.2923],[120.723,18.2909],[120.72305,18.2909],[120.72275,18.2908],[120.7226,18.2908],[120.7218,18.2905],[120.7216,18.2889],[120.7218,18.2876],[120.7224,18.28705],[120.72245,18.28705],[120.72265,18.28685],[120.72285,18.28685],[120.72265,18.2861],[120.7229,18.28525],[120.72295,18.28525],[120.723,18.28525],[120.7231,18.28525],[120.72315,18.28525],[120.72335,18.28525],[120.72225,18.28515],[120.7229,18.2839],[120.7229,18.2838],[120.72295,18.28375],[120.723,18.28375],[120.72305,18.28355],[120.7226,18.28355],[120.7224,18.28265],[120.72235,18.28265],[120.7226,18.282],[120.7226,18.28195],[120.72265,18.28195],[120.7227,18.28195],[120.72275,18.28195],[120.7228,18.28195],[120.7231,18.28155],[120.72315,18.28155],[120.7226,18.2812],[120.72255,18.2812],[120.72215,18.28095],[120.72235,18.27985],[120.72285,18.2793],[120.7237,18.2797],[120.72375,18.2797],[120.7238,18.2796],[120.72385,18.2796],[120.7243,18.2801],[120.72435,18.2801],[120.72455,18.2794],[120.7246,18.2794],[120.72465,18.27945],[120.72465,18.2794],[120.72535,18.2795],[120.7254,18.2795],[120.72545,18.2795],[120.7254,18.2795],[120.7254,18.2794],[120.72535,18.2794],[120.72535,18.27825],[120.7254,18.27825],[120.7262,18.2779],[120.7271,18.27875],[120.7259,18.27965],[120.72545,18.27955],[120.7254,18.28045],[120.72535,18.28045],[120.72535,18.2808],[120.7252,18.28115],[120.72515,18.28115],[120.72515,18.28135],[120.7256,18.2815],[120.72565,18.2815],[120.72655,18.28225],[120.7266,18.28225],[120.72685,18.2829],[120.72675,18.2829],[120.72675,18.283],[120.72765,18.2835],[120.72795,18.28325],[120.72775,18.2826],[120.72775,18.28255],[120.72775,18.2825],[120.72765,18.28235],[120.7273,18.28235],[120.7273,18.2824],[120.727,18.2822],[120.727,18.28215],[120.727,18.2819],[120.72705,18.2819],[120.72705,18.28175],[120.72705,18.2816],[120.7269,18.2814],[120.7269,18.28115],[120.7269,18.2811],[120.72695,18.2807],[120.727,18.2807],[120.72705,18.2805],[120.7271,18.2805],[120.7271,18.28045],[120.72705,18.28],[120.7271,18.28],[120.72755,18.2794],[120.7276,18.2794],[120.72805,18.2792],[120.72895,18.28025],[120.729,18.28025],[120.72965,18.2815],[120.7305,18.28135],[120.7306,18.28135],[120.73115,18.28155],[120.73195,18.2826],[120.7318,18.28305],[120.73175,18.28305],[120.7318,18.2838],[120.73185,18.2838],[120.73185,18.28395],[120.73185,18.28405],[120.73185,18.2842],[120.7319,18.2842],[120.73165,18.2848],[120.7318,18.28575],[120.73185,18.28575],[120.7321,18.28615],[120.7323,18.28565],[120.73195,18.28505],[120.7324,18.28415],[120.73285,18.28445],[120.7335,18.2852],[120.73365,18.28445],[120.7336,18.28445],[120.73335,18.284],[120.73335,18.28395],[120.7335,18.28365],[120.7334,18.28365],[120.7329,18.28335],[120.7328,18.28335],[120.73275,18.28325],[120.73265,18.28325],[120.7329,18.2824],[120.7329,18.28235],[120.7329,18.2823],[120.73295,18.2823],[120.73315,18.2823],[120.73315,18.28225],[120.7332,18.28225],[120.7337,18.28205],[120.7338,18.28205],[120.7339,18.28185],[120.7339,18.2817],[120.73395,18.2817],[120.734,18.2817],[120.734,18.28165],[120.734,18.2816],[120.73405,18.2816],[120.7341,18.2816],[120.7341,18.28155],[120.73415,18.28155],[120.7342,18.28155],[120.7342,18.2815],[120.73425,18.2815],[120.73425,18.28155],[120.7344,18.28145],[120.7344,18.28135],[120.73445,18.28135],[120.73455,18.28135],[120.73455,18.28125],[120.73455,18.2812],[120.7346,18.2812],[120.73475,18.2812],[120.73475,18.28115],[120.73475,18.2811],[120.7348,18.2811],[120.73485,18.28115],[120.7349,18.28115],[120.73515,18.2812],[120.7352,18.2812],[120.73525,18.28135],[120.7354,18.2813],[120.73535,18.28105],[120.7353,18.2807],[120.7353,18.28065],[120.73535,18.28065],[120.7357,18.28015],[120.7358,18.28015],[120.73595,18.2796],[120.736,18.2796],[120.7363,18.27905],[120.7363,18.279],[120.7363,18.27895],[120.73635,18.279],[120.73645,18.279],[120.73645,18.27895],[120.73645,18.2789],[120.7365,18.2789],[120.73655,18.2789],[120.73725,18.2778],[120.7373,18.2778],[120.7378,18.2776],[120.7378,18.27755],[120.7378,18.27735],[120.7377,18.27725],[120.7377,18.2771],[120.73765,18.2771],[120.73715,18.2771],[120.73705,18.2772],[120.737,18.2772],[120.73635,18.2785],[120.7358,18.27885],[120.7358,18.2795],[120.7358,18.27955],[120.73485,18.2797],[120.7348,18.2797],[120.73365,18.28005],[120.73365,18.28015],[120.7337,18.28015],[120.73375,18.28015],[120.73375,18.2802],[120.7338,18.2802],[120.7338,18.28025],[120.73385,18.28025],[120.7343,18.28085],[120.7341,18.281],[120.73405,18.28105],[120.734,18.28105],[120.73345,18.2812],[120.7334,18.2812],[120.7324,18.28195],[120.73205,18.28185],[120.732,18.28185],[120.732,18.28175],[120.73225,18.28125],[120.7323,18.28125],[120.7323,18.28115],[120.733,18.27985],[120.73305,18.27985],[120.7332,18.2796],[120.73325,18.2796],[120.7333,18.2796],[120.7333,18.27955],[120.73335,18.27955],[120.7335,18.2791],[120.73345,18.27905],[120.73325,18.279],[120.7332,18.279],[120.7332,18.27895],[120.73315,18.2786],[120.7332,18.2786],[120.73345,18.2779],[120.7334,18.2779],[120.73375,18.2773],[120.73375,18.27725],[120.73395,18.2772],[120.73385,18.27655],[120.7338,18.27655],[120.73395,18.27595],[120.7337,18.27595],[120.73355,18.2761],[120.7335,18.2761],[120.7334,18.2763],[120.73335,18.2763],[120.73315,18.27645],[120.73275,18.27645],[120.73235,18.27645],[120.73215,18.2767],[120.7322,18.27735],[120.7319,18.2776],[120.7319,18.27795],[120.73195,18.27795],[120.73195,18.278],[120.7327,18.27865],[120.7324,18.27885],[120.73145,18.2786],[120.7307,18.2786],[120.73055,18.2785],[120.7295,18.27795],[120.7295,18.2779],[120.72945,18.2779],[120.72945,18.27765],[120.7295,18.27735],[120.7295,18.2773],[120.72955,18.27725],[120.7297,18.27715],[120.72985,18.27715],[120.72995,18.27725],[120.73075,18.27675],[120.7308,18.27675],[120.73015,18.2765],[120.73015,18.27655],[120.72975,18.27695],[120.72955,18.2767],[120.72955,18.27665],[120.7295,18.27665],[120.72955,18.2763],[120.7298,18.27575],[120.73065,18.2759],[120.73065,18.27585],[120.7307,18.27585],[120.73075,18.27585],[120.73165,18.2759],[120.7328,18.2753],[120.73285,18.2747],[120.7319,18.27455],[120.73195,18.27455],[120.7333,18.2742],[120.73415,18.2751],[120.73495,18.27535],[120.735,18.27535],[120.7357,18.27595],[120.7363,18.2752],[120.73535,18.275],[120.73525,18.275],[120.73495,18.27455],[120.735,18.27455],[120.73395,18.27325],[120.7339,18.27325],[120.7339,18.2732],[120.7336,18.27315],[120.7336,18.2731],[120.73385,18.27265],[120.73385,18.2726],[120.7339,18.2726],[120.7339,18.27255],[120.7341,18.27255],[120.7341,18.27245],[120.73415,18.27225],[120.73415,18.2722],[120.7342,18.2722],[120.73495,18.2718],[120.73505,18.27275],[120.73575,18.27285],[120.73645,18.27155],[120.7365,18.27155],[120.7364,18.27135],[120.73645,18.27135],[120.73555,18.2704],[120.7355,18.2704],[120.73535,18.2701],[120.73485,18.26855],[120.73495,18.2684],[120.735,18.2684],[120.7352,18.2684],[120.7353,18.2685],[120.73535,18.2685],[120.73545,18.2685],[120.7362,18.2688],[120.73625,18.2678],[120.7363,18.2678],[120.7363,18.26775],[120.73635,18.26775],[120.7366,18.26745],[120.73665,18.26745],[120.73695,18.26725],[120.73855,18.26745],[120.73885,18.2669],[120.73875,18.2669],[120.73765,18.26615],[120.73755,18.2657],[120.7376,18.2657],[120.73885,18.2648],[120.73965,18.2654],[120.7397,18.2654],[120.7397,18.266],[120.73975,18.2662],[120.73985,18.2662],[120.7402,18.2649],[120.73995,18.26465],[120.7399,18.26465],[120.73935,18.26425],[120.74,18.2636],[120.7401,18.2636],[120.74015,18.2637],[120.74025,18.26385],[120.7403,18.26395],[120.7403,18.26405],[120.74035,18.26405],[120.74115,18.2652],[120.74145,18.2652],[120.74145,18.26515],[120.7415,18.26515],[120.7416,18.26475],[120.7428,18.26375],[120.7432,18.26275],[120.7431,18.2612],[120.7431,18.2611],[120.7431,18.2605],[120.7431,18.26045],[120.7432,18.26045],[120.744,18.26035],[120.7441,18.26035],[120.7441,18.2603],[120.74415,18.26035],[120.7442,18.26025],[120.7443,18.26025],[120.7447,18.25915],[120.74545,18.2587],[120.7455,18.25875],[120.7455,18.2588],[120.74565,18.2589],[120.74565,18.25895],[120.74575,18.259],[120.7458,18.259],[120.74635,18.2592],[120.74635,18.25925],[120.74585,18.2603],[120.7458,18.2603],[120.74575,18.2606],[120.7456,18.2606],[120.7456,18.26065],[120.74545,18.26115],[120.74645,18.261],[120.74675,18.261],[120.7469,18.26115],[120.74685,18.2613],[120.74655,18.26145],[120.74615,18.2618],[120.7461,18.2619],[120.7461,18.26195],[120.74625,18.26205],[120.74635,18.26205],[120.74645,18.26205],[120.7469,18.26195],[120.7469,18.2619],[120.74695,18.2619],[120.74735,18.2615],[120.7474,18.2615],[120.7478,18.2617],[120.7479,18.26175],[120.7479,18.2618],[120.74795,18.2618],[120.7485,18.26175],[120.7486,18.26175],[120.749,18.26145],[120.7491,18.26145],[120.7491,18.2614],[120.7494,18.26135],[120.74945,18.26135],[120.75045,18.26125],[120.7505,18.2613],[120.7505,18.26135],[120.75055,18.2616],[120.7504,18.26195],[120.75035,18.26195],[120.7493,18.26315],[120.7493,18.2633],[120.7485,18.2641],[120.7484,18.2641],[120.7483,18.2641],[120.7478,18.26355],[120.74775,18.26355],[120.74775,18.2633],[120.74765,18.2633],[120.7468,18.26405],[120.74675,18.26405],[120.7469,18.2643],[120.747,18.2643],[120.74785,18.26495],[120.74865,18.2648],[120.74915,18.26435],[120.7492,18.26435],[120.74995,18.2637],[120.75005,18.2637],[120.75005,18.26365],[120.7501,18.26365],[120.7502,18.2635],[120.7503,18.2635],[120.7503,18.26345],[120.75035,18.2634],[120.7504,18.2634],[120.7505,18.26335],[120.75055,18.26335],[120.75055,18.2633],[120.75065,18.2633],[120.7508,18.2634],[120.7508,18.2635],[120.75085,18.2635],[120.7509,18.26365],[120.75095,18.26365],[120.75185,18.26375],[120.75215,18.2631],[120.7522,18.2631],[120.7529,18.26275],[120.7529,18.2628],[120.75295,18.2628],[120.75315,18.263],[120.7532,18.263],[120.75325,18.26315],[120.7533,18.26345],[120.7524,18.26425],[120.75215,18.26425],[120.75205,18.26415],[120.752,18.2641],[120.7519,18.26405],[120.7519,18.2641],[120.7517,18.26425],[120.7516,18.26425],[120.7506,18.2644],[120.75055,18.2644],[120.74965,18.2646],[120.7494,18.2646],[120.74935,18.2646],[120.74935,18.2651],[120.7494,18.2651],[120.7496,18.2654],[120.7496,18.26555],[120.74965,18.26555],[120.74965,18.26565],[120.7495,18.2658],[120.7485,18.2661],[120.7484,18.26625],[120.7482,18.26625],[120.74805,18.26615],[120.748,18.26615],[120.74795,18.26605],[120.74795,18.266],[120.74795,18.26595],[120.74785,18.2659],[120.74785,18.26585],[120.74725,18.26575],[120.74655,18.26525],[120.7463,18.26515],[120.74605,18.26515],[120.7456,18.2654],[120.7456,18.26545],[120.7456,18.2658],[120.7456,18.26585],[120.74465,18.2659],[120.7446,18.2659],[120.74455,18.26585],[120.74455,18.2658],[120.7437,18.26575],[120.7435,18.26575],[120.7435,18.2658],[120.7434,18.2658],[120.7434,18.26585],[120.74365,18.26645],[120.7448,18.26685],[120.74465,18.2674],[120.74455,18.26755],[120.7445,18.26755],[120.74475,18.2682],[120.74605,18.26845],[120.7461,18.26845],[120.74625,18.26855],[120.7459,18.269],[120.7459,18.26895],[120.74525,18.2691],[120.7452,18.2692],[120.7451,18.2692],[120.7448,18.26985],[120.74475,18.26985],[120.74475,18.2699],[120.74325,18.27005],[120.74295,18.2714],[120.7422,18.27135],[120.74095,18.27145],[120.7408,18.27145],[120.7408,18.2714],[120.7404,18.2714],[120.7404,18.27135],[120.74015,18.2713],[120.74015,18.2712],[120.74015,18.27115],[120.7402,18.27115],[120.7402,18.2711],[120.7402,18.27105],[120.74025,18.27105],[120.74025,18.27095],[120.74015,18.2708],[120.74015,18.27075],[120.74,18.27075],[120.7392,18.27085],[120.73905,18.27085],[120.73905,18.2708],[120.739,18.27095],[120.7391,18.27095],[120.7391,18.2709],[120.73915,18.2709],[120.73945,18.27095],[120.73975,18.27155],[120.73975,18.2716],[120.7396,18.272],[120.7395,18.272],[120.7396,18.2729],[120.73965,18.2729],[120.74065,18.27345],[120.7402,18.2744],[120.74015,18.2744],[120.74,18.27455],[120.73995,18.27455],[120.7402,18.2752],[120.7402,18.27525],[120.74025,18.27525],[120.7403,18.27525],[120.74045,18.27575],[120.7398,18.27665],[120.73985,18.27665],[120.74,18.27675],[120.7402,18.27675],[120.7405,18.27715],[120.74125,18.277],[120.74105,18.2765],[120.74185,18.27605],[120.742,18.27605],[120.74205,18.27605],[120.742,18.27605],[120.7422,18.27595],[120.7425,18.27595],[120.74195,18.275],[120.7419,18.275],[120.7424,18.27445],[120.7425,18.27445],[120.7425,18.2745],[120.74255,18.2745],[120.7426,18.27375],[120.74265,18.27375],[120.74265,18.2736],[120.7427,18.2736],[120.7427,18.27355],[120.74285,18.27355],[120.74295,18.27365],[120.74305,18.27365],[120.7432,18.27375],[120.7432,18.2738],[120.7439,18.27475],[120.7447,18.2746],[120.7448,18.2742],[120.7448,18.27415],[120.7448,18.2741],[120.7446,18.27415],[120.7446,18.27425],[120.74405,18.2737],[120.7439,18.2734],[120.74385,18.2734],[120.7439,18.2726],[120.7439,18.27265],[120.74435,18.27225],[120.7443,18.27105],[120.7453,18.2702],[120.74545,18.2702],[120.74615,18.2697],[120.7462,18.2697],[120.74625,18.2697],[120.7463,18.2698],[120.7462,18.27035],[120.7462,18.2707],[120.7469,18.27115],[120.74795,18.2705],[120.7482,18.2703],[120.7484,18.2698],[120.7484,18.2697],[120.7482,18.2695],[120.7482,18.26945],[120.7482,18.2693],[120.7482,18.2692],[120.7482,18.26905],[120.7494,18.2689],[120.74945,18.2689],[120.75015,18.269],[120.7507,18.2705],[120.75075,18.2705],[120.75125,18.26995],[120.75135,18.26995],[120.7514,18.27005],[120.7514,18.27035],[120.75205,18.27015],[120.7521,18.27015],[120.75215,18.2701],[120.75215,18.27],[120.75215,18.26995],[120.7522,18.26995],[120.7522,18.26975],[120.75225,18.26975],[120.75225,18.2697],[120.75225,18.26965],[120.7523,18.26965],[120.7523,18.2696],[120.7523,18.26955],[120.7523,18.2695],[120.7525,18.26925],[120.75255,18.26925],[120.7526,18.26915],[120.75265,18.26915],[120.7532,18.26865],[120.7532,18.2686],[120.75325,18.2686],[120.75325,18.26855],[120.7534,18.26835],[120.75345,18.26835],[120.75345,18.2683],[120.7534,18.2683],[120.7525,18.26795],[120.7525,18.2679],[120.75255,18.267],[120.75255,18.26695],[120.7527,18.26695],[120.75275,18.267],[120.7531,18.26715],[120.7532,18.26715],[120.75325,18.26715],[120.75325,18.2672],[120.7533,18.2672],[120.75335,18.2672],[120.7534,18.2672],[120.75335,18.26725],[120.75345,18.26725],[120.7535,18.26725],[120.75355,18.26725]],[[120.741,18.2797],[120.7405,18.27955],[120.7404,18.27955],[120.7399,18.28005],[120.74025,18.2805],[120.74045,18.2823],[120.74205,18.2826],[120.7422,18.2826],[120.7422,18.28265],[120.7424,18.28265],[120.7424,18.2824],[120.7423,18.2823],[120.7423,18.28215],[120.74245,18.28155],[120.74245,18.2815],[120.74245,18.28145],[120.74245,18.28125],[120.74225,18.2809],[120.74225,18.2808],[120.74225,18.28075],[120.7422,18.2807],[120.74225,18.2806],[120.742,18.2803],[120.74195,18.28025],[120.74195,18.28015],[120.7419,18.28015],[120.74185,18.2801],[120.74185,18.28005],[120.7418,18.28005],[120.7418,18.27995],[120.7415,18.27995],[120.74105,18.2797],[120.741,18.2797]],[[120.73235,18.31215],[120.7326,18.31175],[120.73255,18.31175],[120.7323,18.31135],[120.73225,18.31135],[120.7321,18.3111],[120.73205,18.3111],[120.7313,18.3102],[120.7313,18.30985],[120.73125,18.30985],[120.73125,18.3098],[120.7311,18.30945],[120.73095,18.30945],[120.73075,18.3099],[120.73025,18.3097],[120.7299,18.30935],[120.72915,18.30705],[120.72895,18.30725],[120.7288,18.30725],[120.72865,18.30705],[120.7286,18.30705],[120.7284,18.30685],[120.7283,18.30685],[120.728,18.3067],[120.72795,18.3067],[120.72795,18.30665],[120.7279,18.30665],[120.7278,18.3064],[120.72775,18.3064],[120.72795,18.30545],[120.72865,18.30505],[120.7288,18.30505],[120.72945,18.3051],[120.7295,18.3051],[120.7297,18.30465],[120.72965,18.30465],[120.72845,18.3045],[120.7284,18.3045],[120.72745,18.3041],[120.7277,18.30355],[120.72765,18.3035],[120.72795,18.303],[120.72795,18.30295],[120.7277,18.30295],[120.72735,18.30245],[120.72735,18.3024],[120.72725,18.3024],[120.72725,18.30235],[120.727,18.30225],[120.7269,18.30225],[120.7268,18.3021],[120.726,18.3015],[120.72595,18.30145],[120.72585,18.30145],[120.72585,18.3014],[120.7257,18.3014],[120.7257,18.30145],[120.72555,18.30145],[120.72525,18.30155],[120.72525,18.3016],[120.72545,18.3019],[120.7255,18.3019],[120.72685,18.303],[120.72725,18.30395],[120.7272,18.30395],[120.727,18.30435],[120.72755,18.305],[120.7276,18.305],[120.72715,18.3063],[120.7263,18.3065],[120.7252,18.30545],[120.72515,18.3054],[120.72495,18.3054],[120.72485,18.3056],[120.7247,18.3056],[120.72435,18.3056],[120.7242,18.30565],[120.72395,18.3058],[120.7233,18.30585],[120.72305,18.3053],[120.7224,18.30495],[120.7226,18.3058],[120.72255,18.3058],[120.72115,18.30575],[120.7205,18.3049],[120.72045,18.3049],[120.72045,18.30495],[120.72025,18.30545],[120.7202,18.30545],[120.72065,18.306],[120.7223,18.30665],[120.7227,18.3065],[120.723,18.3065],[120.723,18.30655],[120.72305,18.30655],[120.7232,18.3068],[120.7232,18.3071],[120.7229,18.307],[120.72265,18.307],[120.7227,18.30735],[120.7228,18.30735],[120.72285,18.30735],[120.72285,18.3073],[120.72355,18.3075],[120.72345,18.3075],[120.7233,18.30755],[120.72325,18.30755],[120.72295,18.3077],[120.72305,18.3077],[120.7232,18.3081],[120.723,18.3081],[120.72305,18.30815],[120.7231,18.3082],[120.7232,18.3085],[120.7232,18.3088],[120.7221,18.3093],[120.7227,18.30995],[120.7228,18.30995],[120.72335,18.3107],[120.7234,18.3107],[120.72345,18.31095],[120.7235,18.31095],[120.7236,18.3114],[120.72405,18.31125],[120.72405,18.3112],[120.72425,18.3112],[120.72425,18.31115],[120.72435,18.31115],[120.72435,18.3111],[120.7244,18.3111],[120.72445,18.3111],[120.7246,18.31115],[120.72465,18.31115],[120.72475,18.31115],[120.725,18.3112],[120.72505,18.3112],[120.72505,18.31115],[120.7251,18.31115],[120.72515,18.31115],[120.72515,18.3111],[120.7252,18.3111],[120.72525,18.3111],[120.72525,18.31105],[120.7253,18.31105],[120.7253,18.311],[120.72535,18.311],[120.72535,18.31095],[120.72545,18.31095],[120.72555,18.3104],[120.72685,18.3095],[120.7269,18.3095],[120.72705,18.3092],[120.7271,18.3092],[120.72765,18.3088],[120.72825,18.30955],[120.7299,18.3104],[120.72995,18.3104],[120.7301,18.31155],[120.72935,18.3122],[120.73,18.31235],[120.7302,18.31195],[120.73105,18.31205],[120.73105,18.31215],[120.73165,18.3125],[120.7317,18.3125],[120.73235,18.31215]],[[120.68415,18.277],[120.6824,18.27655],[120.6824,18.27665],[120.68245,18.27665],[120.6826,18.278],[120.68255,18.278],[120.6822,18.2787],[120.68225,18.2787],[120.68235,18.279],[120.6824,18.279],[120.68265,18.27895],[120.6828,18.27895],[120.6828,18.279],[120.68285,18.279],[120.6829,18.279],[120.6829,18.27905],[120.6829,18.2791],[120.68295,18.2791],[120.683,18.2791],[120.6833,18.278],[120.68335,18.278],[120.6834,18.278],[120.6834,18.27795],[120.6846,18.27825],[120.68465,18.27825],[120.68465,18.278],[120.6846,18.278],[120.6846,18.2779],[120.6846,18.27785],[120.68455,18.27785],[120.68445,18.27765],[120.6844,18.27765],[120.6844,18.2776],[120.68435,18.27755],[120.6843,18.27745],[120.68415,18.2771],[120.68415,18.27705],[120.68415,18.277]],[[120.7007,18.28405],[120.7008,18.28505],[120.70075,18.28505],[120.7007,18.28545],[120.70075,18.28545],[120.70095,18.2857],[120.701,18.2857],[120.70105,18.2857],[120.70105,18.28575],[120.7016,18.28575],[120.70165,18.28575],[120.7017,18.28575],[120.70175,18.2857],[120.70175,18.28565],[120.70175,18.2856],[120.7018,18.2856],[120.7018,18.28555],[120.7018,18.2855],[120.70215,18.2845],[120.7022,18.2845],[120.70255,18.2835],[120.7015,18.28355],[120.7007,18.28405]],[[120.70725,18.3269],[120.70695,18.32625],[120.7064,18.3264],[120.70645,18.3264],[120.70685,18.3271],[120.7076,18.32755],[120.70775,18.32885],[120.7076,18.3305],[120.70885,18.3315],[120.70925,18.3322],[120.70935,18.3322],[120.70965,18.3336],[120.7103,18.3346],[120.71035,18.3346],[120.71075,18.33485],[120.71055,18.33325],[120.7099,18.3314],[120.71025,18.33065],[120.7103,18.33065],[120.71035,18.3305],[120.7104,18.3305],[120.71045,18.3305],[120.71075,18.3302],[120.71075,18.33015],[120.7108,18.3301],[120.7109,18.3301],[120.71095,18.33],[120.711,18.33],[120.71115,18.3299],[120.71115,18.32975],[120.7109,18.3297],[120.71045,18.33],[120.70955,18.32975],[120.7097,18.3291],[120.70975,18.3291],[120.7087,18.329],[120.7087,18.32815],[120.70795,18.32725],[120.70795,18.327],[120.70785,18.327],[120.70725,18.327],[120.70725,18.3269]],[[120.7517,18.28545],[120.7517,18.2852],[120.7517,18.28515],[120.75175,18.28515],[120.7517,18.28505],[120.75145,18.28505],[120.74965,18.2862],[120.7492,18.28725],[120.7493,18.28725],[120.7489,18.2886],[120.74885,18.2886],[120.7488,18.2894],[120.7493,18.2897],[120.75065,18.28835],[120.7506,18.28835],[120.75055,18.28785],[120.7505,18.28785],[120.7505,18.2878],[120.75055,18.2878],[120.75055,18.28765],[120.7506,18.28765],[120.7507,18.28755],[120.75085,18.28755],[120.75085,18.28745],[120.75085,18.28735],[120.7508,18.28735],[120.7508,18.28695],[120.75085,18.28695],[120.75105,18.2864],[120.7511,18.2864],[120.7517,18.2855],[120.75165,18.2855],[120.75165,18.28545],[120.7517,18.28545]],[[120.7138,18.26965],[120.71495,18.27005],[120.71515,18.26985],[120.7148,18.2684],[120.71465,18.2684],[120.71465,18.26835],[120.7145,18.26835],[120.71425,18.2683],[120.7141,18.2683],[120.71405,18.2683],[120.71405,18.26835],[120.71395,18.2684],[120.7136,18.26835],[120.7136,18.2684],[120.71345,18.2684],[120.7133,18.2686],[120.71325,18.2686],[120.71325,18.26885],[120.7133,18.26885],[120.7133,18.269],[120.71385,18.2696],[120.7138,18.2696],[120.7138,18.26965]]],[[[120.7133,18.3573],[120.7053,18.3573],[120.70475,18.3565],[120.70485,18.3554],[120.7043,18.3551],[120.7049,18.354],[120.705,18.354],[120.7051,18.354],[120.7052,18.354],[120.70575,18.35495],[120.7066,18.3558],[120.7068,18.35655],[120.7069,18.35655],[120.70695,18.35655],[120.7072,18.35655],[120.70825,18.3572],[120.70845,18.3557],[120.709,18.35555],[120.70905,18.35555],[120.70935,18.3563],[120.7104,18.35555],[120.7116,18.3553],[120.7116,18.35525],[120.71165,18.35525],[120.7117,18.35525],[120.7117,18.3553],[120.7118,18.3553],[120.71195,18.3556],[120.712,18.3556],[120.7129,18.35655],[120.7133,18.3573]]],[[[120.75355,18.30555],[120.75355,18.31505],[120.75235,18.31285],[120.7523,18.31285],[120.752,18.3116],[120.7518,18.3116],[120.75165,18.3114],[120.7517,18.3114],[120.75095,18.3108],[120.7509,18.3108],[120.75025,18.3108],[120.7503,18.3108],[120.75015,18.3113],[120.7501,18.3113],[120.7511,18.31255],[120.75115,18.31255],[120.75125,18.3127],[120.7512,18.3127],[120.75125,18.3129],[120.7513,18.3129],[120.75125,18.3138],[120.7522,18.31455],[120.75225,18.31455],[120.75255,18.3155],[120.75255,18.31555],[120.75245,18.3156],[120.75235,18.31565],[120.7513,18.31615],[120.75205,18.3168],[120.75145,18.3175],[120.75235,18.3182],[120.7526,18.3182],[120.75265,18.31835],[120.7527,18.31835],[120.7525,18.3189],[120.75255,18.3189],[120.75315,18.3196],[120.75335,18.32115],[120.7535,18.32115],[120.75355,18.32115],[120.75355,18.32155],[120.75355,18.322],[120.75355,18.32205],[120.75355,18.3221],[120.75355,18.3231],[120.75345,18.32315],[120.75335,18.32315],[120.7535,18.32375],[120.75355,18.32375],[120.75355,18.3246],[120.7532,18.32435],[120.75315,18.32435],[120.75315,18.32425],[120.7531,18.32425],[120.7531,18.3242],[120.7531,18.3241],[120.75255,18.3237],[120.7525,18.3237],[120.75245,18.323],[120.75175,18.3224],[120.7511,18.3228],[120.751,18.32295],[120.7502,18.32255],[120.75045,18.32135],[120.7505,18.32135],[120.7504,18.32105],[120.75035,18.32105],[120.7502,18.3207],[120.74965,18.31975],[120.7497,18.31975],[120.74965,18.3187],[120.7497,18.3187],[120.74975,18.31735],[120.7498,18.31735],[120.74985,18.3166],[120.7493,18.3157],[120.74935,18.3142],[120.74995,18.31335],[120.7498,18.31275],[120.74975,18.31275],[120.7489,18.3129],[120.74845,18.312],[120.74855,18.31105],[120.74845,18.31105],[120.748,18.31155],[120.74795,18.31155],[120.74725,18.3104],[120.7475,18.30945],[120.74755,18.30945],[120.7478,18.30905],[120.7476,18.30885],[120.74755,18.30885],[120.7466,18.3099],[120.7469,18.31075],[120.7478,18.312],[120.74795,18.3141],[120.7479,18.3141],[120.74785,18.3146],[120.7487,18.315],[120.74875,18.315],[120.74875,18.31505],[120.7488,18.31505],[120.7488,18.31525],[120.7486,18.3156],[120.7486,18.31565],[120.7486,18.3157],[120.74855,18.3157],[120.7485,18.31605],[120.74845,18.31605],[120.74875,18.3183],[120.7488,18.3183],[120.74875,18.31845],[120.7487,18.31845],[120.74865,18.31905],[120.74845,18.31925],[120.7484,18.3193],[120.7483,18.31995],[120.74825,18.31995],[120.7487,18.3211],[120.7486,18.3211],[120.74905,18.3219],[120.7486,18.32285],[120.7496,18.32335],[120.7496,18.3234],[120.74965,18.3235],[120.7496,18.3235],[120.7498,18.32395],[120.7499,18.32395],[120.7504,18.32415],[120.75045,18.32415],[120.7505,18.32415],[120.75055,18.32415],[120.75115,18.32395],[120.7512,18.32395],[120.7512,18.32405],[120.75125,18.3241],[120.7513,18.32415],[120.7513,18.3243],[120.7512,18.3243],[120.75075,18.32465],[120.7505,18.32575],[120.7498,18.326],[120.7497,18.326],[120.74965,18.32595],[120.74965,18.32585],[120.74965,18.3255],[120.74915,18.3265],[120.74925,18.3265],[120.7496,18.32655],[120.7497,18.32655],[120.7497,18.3265],[120.7499,18.3263],[120.7499,18.3262],[120.75,18.3262],[120.75005,18.3262],[120.7502,18.3263],[120.7503,18.3263],[120.7506,18.32625],[120.75065,18.32625],[120.75155,18.32585],[120.75165,18.32585],[120.75165,18.3259],[120.7517,18.3259],[120.75175,18.3259],[120.75175,18.32595],[120.7518,18.32595],[120.75185,18.3261],[120.75195,18.3261],[120.7526,18.326],[120.7527,18.326],[120.75355,18.3255],[120.75355,18.33665],[120.75235,18.33705],[120.75225,18.33705],[120.75215,18.33715],[120.752,18.33715],[120.752,18.3372],[120.75165,18.3372],[120.75155,18.3371],[120.75155,18.33705],[120.75155,18.337],[120.7515,18.3369],[120.7514,18.33695],[120.75145,18.33695],[120.7515,18.33705],[120.75155,18.33735],[120.7515,18.33765],[120.7515,18.3378],[120.75095,18.33835],[120.75095,18.3384],[120.75105,18.3384],[120.75105,18.33845],[120.75115,18.33845],[120.75115,18.3385],[120.7512,18.3385],[120.7512,18.3386],[120.7512,18.33865],[120.75125,18.33865],[120.75125,18.3387],[120.7512,18.3387],[120.75135,18.34005],[120.75215,18.34025],[120.7522,18.34025],[120.75215,18.34125],[120.7521,18.34125],[120.75145,18.3429],[120.7515,18.3429],[120.7515,18.3435],[120.75155,18.3435],[120.7511,18.3445],[120.7511,18.3457],[120.75015,18.34605],[120.7502,18.34605],[120.75025,18.34615],[120.74935,18.3466],[120.749,18.3466],[120.749,18.34655],[120.74895,18.34595],[120.7488,18.34585],[120.7488,18.3458],[120.74815,18.34555],[120.74815,18.3455],[120.7481,18.3455],[120.74805,18.3454],[120.748,18.3454],[120.748,18.34535],[120.7479,18.34535],[120.74785,18.3453],[120.7478,18.34525],[120.7478,18.3452],[120.74775,18.3452],[120.74775,18.34515],[120.7476,18.34505],[120.74735,18.345],[120.74735,18.34505],[120.7473,18.34505],[120.74755,18.34595],[120.74765,18.34595],[120.7478,18.34575],[120.7479,18.34575],[120.74845,18.34615],[120.7478,18.34655],[120.7478,18.3465],[120.7477,18.3465],[120.7477,18.34645],[120.74765,18.34645],[120.7476,18.34625],[120.7476,18.3462],[120.74715,18.34615],[120.74715,18.3461],[120.7467,18.34605],[120.7449,18.3454],[120.7429,18.34565],[120.74155,18.34525],[120.7411,18.34485],[120.7411,18.34475],[120.74105,18.34475],[120.74105,18.3447],[120.741,18.3447],[120.7403,18.34375],[120.74025,18.34375],[120.7406,18.343],[120.74065,18.343],[120.74055,18.3425],[120.74015,18.3428],[120.7401,18.34315],[120.7395,18.34275],[120.73935,18.3427],[120.7393,18.3427],[120.73915,18.34295],[120.73905,18.34295],[120.7389,18.3425],[120.7389,18.34245],[120.7389,18.3424],[120.73895,18.3424],[120.7393,18.34225],[120.7393,18.34215],[120.73935,18.34215],[120.73935,18.34195],[120.7389,18.3409],[120.73895,18.3395],[120.7376,18.33845],[120.7367,18.3369],[120.73625,18.33565],[120.73615,18.33365],[120.7364,18.3322],[120.7352,18.33145],[120.7348,18.3306],[120.7348,18.3293],[120.73395,18.328],[120.7336,18.3268],[120.73315,18.32655],[120.73315,18.32645],[120.73335,18.3265],[120.73355,18.3265],[120.73355,18.3266],[120.73385,18.3266],[120.73385,18.32655],[120.73375,18.32555],[120.7337,18.32555],[120.73365,18.32545],[120.7336,18.32545],[120.7336,18.3254],[120.73355,18.3237],[120.7329,18.32225],[120.73315,18.32115],[120.73315,18.3211],[120.73315,18.32105],[120.73305,18.32095],[120.733,18.32095],[120.733,18.32085],[120.73405,18.31905],[120.73465,18.31865],[120.73525,18.31715],[120.7361,18.3163],[120.7372,18.31585],[120.7385,18.3146],[120.73945,18.31415],[120.74065,18.31435],[120.74125,18.3148],[120.7423,18.3144],[120.7428,18.31485],[120.74275,18.31485],[120.7424,18.3151],[120.7424,18.3152],[120.7419,18.31545],[120.7422,18.31705],[120.74335,18.31775],[120.7434,18.31775],[120.74345,18.31775],[120.7436,18.31775],[120.74365,18.31775],[120.74365,18.3177],[120.7439,18.3168],[120.74395,18.3168],[120.744,18.31675],[120.744,18.31665],[120.74415,18.31645],[120.74505,18.3166],[120.7451,18.3166],[120.7451,18.31655],[120.745,18.3163],[120.745,18.3162],[120.74495,18.3162],[120.74495,18.31615],[120.74475,18.31615],[120.74475,18.3161],[120.74475,18.31605],[120.7447,18.316],[120.7447,18.31595],[120.74475,18.31595],[120.7448,18.316],[120.74485,18.316],[120.74505,18.316],[120.74505,18.31595],[120.7452,18.31525],[120.7452,18.31515],[120.74515,18.31515],[120.74515,18.3151],[120.74515,18.31505],[120.7451,18.31505],[120.745,18.315],[120.745,18.31495],[120.745,18.31425],[120.745,18.3141],[120.74495,18.3141],[120.74495,18.31405],[120.74495,18.314],[120.7449,18.314],[120.7449,18.31395],[120.74485,18.31395],[120.7449,18.31385],[120.7447,18.31305],[120.74535,18.3108],[120.74565,18.30905],[120.7468,18.30805],[120.74805,18.30795],[120.74855,18.30855],[120.7486,18.30855],[120.74865,18.30855],[120.74865,18.3086],[120.7487,18.3086],[120.74885,18.3085],[120.74885,18.30845],[120.74885,18.30835],[120.7489,18.30835],[120.7489,18.3083],[120.7499,18.30795],[120.75005,18.30795],[120.75005,18.3079],[120.7503,18.3079],[120.7503,18.30785],[120.7504,18.30785],[120.7513,18.3079],[120.7518,18.30665],[120.7518,18.3066],[120.75185,18.3066],[120.75185,18.30655],[120.75245,18.3063],[120.75255,18.3063],[120.7526,18.3063],[120.7526,18.30625],[120.75355,18.30555]],[[120.73635,18.3204],[120.7362,18.32085],[120.73605,18.32085],[120.7362,18.32185],[120.7359,18.3223],[120.7359,18.32235],[120.73595,18.32275],[120.7366,18.32265],[120.7373,18.32265],[120.7373,18.32275],[120.73735,18.32275],[120.73735,18.3227],[120.7374,18.3227],[120.73845,18.3229],[120.739,18.3238],[120.7389,18.3244],[120.74025,18.32475],[120.74035,18.32475],[120.74045,18.325],[120.73955,18.3259],[120.7389,18.32565],[120.73885,18.32565],[120.73855,18.32495],[120.7385,18.32495],[120.7377,18.3251],[120.73795,18.32585],[120.73865,18.3263],[120.73875,18.3263],[120.7388,18.32645],[120.73885,18.32645],[120.73955,18.3277],[120.7396,18.3277],[120.74,18.32705],[120.74005,18.32705],[120.7409,18.3273],[120.7409,18.3278],[120.7409,18.3279],[120.7409,18.3281],[120.74115,18.3283],[120.7412,18.3283],[120.74155,18.32845],[120.74155,18.3284],[120.74175,18.3284],[120.74195,18.3284],[120.7423,18.3286],[120.74235,18.3286],[120.74235,18.3292],[120.74225,18.32925],[120.7411,18.32905],[120.7407,18.3293],[120.74045,18.3293],[120.73925,18.33005],[120.7371,18.32995],[120.73705,18.32995],[120.73655,18.32995],[120.7366,18.32995],[120.7369,18.3304],[120.73715,18.33035],[120.73715,18.3303],[120.7373,18.3303],[120.73745,18.3303],[120.73745,18.33025],[120.73745,18.3302],[120.73765,18.3302],[120.7377,18.3302],[120.73775,18.3302],[120.73795,18.3302],[120.738,18.3302],[120.73805,18.3302],[120.73815,18.3302],[120.73815,18.33025],[120.7382,18.33025],[120.7383,18.3302],[120.73835,18.3302],[120.73835,18.33025],[120.73845,18.3303],[120.73845,18.33025],[120.7385,18.33025],[120.73855,18.33025],[120.73855,18.3303],[120.73865,18.3303],[120.7387,18.33035],[120.7392,18.3313],[120.7394,18.3313],[120.73945,18.3313],[120.7399,18.3306],[120.7399,18.33055],[120.73995,18.33055],[120.73995,18.3305],[120.73995,18.33045],[120.74035,18.3301],[120.74045,18.3301],[120.74065,18.3302],[120.7407,18.3302],[120.74075,18.33035],[120.74085,18.33035],[120.7412,18.33045],[120.74125,18.33045],[120.74155,18.33035],[120.74155,18.3303],[120.7416,18.3303],[120.74165,18.3303],[120.7422,18.3301],[120.7423,18.3297],[120.7423,18.32965],[120.74235,18.32965],[120.7424,18.3296],[120.7424,18.3295],[120.74245,18.3295],[120.7425,18.3295],[120.7426,18.32935],[120.7427,18.32935],[120.7428,18.32935],[120.7428,18.3293],[120.7428,18.32925],[120.74285,18.3293],[120.7429,18.3293],[120.7429,18.32925],[120.743,18.32925],[120.743,18.3292],[120.7431,18.3292],[120.7431,18.32915],[120.74315,18.32915],[120.74325,18.32915],[120.74395,18.32885],[120.744,18.32885],[120.74405,18.32875],[120.74405,18.3287],[120.7444,18.3281],[120.7459,18.32745],[120.7459,18.32735],[120.74595,18.32735],[120.7463,18.3268],[120.7463,18.32665],[120.7463,18.3266],[120.74635,18.32645],[120.7464,18.32645],[120.74715,18.32605],[120.74715,18.3259],[120.74715,18.3258],[120.7472,18.3258],[120.7472,18.32575],[120.7472,18.3256],[120.7472,18.32545],[120.74725,18.32545],[120.74725,18.3254],[120.74725,18.32535],[120.7473,18.32535],[120.74825,18.3255],[120.74825,18.32545],[120.7484,18.32535],[120.7484,18.3253],[120.74845,18.3253],[120.74845,18.32515],[120.7474,18.32485],[120.7472,18.32485],[120.7472,18.3249],[120.747,18.3249],[120.747,18.32485],[120.7472,18.3241],[120.7473,18.32405],[120.7473,18.324],[120.7473,18.3239],[120.7473,18.3232],[120.74725,18.3232],[120.7464,18.3238],[120.74625,18.32275],[120.7463,18.32275],[120.7463,18.3227],[120.74635,18.3227],[120.74635,18.32265],[120.7464,18.32265],[120.7465,18.3225],[120.74665,18.3225],[120.7461,18.3216],[120.7461,18.32155],[120.7464,18.32145],[120.74645,18.32145],[120.74645,18.3214],[120.7465,18.3214],[120.7465,18.32135],[120.7467,18.32085],[120.7467,18.3208],[120.7467,18.3207],[120.7461,18.3206],[120.74605,18.3206],[120.7459,18.3206],[120.74555,18.3206],[120.74555,18.32055],[120.74615,18.31915],[120.7461,18.31915],[120.7461,18.3191],[120.7461,18.31895],[120.7456,18.31865],[120.7454,18.31865],[120.74455,18.3181],[120.7445,18.3181],[120.7439,18.3183],[120.74385,18.3183],[120.7438,18.3185],[120.74375,18.3185],[120.7438,18.3191],[120.74375,18.3191],[120.74395,18.3196],[120.744,18.3196],[120.74455,18.3193],[120.7445,18.31965],[120.74445,18.31965],[120.7443,18.31985],[120.74425,18.3199],[120.7442,18.32],[120.74415,18.32],[120.7436,18.32105],[120.7435,18.32105],[120.743,18.3208],[120.74295,18.3208],[120.74275,18.3206],[120.7423,18.32105],[120.74225,18.32115],[120.74225,18.32125],[120.7422,18.32125],[120.74235,18.32175],[120.7424,18.32175],[120.74245,18.32175],[120.74265,18.32215],[120.7427,18.32215],[120.74275,18.32215],[120.74285,18.32225],[120.74285,18.32235],[120.74255,18.32275],[120.74185,18.32245],[120.7418,18.32245],[120.7418,18.32235],[120.7418,18.32195],[120.7417,18.32205],[120.74145,18.32205],[120.7403,18.32105],[120.74,18.32125],[120.7399,18.32125],[120.74025,18.3216],[120.7402,18.3216],[120.74,18.3219],[120.73995,18.3219],[120.7399,18.322],[120.7398,18.322],[120.7398,18.32205],[120.73975,18.32205],[120.73955,18.3222],[120.7389,18.3219],[120.7389,18.3218],[120.7389,18.32175],[120.7393,18.32155],[120.7393,18.3215],[120.7394,18.32145],[120.7394,18.3214],[120.7394,18.3212],[120.73935,18.32105],[120.7393,18.32105],[120.73815,18.32085],[120.7378,18.32035],[120.7365,18.3206],[120.7365,18.32055],[120.7364,18.3204],[120.73635,18.3204]],[[120.74545,18.3333],[120.7452,18.33315],[120.7452,18.33305],[120.74505,18.33295],[120.74505,18.33305],[120.74375,18.33325],[120.7437,18.33325],[120.7437,18.3332],[120.74365,18.33315],[120.74365,18.33305],[120.7436,18.33305],[120.7436,18.333],[120.7436,18.33285],[120.74355,18.3327],[120.7435,18.3327],[120.7432,18.3319],[120.74245,18.3321],[120.7424,18.33225],[120.74185,18.33245],[120.74185,18.33275],[120.7419,18.33275],[120.74195,18.33275],[120.7421,18.33275],[120.7421,18.3328],[120.74215,18.3328],[120.7428,18.3334],[120.7429,18.3334],[120.74295,18.3334],[120.7434,18.33345],[120.7435,18.33355],[120.7435,18.3336],[120.7435,18.3343],[120.74325,18.33445],[120.7433,18.33445],[120.7431,18.33575],[120.74315,18.33575],[120.7431,18.3358],[120.74315,18.3358],[120.74325,18.3358],[120.74335,18.33605],[120.74335,18.3361],[120.74295,18.33595],[120.7428,18.33595],[120.7423,18.33555],[120.74225,18.33555],[120.74105,18.33455],[120.74065,18.33465],[120.74075,18.33465],[120.74045,18.33495],[120.7404,18.33495],[120.7404,18.3349],[120.74035,18.3349],[120.73995,18.3348],[120.7399,18.3348],[120.7399,18.33475],[120.73985,18.3347],[120.73985,18.3346],[120.74,18.33455],[120.74005,18.33455],[120.74,18.3341],[120.74005,18.3341],[120.74005,18.33375],[120.7387,18.33415],[120.7394,18.33475],[120.73965,18.33475],[120.73975,18.33475],[120.73975,18.3348],[120.7398,18.3348],[120.7398,18.33485],[120.7405,18.3352],[120.74085,18.3357],[120.74075,18.3365],[120.74145,18.33605],[120.74145,18.336],[120.7415,18.336],[120.7415,18.33595],[120.7416,18.33595],[120.7416,18.3359],[120.74185,18.33585],[120.74185,18.3359],[120.7419,18.3359],[120.7419,18.33585],[120.74195,18.3358],[120.742,18.3358],[120.74205,18.3358],[120.74205,18.33575],[120.74215,18.33575],[120.74215,18.3358],[120.7422,18.3358],[120.74225,18.3358],[120.74225,18.3359],[120.7423,18.3359],[120.7424,18.3359],[120.74245,18.3359],[120.74245,18.33595],[120.74255,18.33595],[120.74255,18.336],[120.7426,18.336],[120.7426,18.33605],[120.7427,18.33605],[120.7427,18.3361],[120.7428,18.33615],[120.74285,18.33615],[120.7429,18.33615],[120.74295,18.33615],[120.74295,18.3362],[120.743,18.3362],[120.743,18.33615],[120.74305,18.33615],[120.74305,18.33625],[120.7431,18.33625],[120.74325,18.33625],[120.7436,18.3362],[120.7436,18.33625],[120.7437,18.33625],[120.74375,18.33625],[120.74375,18.3363],[120.74385,18.3363],[120.74385,18.33635],[120.7439,18.33635],[120.74395,18.33635],[120.74395,18.3364],[120.7445,18.33625],[120.7445,18.33615],[120.74455,18.3361],[120.7446,18.3361],[120.74465,18.3361],[120.74465,18.33605],[120.74475,18.33605],[120.7448,18.33605],[120.7445,18.3346],[120.74455,18.3346],[120.7455,18.3348],[120.7457,18.3348],[120.7457,18.33485],[120.74575,18.33485],[120.7458,18.33485],[120.7458,18.33495],[120.74615,18.3349],[120.74615,18.33485],[120.74615,18.3348],[120.74625,18.3348],[120.7463,18.3348],[120.7463,18.33475],[120.74635,18.33475],[120.7464,18.33475],[120.7464,18.3347],[120.7465,18.3347],[120.74665,18.3347],[120.74715,18.33345],[120.7471,18.33345],[120.7478,18.332],[120.7481,18.332],[120.7491,18.33325],[120.7496,18.33225],[120.74975,18.331],[120.74975,18.33085],[120.7498,18.33085],[120.7498,18.3308],[120.7498,18.33075],[120.7499,18.3306],[120.74995,18.3306],[120.75,18.3306],[120.75,18.33055],[120.75,18.3305],[120.75015,18.3304],[120.75015,18.33035],[120.7503,18.32975],[120.7503,18.3297],[120.75025,18.3297],[120.74985,18.32945],[120.7498,18.32945],[120.74955,18.32915],[120.7495,18.32915],[120.74925,18.329],[120.7492,18.329],[120.74905,18.3293],[120.7488,18.3295],[120.74865,18.3295],[120.74865,18.32945],[120.74855,18.32945],[120.74855,18.3294],[120.74845,18.32915],[120.7484,18.3291],[120.74825,18.3291],[120.74825,18.32905],[120.74815,18.32905],[120.74815,18.329],[120.748,18.329],[120.748,18.32895],[120.7478,18.32895],[120.7478,18.329],[120.74775,18.329],[120.74755,18.3292],[120.7475,18.3292],[120.74725,18.3295],[120.74635,18.32935],[120.746,18.32875],[120.7453,18.329],[120.74575,18.3295],[120.74595,18.3295],[120.74595,18.32955],[120.7461,18.32955],[120.7461,18.3296],[120.7467,18.3302],[120.7461,18.3309],[120.74615,18.3309],[120.74625,18.3311],[120.7463,18.3311],[120.7464,18.33125],[120.74645,18.33125],[120.7467,18.3316],[120.74635,18.3329],[120.7463,18.3329],[120.7461,18.333],[120.74605,18.333],[120.74555,18.33335],[120.74545,18.3333]],[[120.7511,18.33605],[120.75125,18.33595],[120.75125,18.3359],[120.75135,18.3355],[120.75125,18.3355],[120.75125,18.33545],[120.75115,18.33545],[120.75115,18.3354],[120.75085,18.33525],[120.7508,18.33525],[120.7508,18.335],[120.75075,18.3347],[120.74945,18.3339],[120.749,18.3341],[120.7489,18.3343],[120.74885,18.33435],[120.7488,18.33435],[120.7488,18.33445],[120.74875,18.33445],[120.74875,18.3345],[120.7487,18.3345],[120.7487,18.33455],[120.74865,18.33455],[120.74865,18.33465],[120.74815,18.33555],[120.7481,18.33555],[120.74785,18.33635],[120.74865,18.33585],[120.7487,18.33585],[120.74885,18.33585],[120.7489,18.33585],[120.74905,18.33585],[120.7495,18.33605],[120.74985,18.33605],[120.74995,18.33605],[120.7504,18.33615],[120.7505,18.33615],[120.7505,18.3362],[120.7506,18.3362],[120.75105,18.3361],[120.7511,18.3361],[120.7511,18.33605]]],[[[120.75355,18.34175],[120.75355,18.34555],[120.753,18.34555],[120.753,18.3455],[120.75295,18.3455],[120.75295,18.34545],[120.7528,18.34545],[120.7525,18.34495],[120.75245,18.34495],[120.7521,18.34435],[120.75225,18.34335],[120.7523,18.34335],[120.75235,18.34235],[120.75295,18.3417],[120.75355,18.34175]]],[[[120.65435,18.3573],[120.6514,18.3573],[120.6514,18.35715],[120.6513,18.35655],[120.65125,18.35655],[120.6503,18.3556],[120.64895,18.3555],[120.64895,18.35645],[120.6489,18.35645],[120.6482,18.35665],[120.6479,18.35665],[120.64755,18.35635],[120.6475,18.35635],[120.64745,18.35615],[120.6474,18.3561],[120.6474,18.356],[120.6474,18.35595],[120.6474,18.3559],[120.6473,18.3557],[120.6475,18.3553],[120.6471,18.35495],[120.6468,18.3548],[120.64675,18.35465],[120.64645,18.35455],[120.64645,18.3545],[120.6464,18.3545],[120.6464,18.3544],[120.64635,18.3544],[120.64615,18.3541],[120.64615,18.35405],[120.64615,18.354],[120.6461,18.354],[120.64605,18.354],[120.6461,18.35395],[120.64605,18.35395],[120.64605,18.3539],[120.646,18.3539],[120.646,18.35385],[120.64595,18.35385],[120.64595,18.3538],[120.6459,18.3538],[120.6459,18.35375],[120.6458,18.35375],[120.6458,18.3537],[120.6457,18.3537],[120.6457,18.35365],[120.64555,18.35365],[120.64555,18.3536],[120.6454,18.3536],[120.6454,18.35355],[120.6453,18.35355],[120.6453,18.3535],[120.64515,18.3535],[120.64515,18.35345],[120.64495,18.35345],[120.64495,18.3534],[120.6447,18.3534],[120.6447,18.35335],[120.6437,18.35345],[120.6437,18.35355],[120.64365,18.3536],[120.6436,18.3536],[120.64345,18.3539],[120.64345,18.354],[120.64335,18.3541],[120.64315,18.35475],[120.64315,18.3548],[120.64285,18.3548],[120.6422,18.3544],[120.642,18.3537],[120.64195,18.3537],[120.64195,18.3536],[120.6419,18.3536],[120.64155,18.3523],[120.64155,18.3511],[120.64105,18.3506],[120.6411,18.34965],[120.64115,18.34965],[120.6417,18.34865],[120.64175,18.34865],[120.64175,18.3486],[120.64175,18.3485],[120.6418,18.3485],[120.6418,18.34845],[120.6418,18.3484],[120.6418,18.34835],[120.6418,18.34825],[120.6418,18.34795],[120.64185,18.34795],[120.64195,18.3479],[120.642,18.3479],[120.642,18.34795],[120.64205,18.34795],[120.6421,18.34805],[120.64215,18.34805],[120.6422,18.3484],[120.64215,18.34835],[120.64265,18.35025],[120.6427,18.35025],[120.6428,18.35045],[120.64285,18.35045],[120.6436,18.35125],[120.64445,18.3515],[120.64455,18.3515],[120.6461,18.3514],[120.6462,18.3514],[120.6494,18.35295],[120.6503,18.35305],[120.65045,18.3529],[120.6505,18.3529],[120.6505,18.35285],[120.6506,18.35285],[120.6507,18.35275],[120.6507,18.3527],[120.6507,18.35265],[120.65075,18.35265],[120.6509,18.3525],[120.6509,18.3524],[120.6509,18.35235],[120.65095,18.35235],[120.65095,18.3523],[120.651,18.3523],[120.651,18.35225],[120.65105,18.35225],[120.65105,18.3522],[120.6511,18.3522],[120.65115,18.3522],[120.65115,18.35215],[120.65115,18.3521],[120.6512,18.3521],[120.6512,18.35205],[120.65125,18.35205],[120.6513,18.35205],[120.65145,18.35205],[120.65145,18.352],[120.6518,18.352],[120.6522,18.35205],[120.6522,18.352],[120.6523,18.352],[120.6525,18.352],[120.65265,18.352],[120.6527,18.35195],[120.6527,18.3519],[120.6527,18.35185],[120.65275,18.35185],[120.65285,18.35175],[120.65285,18.3517],[120.65285,18.35165],[120.6529,18.35165],[120.653,18.35165],[120.6531,18.35155],[120.6532,18.35155],[120.6536,18.35125],[120.65365,18.35125],[120.6537,18.35125],[120.65375,18.35125],[120.6538,18.35125],[120.6538,18.3512],[120.6539,18.3512],[120.654,18.3512],[120.654,18.35115],[120.6541,18.35115],[120.65465,18.35115],[120.65635,18.35125],[120.6567,18.35125],[120.6567,18.3513],[120.65805,18.35175],[120.65815,18.35175],[120.6583,18.35185],[120.65835,18.35185],[120.65835,18.352],[120.6591,18.3542],[120.65915,18.3542],[120.65935,18.354],[120.65935,18.35385],[120.65955,18.3537],[120.65955,18.35365],[120.65955,18.3536],[120.6596,18.3536],[120.6596,18.35355],[120.65965,18.35355],[120.65965,18.3535],[120.6597,18.3535],[120.65975,18.3535],[120.65975,18.35345],[120.6598,18.35345],[120.65985,18.35345],[120.65995,18.35345],[120.66015,18.3533],[120.6602,18.3533],[120.66025,18.35325],[120.66025,18.3532],[120.6603,18.3532],[120.6605,18.3532],[120.66125,18.3533],[120.66135,18.3533],[120.66145,18.3533],[120.66145,18.35335],[120.6617,18.3536],[120.6618,18.3536],[120.6619,18.3538],[120.6622,18.35365],[120.6622,18.3536],[120.66225,18.3536],[120.66225,18.35355],[120.6623,18.35355],[120.6624,18.35355],[120.6624,18.35345],[120.66245,18.35345],[120.66245,18.3534],[120.6625,18.3534],[120.6626,18.3534],[120.6626,18.35335],[120.66265,18.35335],[120.6627,18.35335],[120.66275,18.35335],[120.6628,18.35335],[120.6628,18.3533],[120.6629,18.35325],[120.66295,18.35325],[120.66295,18.3532],[120.663,18.3532],[120.663,18.35315],[120.66315,18.35315],[120.66325,18.35315],[120.6633,18.35315],[120.6633,18.3531],[120.66335,18.3531],[120.6634,18.3531],[120.66345,18.3531],[120.66345,18.35305],[120.6636,18.35305],[120.66415,18.3528],[120.66505,18.35315],[120.66535,18.3539],[120.66535,18.35535],[120.66575,18.3557],[120.66575,18.35565],[120.66575,18.3556],[120.6658,18.3555],[120.66575,18.35535],[120.6658,18.35535],[120.6658,18.3553],[120.66585,18.3553],[120.66585,18.3546],[120.6658,18.3546],[120.6658,18.3545],[120.6658,18.35425],[120.66585,18.35425],[120.66585,18.3542],[120.6659,18.3542],[120.66615,18.35375],[120.6662,18.35375],[120.66705,18.3529],[120.6681,18.35295],[120.6684,18.3536],[120.66845,18.3536],[120.66845,18.35355],[120.6686,18.3529],[120.66865,18.3529],[120.66805,18.3526],[120.6682,18.3518],[120.66825,18.3518],[120.66835,18.35185],[120.6684,18.35185],[120.66845,18.35185],[120.66945,18.35265],[120.6694,18.35265],[120.6694,18.35305],[120.6696,18.3531],[120.66965,18.3531],[120.66965,18.35305],[120.66965,18.353],[120.6697,18.353],[120.6697,18.35295],[120.66975,18.35295],[120.66975,18.3529],[120.67,18.352],[120.66995,18.352],[120.66975,18.3512],[120.6698,18.3512],[120.6698,18.35115],[120.66985,18.35115],[120.67045,18.3509],[120.67095,18.35155],[120.6719,18.3518],[120.6719,18.35175],[120.67205,18.35175],[120.67205,18.3518],[120.6721,18.3518],[120.67215,18.3518],[120.6722,18.35185],[120.673,18.35265],[120.673,18.35275],[120.67305,18.35275],[120.67295,18.3528],[120.6723,18.35275],[120.6722,18.35275],[120.672,18.35265],[120.67195,18.35265],[120.6719,18.35265],[120.67075,18.3523],[120.67035,18.35335],[120.6708,18.3539],[120.6708,18.354],[120.67085,18.354],[120.67085,18.35405],[120.6709,18.35405],[120.67085,18.35415],[120.67085,18.3542],[120.6703,18.3545],[120.67015,18.3545],[120.67045,18.355],[120.6705,18.355],[120.6707,18.3552],[120.67075,18.3552],[120.6708,18.3552],[120.6708,18.35525],[120.67085,18.35525],[120.67085,18.3553],[120.6709,18.3553],[120.67095,18.3553],[120.671,18.3553],[120.67105,18.3553],[120.67105,18.35475],[120.6711,18.35475],[120.6711,18.3547],[120.67125,18.35475],[120.67125,18.3548],[120.6713,18.3548],[120.6717,18.35565],[120.67175,18.35565],[120.67175,18.35585],[120.67165,18.35585],[120.67175,18.35615],[120.6718,18.35615],[120.67185,18.35615],[120.67305,18.3565],[120.673,18.3565],[120.673,18.3566],[120.67215,18.3573],[120.672,18.3573],[120.6715,18.3573],[120.67145,18.3573],[120.6709,18.35715],[120.67085,18.35715],[120.67045,18.3573],[120.6688,18.3573],[120.66875,18.357],[120.6687,18.357],[120.66865,18.3573],[120.6649,18.3573],[120.66455,18.35695],[120.66435,18.35695],[120.6638,18.3555],[120.6638,18.35545],[120.6638,18.3554],[120.66385,18.3554],[120.66385,18.35535],[120.6638,18.35535],[120.66385,18.35535],[120.66375,18.35475],[120.6637,18.35475],[120.6631,18.35505],[120.66315,18.35655],[120.6627,18.3572],[120.66265,18.3572],[120.66265,18.3573],[120.6626,18.3573],[120.66255,18.3573],[120.6608,18.3573],[120.65995,18.3567],[120.65995,18.35675],[120.6599,18.3568],[120.65985,18.3568],[120.6598,18.35685],[120.6594,18.3567],[120.65925,18.3567],[120.65915,18.3567],[120.65915,18.35675],[120.65715,18.35615],[120.65705,18.3553],[120.6559,18.3542],[120.65585,18.3542],[120.65565,18.35415],[120.6556,18.35415],[120.6555,18.35415],[120.6554,18.3542],[120.65535,18.3542],[120.65525,18.3542],[120.6548,18.3544],[120.65475,18.35445],[120.6545,18.3548],[120.65445,18.3548],[120.65385,18.3555],[120.6539,18.35725],[120.65435,18.3573]]],[[[120.75355,18.3554],[120.75355,18.3573],[120.75035,18.3573],[120.75015,18.35675],[120.7502,18.35675],[120.7504,18.35545],[120.75035,18.35545],[120.74995,18.35515],[120.7499,18.35515],[120.7496,18.35395],[120.74945,18.35395],[120.74865,18.3546],[120.7479,18.3546],[120.7487,18.35555],[120.74855,18.3561],[120.7485,18.3561],[120.7484,18.3563],[120.74855,18.3563],[120.7493,18.35685],[120.7494,18.35685],[120.74975,18.3573],[120.74695,18.3573],[120.7461,18.3553],[120.7461,18.35525],[120.7458,18.355],[120.7458,18.35495],[120.74575,18.35495],[120.74575,18.3549],[120.7457,18.3536],[120.74675,18.35235],[120.749,18.3515],[120.75,18.3515],[120.75185,18.35235],[120.75265,18.3542],[120.75355,18.3554]]],[[[120.70185,18.3573],[120.70085,18.3573],[120.7007,18.35725],[120.7007,18.3572],[120.7005,18.3571],[120.7004,18.3571],[120.7004,18.357],[120.70035,18.35695],[120.70025,18.35685],[120.70025,18.3568],[120.70015,18.3567],[120.70015,18.35665],[120.69925,18.35685],[120.69865,18.35635],[120.69865,18.3563],[120.69865,18.35625],[120.69875,18.3561],[120.6988,18.3561],[120.6988,18.35605],[120.6998,18.3554],[120.6998,18.35535],[120.69985,18.35535],[120.69985,18.3553],[120.69995,18.3552],[120.7,18.3552],[120.7,18.35515],[120.70005,18.35515],[120.70015,18.35515],[120.70085,18.35535],[120.70115,18.3561],[120.7013,18.3561],[120.7019,18.3572],[120.70185,18.3572],[120.70185,18.3573]]],[[[120.70495,18.35355],[120.7041,18.3536],[120.704,18.3536],[120.7034,18.35205],[120.70345,18.35205],[120.70355,18.3513],[120.7036,18.3513],[120.7036,18.35125],[120.70365,18.35125],[120.70405,18.3513],[120.705,18.3526],[120.7051,18.3535],[120.70505,18.35355],[120.705,18.3535],[120.705,18.35355],[120.70495,18.35355]]],[[[120.6969,18.34855],[120.6965,18.3494],[120.69655,18.3494],[120.69655,18.3496],[120.69645,18.3496],[120.6955,18.3494],[120.6955,18.3493],[120.69535,18.34915],[120.69535,18.3491],[120.6938,18.34815],[120.69375,18.3481],[120.69375,18.3479],[120.69405,18.3475],[120.6941,18.3475],[120.6941,18.3474],[120.69415,18.3474],[120.69415,18.3472],[120.69415,18.34695],[120.69415,18.3469],[120.69415,18.34685],[120.69405,18.34685],[120.69405,18.3468],[120.6939,18.3468],[120.6939,18.34675],[120.6938,18.34675],[120.6938,18.3468],[120.69385,18.3468],[120.69385,18.3469],[120.69375,18.34695],[120.6936,18.34695],[120.69365,18.34805],[120.6936,18.34805],[120.69265,18.3478],[120.6927,18.3472],[120.6927,18.3471],[120.6927,18.34705],[120.69265,18.347],[120.6925,18.34695],[120.6925,18.3469],[120.6925,18.34685],[120.69265,18.3468],[120.6927,18.3468],[120.6927,18.34675],[120.69275,18.34675],[120.69285,18.34665],[120.6929,18.34665],[120.69285,18.3466],[120.69285,18.34645],[120.6928,18.34625],[120.6927,18.34615],[120.6926,18.34605],[120.6925,18.34605],[120.6925,18.346],[120.69235,18.34595],[120.69235,18.3459],[120.69235,18.34585],[120.69235,18.3458],[120.6924,18.3458],[120.6924,18.34575],[120.6925,18.34555],[120.6925,18.3455],[120.6928,18.34535],[120.69295,18.34535],[120.69375,18.3452],[120.6944,18.34635],[120.69455,18.34635],[120.6949,18.3467],[120.695,18.3467],[120.6957,18.34725],[120.69585,18.34725],[120.69585,18.34735],[120.6961,18.34735],[120.6962,18.34735],[120.69625,18.34735],[120.6963,18.34735],[120.69655,18.3473],[120.6966,18.3473],[120.6966,18.34725],[120.6968,18.34705],[120.69685,18.34705],[120.69695,18.34705],[120.6978,18.34675],[120.6978,18.3467],[120.6978,18.3466],[120.6972,18.34565],[120.6972,18.3456],[120.69715,18.3456],[120.69715,18.34555],[120.6971,18.34555],[120.69695,18.34525],[120.69695,18.3451],[120.69515,18.3433],[120.6951,18.3433],[120.6951,18.3432],[120.6951,18.34315],[120.69515,18.34315],[120.69515,18.34305],[120.69515,18.343],[120.6952,18.343],[120.6952,18.34295],[120.6952,18.3429],[120.69525,18.3429],[120.69525,18.34285],[120.69525,18.3427],[120.6954,18.34245],[120.6954,18.34235],[120.69545,18.34235],[120.69545,18.34225],[120.6955,18.34165],[120.6955,18.3416],[120.69515,18.3409],[120.6952,18.3409],[120.6954,18.3409],[120.6956,18.34155],[120.69645,18.3418],[120.69665,18.3418],[120.69685,18.34175],[120.69605,18.34065],[120.696,18.34065],[120.69555,18.3395],[120.69635,18.33725],[120.69535,18.3369],[120.6953,18.3359],[120.69535,18.3359],[120.6962,18.335],[120.6953,18.3339],[120.69525,18.3339],[120.69525,18.33205],[120.6953,18.33205],[120.69525,18.332],[120.69525,18.33195],[120.69525,18.3319],[120.6953,18.3319],[120.69535,18.3319],[120.69535,18.33185],[120.69535,18.3318],[120.6954,18.3318],[120.69545,18.3318],[120.69545,18.3317],[120.6955,18.3317],[120.6955,18.33165],[120.69555,18.33165],[120.69555,18.3316],[120.6956,18.3316],[120.6956,18.33155],[120.69565,18.33155],[120.69565,18.33145],[120.6957,18.33145],[120.69595,18.3311],[120.69605,18.3311],[120.69665,18.33015],[120.6964,18.32925],[120.6964,18.32915],[120.6964,18.3291],[120.69645,18.3291],[120.69645,18.3289],[120.6965,18.3289],[120.69715,18.3279],[120.6972,18.3279],[120.69775,18.32695],[120.69765,18.32695],[120.69745,18.3268],[120.6974,18.3268],[120.69805,18.3249],[120.6981,18.3249],[120.69815,18.32465],[120.6982,18.32465],[120.6982,18.32455],[120.69825,18.32455],[120.69855,18.3241],[120.69865,18.32265],[120.6984,18.3224],[120.6985,18.3206],[120.6986,18.3206],[120.6986,18.32055],[120.6987,18.32055],[120.69945,18.3208],[120.6995,18.3208],[120.6995,18.32085],[120.6997,18.32085],[120.6997,18.3209],[120.69985,18.3209],[120.70055,18.3213],[120.70055,18.3214],[120.7006,18.3214],[120.70075,18.3217],[120.7008,18.3217],[120.70125,18.32525],[120.70125,18.32705],[120.701,18.3286],[120.70095,18.3286],[120.70065,18.32975],[120.6991,18.3316],[120.69885,18.33175],[120.69875,18.33255],[120.6981,18.33365],[120.69755,18.334],[120.6969,18.33525],[120.69735,18.33715],[120.6974,18.33715],[120.69745,18.3373],[120.6975,18.33735],[120.6975,18.3374],[120.69755,18.3374],[120.69755,18.33745],[120.6976,18.33745],[120.6976,18.3375],[120.69765,18.3375],[120.6981,18.33845],[120.69815,18.33845],[120.6982,18.33875],[120.69825,18.33875],[120.6983,18.3389],[120.6983,18.33905],[120.69835,18.33905],[120.6992,18.3397],[120.69925,18.3397],[120.6994,18.3397],[120.6994,18.33975],[120.69975,18.33975],[120.6998,18.3397],[120.69995,18.33955],[120.7003,18.3395],[120.70035,18.3396],[120.7004,18.3396],[120.70045,18.33965],[120.70045,18.3399],[120.69985,18.3408],[120.7001,18.3416],[120.70005,18.3416],[120.7,18.3416],[120.69995,18.3416],[120.6987,18.34205],[120.6986,18.34205],[120.69855,18.34245],[120.69845,18.3427],[120.69795,18.34285],[120.6978,18.34285],[120.69705,18.3421],[120.69675,18.34225],[120.69675,18.3423],[120.6969,18.34265],[120.69695,18.34265],[120.6979,18.3438],[120.69785,18.3442],[120.6978,18.34425],[120.6974,18.34425],[120.6974,18.3443],[120.69725,18.3443],[120.69715,18.34475],[120.6972,18.34475],[120.69725,18.34475],[120.6973,18.34475],[120.698,18.34485],[120.69805,18.34485],[120.69855,18.34475],[120.6986,18.34475],[120.6989,18.3447],[120.69895,18.3447],[120.6994,18.34325],[120.69945,18.34325],[120.7004,18.34325],[120.70035,18.34405],[120.7004,18.34405],[120.70085,18.34445],[120.70225,18.34465],[120.70295,18.34545],[120.703,18.34545],[120.70285,18.3466],[120.70285,18.34665],[120.7015,18.34655],[120.7015,18.3465],[120.70145,18.3465],[120.70145,18.3463],[120.7014,18.3463],[120.7014,18.34625],[120.7014,18.3462],[120.7011,18.3458],[120.70105,18.3458],[120.70105,18.34575],[120.7009,18.3455],[120.7009,18.34545],[120.7009,18.3454],[120.70085,18.3454],[120.70085,18.34535],[120.7006,18.34505],[120.70005,18.345],[120.70005,18.34505],[120.69995,18.34505],[120.7006,18.34615],[120.70065,18.34615],[120.70075,18.34655],[120.7007,18.34655],[120.7005,18.3466],[120.7004,18.3465],[120.70025,18.3465],[120.70025,18.34645],[120.70015,18.34645],[120.70015,18.3464],[120.69985,18.3464],[120.69905,18.34595],[120.69875,18.34595],[120.6994,18.3467],[120.69945,18.3467],[120.69975,18.3474],[120.69965,18.3474],[120.6991,18.3475],[120.6989,18.3476],[120.69895,18.3476],[120.6988,18.34795],[120.69845,18.34805],[120.6984,18.34805],[120.6973,18.3482],[120.6969,18.34855]]],[[[120.75325,18.3458],[120.7533,18.3458],[120.75355,18.34725],[120.75245,18.348],[120.74985,18.34785],[120.74925,18.3474],[120.7492,18.3474],[120.7492,18.34735],[120.7492,18.3473],[120.74925,18.34725],[120.7493,18.34725],[120.75,18.3468],[120.7502,18.3468],[120.75025,18.34675],[120.75025,18.3467],[120.7503,18.3467],[120.75045,18.3467],[120.75205,18.34675],[120.75315,18.34585],[120.75325,18.34585],[120.75325,18.3458]]],[[[120.65585,18.3462],[120.6558,18.3462],[120.6557,18.3463],[120.65565,18.3463],[120.653,18.3468],[120.6519,18.3466],[120.651,18.34605],[120.65095,18.34605],[120.64995,18.34505],[120.64985,18.3446],[120.64985,18.3444],[120.64985,18.34435],[120.6502,18.34475],[120.65025,18.34475],[120.65025,18.3448],[120.6503,18.3448],[120.65145,18.3454],[120.6524,18.34575],[120.6534,18.34565],[120.6534,18.3456],[120.6535,18.3456],[120.6536,18.34565],[120.6536,18.3456],[120.6537,18.3456],[120.6538,18.3456],[120.6538,18.34555],[120.6539,18.34555],[120.6542,18.34555],[120.6544,18.34555],[120.6544,18.3455],[120.65445,18.3455],[120.6545,18.3455],[120.65455,18.3455],[120.6546,18.34555],[120.6546,18.34545],[120.65465,18.34545],[120.65485,18.34545],[120.65485,18.3454],[120.655,18.3454],[120.6555,18.3454],[120.6556,18.3454],[120.6556,18.34535],[120.6557,18.34535],[120.65575,18.34535],[120.65575,18.3453],[120.65585,18.3453],[120.65595,18.3453],[120.65595,18.34525],[120.656,18.3453],[120.65605,18.34525],[120.6561,18.34525],[120.6561,18.3452],[120.65615,18.3452],[120.6561,18.34525],[120.65615,18.34525],[120.65615,18.3452],[120.6562,18.3452],[120.65625,18.3452],[120.65625,18.34515],[120.6563,18.34515],[120.6564,18.34515],[120.6564,18.3451],[120.65645,18.34505],[120.6565,18.34505],[120.65655,18.34505],[120.65665,18.34505],[120.65665,18.345],[120.65665,18.34495],[120.6567,18.34495],[120.65675,18.34495],[120.6568,18.34495],[120.6568,18.3449],[120.65685,18.3449],[120.65685,18.34485],[120.6569,18.34485],[120.6569,18.3448],[120.657,18.3448],[120.657,18.34475],[120.65705,18.34475],[120.65705,18.3447],[120.6571,18.3447],[120.65715,18.3447],[120.65715,18.34465],[120.6572,18.34465],[120.6573,18.3446],[120.6573,18.34455],[120.6573,18.3445],[120.65725,18.3445],[120.65725,18.34445],[120.65715,18.34415],[120.6572,18.34415],[120.65725,18.34415],[120.65765,18.34435],[120.65755,18.3453],[120.65645,18.34595],[120.65635,18.34595],[120.65585,18.3462]]],[[[120.6729,18.34425],[120.6721,18.345],[120.67215,18.345],[120.67235,18.34575],[120.67245,18.34575],[120.6725,18.34615],[120.67245,18.34625],[120.6716,18.34635],[120.67155,18.34635],[120.67085,18.3441],[120.6703,18.34445],[120.67025,18.34445],[120.67025,18.3445],[120.6702,18.3445],[120.6702,18.3447],[120.6699,18.3447],[120.6699,18.3449],[120.66995,18.3449],[120.66995,18.34525],[120.67,18.34525],[120.67005,18.3454],[120.67,18.3454],[120.67,18.3455],[120.66995,18.3456],[120.66995,18.34545],[120.6697,18.34545],[120.66965,18.3448],[120.6697,18.3448],[120.66955,18.34365],[120.6696,18.34365],[120.6696,18.3436],[120.66955,18.3436],[120.6696,18.34345],[120.66965,18.34345],[120.6691,18.34315],[120.66905,18.34315],[120.6682,18.34275],[120.66835,18.34145],[120.66835,18.34135],[120.66805,18.34135],[120.6674,18.34175],[120.667,18.341],[120.6669,18.34095],[120.6669,18.3409],[120.6668,18.3409],[120.6663,18.34105],[120.66625,18.34105],[120.66555,18.3406],[120.66405,18.3409],[120.664,18.3409],[120.66395,18.3409],[120.66375,18.3409],[120.66305,18.3412],[120.66305,18.34115],[120.663,18.34115],[120.66305,18.3412],[120.66295,18.34125],[120.66295,18.3412],[120.6629,18.3412],[120.66285,18.3412],[120.66285,18.34125],[120.66275,18.3413],[120.6627,18.3414],[120.6617,18.34175],[120.6617,18.34165],[120.66165,18.34155],[120.66115,18.3415],[120.6612,18.3414],[120.66125,18.3414],[120.66175,18.3412],[120.6619,18.3412],[120.66195,18.3412],[120.66195,18.34115],[120.662,18.34115],[120.66205,18.34115],[120.6621,18.34115],[120.6621,18.3411],[120.66215,18.34115],[120.6622,18.34115],[120.6622,18.3411],[120.66225,18.3411],[120.6623,18.3411],[120.6623,18.34105],[120.66235,18.34105],[120.66235,18.341],[120.6624,18.341],[120.6624,18.34095],[120.66245,18.34095],[120.6625,18.34095],[120.66255,18.34095],[120.66255,18.3409],[120.66255,18.34085],[120.6626,18.34085],[120.66265,18.34085],[120.66265,18.3408],[120.6627,18.34085],[120.66275,18.34085],[120.66275,18.3408],[120.66275,18.34075],[120.6628,18.34075],[120.66295,18.34075],[120.66295,18.3407],[120.66305,18.3407],[120.66305,18.34065],[120.66315,18.34065],[120.66425,18.34015],[120.66425,18.3401],[120.6644,18.3401],[120.6644,18.34005],[120.6649,18.34],[120.66495,18.34],[120.66495,18.33995],[120.66515,18.33995],[120.66525,18.33995],[120.66525,18.3399],[120.6653,18.33985],[120.66545,18.33985],[120.6662,18.33985],[120.66625,18.3398],[120.6663,18.3398],[120.6664,18.3398],[120.6678,18.34015],[120.66805,18.34],[120.6681,18.34],[120.66815,18.33995],[120.66815,18.33985],[120.66815,18.3398],[120.6682,18.3398],[120.6682,18.33975],[120.66825,18.33975],[120.66825,18.3398],[120.66885,18.34025],[120.6694,18.34025],[120.6696,18.34025],[120.6696,18.3402],[120.66965,18.3402],[120.66965,18.34015],[120.6697,18.34015],[120.66975,18.34015],[120.66975,18.3401],[120.6698,18.3401],[120.67075,18.3398],[120.67125,18.3398],[120.67165,18.3401],[120.6721,18.3401],[120.6724,18.34055],[120.6734,18.33935],[120.67345,18.33935],[120.67395,18.33965],[120.67405,18.33965],[120.67405,18.3396],[120.67445,18.3396],[120.67455,18.3396],[120.67455,18.33955],[120.6746,18.33955],[120.67475,18.3395],[120.67475,18.33945],[120.67485,18.33945],[120.67545,18.33925],[120.6756,18.3394],[120.6756,18.33945],[120.67555,18.33945],[120.67555,18.3395],[120.67515,18.33965],[120.67505,18.33975],[120.67505,18.3398],[120.67505,18.3406],[120.67615,18.3403],[120.67615,18.34025],[120.67635,18.3402],[120.67635,18.34025],[120.67645,18.3407],[120.6764,18.3407],[120.67635,18.3408],[120.6763,18.3408],[120.6763,18.34085],[120.6755,18.34145],[120.6748,18.34185],[120.67465,18.34275],[120.6738,18.3425],[120.67365,18.3426],[120.6734,18.3426],[120.67335,18.34255],[120.6734,18.34235],[120.6734,18.3422],[120.67285,18.34225],[120.67265,18.34225],[120.67275,18.3425],[120.6728,18.3425],[120.6728,18.34315],[120.67285,18.34315],[120.6729,18.34325],[120.67295,18.34325],[120.67295,18.34415],[120.6729,18.3442],[120.6729,18.34425]]],[[[120.6924,18.3454],[120.6922,18.34535],[120.69215,18.34535],[120.69215,18.34525],[120.69205,18.34495],[120.69205,18.3449],[120.692,18.3449],[120.6912,18.344],[120.6912,18.3439],[120.69125,18.3435],[120.6912,18.34345],[120.69115,18.34345],[120.69115,18.3434],[120.6911,18.3434],[120.69105,18.34335],[120.6907,18.34305],[120.6899,18.34225],[120.6899,18.3422],[120.6898,18.3422],[120.68975,18.3423],[120.68935,18.34215],[120.68935,18.3421],[120.68935,18.34205],[120.6893,18.34205],[120.6893,18.342],[120.68895,18.34095],[120.68885,18.34085],[120.68885,18.34075],[120.6888,18.34],[120.68885,18.34],[120.68885,18.33995],[120.6889,18.33995],[120.68895,18.33995],[120.6893,18.3401],[120.68935,18.3401],[120.6899,18.34055],[120.68995,18.34055],[120.69005,18.34045],[120.69025,18.34015],[120.6903,18.34015],[120.6903,18.3401],[120.69035,18.3401],[120.69045,18.34005],[120.69105,18.34005],[120.69105,18.3401],[120.6912,18.3401],[120.6922,18.3413],[120.6927,18.34235],[120.69275,18.34235],[120.69285,18.3426],[120.6929,18.3426],[120.69315,18.3436],[120.69315,18.34365],[120.69305,18.3436],[120.693,18.34455],[120.69305,18.34455],[120.69285,18.345],[120.69275,18.34515],[120.6927,18.34515],[120.6924,18.3454]]],[[[120.6395,18.3423],[120.6391,18.3427],[120.63925,18.3427],[120.6396,18.34285],[120.63965,18.34285],[120.63975,18.3428],[120.6398,18.3428],[120.64,18.34275],[120.64,18.34265],[120.64005,18.34265],[120.6401,18.3427],[120.6401,18.3426],[120.64015,18.3426],[120.6402,18.34265],[120.6402,18.34255],[120.6405,18.3431],[120.64045,18.3431],[120.64045,18.34315],[120.6404,18.34315],[120.6404,18.3432],[120.64045,18.3432],[120.6407,18.34355],[120.64075,18.34355],[120.64065,18.3442],[120.6406,18.3442],[120.64055,18.34435],[120.6405,18.34435],[120.64045,18.3444],[120.64005,18.34435],[120.6394,18.34405],[120.63935,18.34405],[120.6393,18.344],[120.6393,18.3439],[120.6392,18.3438],[120.6392,18.34355],[120.63915,18.34355],[120.63915,18.34345],[120.6385,18.34315],[120.6384,18.34315],[120.6384,18.3431],[120.63835,18.3431],[120.63835,18.34305],[120.6382,18.34305],[120.6382,18.343],[120.6381,18.34215],[120.63805,18.3421],[120.63775,18.3421],[120.6376,18.3422],[120.63675,18.3421],[120.636,18.34105],[120.6346,18.3406],[120.63365,18.33915],[120.6334,18.3392],[120.6333,18.33815],[120.63335,18.33815],[120.6346,18.33735],[120.63465,18.33735],[120.6349,18.3375],[120.6349,18.33755],[120.6347,18.33755],[120.6353,18.3387],[120.63575,18.3392],[120.63615,18.3394],[120.63615,18.33945],[120.63675,18.34],[120.6368,18.34],[120.6374,18.3405],[120.63745,18.3405],[120.6379,18.3406],[120.6379,18.34055],[120.63805,18.34055],[120.639,18.3416],[120.63905,18.3416],[120.6395,18.3423]]],[[[120.73265,18.34275],[120.73195,18.34285],[120.7312,18.34235],[120.7313,18.3409],[120.7313,18.34075],[120.7313,18.34065],[120.73125,18.3405],[120.73125,18.34045],[120.7314,18.34045],[120.7314,18.3405],[120.73155,18.3405],[120.7316,18.3405],[120.73165,18.3405],[120.73185,18.3405],[120.7327,18.34265],[120.7327,18.34275],[120.73265,18.34275]]],[[[120.7355,18.3411],[120.73515,18.34105],[120.73515,18.341],[120.73505,18.341],[120.73505,18.34095],[120.735,18.34095],[120.735,18.3409],[120.73495,18.3409],[120.7349,18.3409],[120.7349,18.34085],[120.7349,18.3408],[120.73485,18.3408],[120.73485,18.34075],[120.73475,18.3407],[120.73475,18.3406],[120.7347,18.3406],[120.7347,18.3405],[120.73465,18.3405],[120.73465,18.34045],[120.7346,18.3404],[120.73455,18.3402],[120.7345,18.3402],[120.7345,18.34005],[120.73445,18.34005],[120.73445,18.33995],[120.7344,18.33995],[120.73435,18.3393],[120.7344,18.3393],[120.73515,18.3397],[120.7353,18.3397],[120.73535,18.3397],[120.7356,18.33955],[120.7356,18.3395],[120.73565,18.3395],[120.73565,18.33935],[120.7358,18.33885],[120.73585,18.33885],[120.73585,18.33875],[120.7359,18.33875],[120.7369,18.3387],[120.7372,18.33955],[120.73725,18.33955],[120.7372,18.34],[120.73705,18.3402],[120.7369,18.3402],[120.7366,18.3402],[120.73625,18.33975],[120.7361,18.33975],[120.73555,18.33995],[120.73585,18.3405],[120.7359,18.3405],[120.7357,18.341],[120.7356,18.341],[120.7355,18.3411]]],[[[120.6893,18.33615],[120.6891,18.33695],[120.68945,18.33755],[120.68945,18.3376],[120.68925,18.338],[120.68915,18.338],[120.6889,18.33815],[120.68885,18.33815],[120.68875,18.33825],[120.68795,18.3369],[120.68795,18.33675],[120.68795,18.3367],[120.68795,18.33665],[120.68805,18.33625],[120.68805,18.3362],[120.68805,18.33605],[120.68805,18.33595],[120.68905,18.33545],[120.6891,18.33545],[120.6891,18.3355],[120.68915,18.3355],[120.68945,18.336],[120.6895,18.336],[120.68935,18.33615],[120.6893,18.33615]]],[[[120.69365,18.337],[120.69235,18.33595],[120.6924,18.33595],[120.6924,18.33585],[120.6923,18.3346],[120.6926,18.334],[120.69265,18.334],[120.69285,18.334],[120.69285,18.33395],[120.69295,18.33395],[120.69315,18.33395],[120.69315,18.334],[120.6932,18.334],[120.69325,18.334],[120.69385,18.3347],[120.6939,18.3347],[120.6941,18.3361],[120.69405,18.3361],[120.69365,18.33635],[120.69365,18.33645],[120.6937,18.33645],[120.6937,18.337],[120.69365,18.337]]],[[[120.70205,18.3334],[120.70115,18.3341],[120.7004,18.33415],[120.7003,18.33415],[120.7002,18.334],[120.70015,18.334],[120.70015,18.33395],[120.7001,18.3338],[120.70005,18.33375],[120.70005,18.3336],[120.7001,18.33325],[120.70015,18.33325],[120.7006,18.33305],[120.7006,18.33295],[120.70065,18.33295],[120.7006,18.33275],[120.70055,18.33275],[120.7005,18.3326],[120.7005,18.3325],[120.7005,18.3324],[120.7007,18.3322],[120.7008,18.3322],[120.70085,18.3322],[120.70085,18.33225],[120.7009,18.33225],[120.701,18.33225],[120.70115,18.33235],[120.7012,18.33235],[120.7012,18.3324],[120.70125,18.3324],[120.7018,18.33305],[120.7019,18.33305],[120.70205,18.3334]]],[[[120.6971,18.32595],[120.69675,18.32635],[120.6967,18.32635],[120.6964,18.32785],[120.69635,18.32785],[120.6961,18.3285],[120.69605,18.3285],[120.69585,18.32895],[120.6959,18.32895],[120.6958,18.3294],[120.69575,18.3294],[120.6957,18.3296],[120.69565,18.3296],[120.6951,18.33085],[120.6949,18.332],[120.6948,18.332],[120.6947,18.3323],[120.69475,18.3323],[120.6947,18.3331],[120.69345,18.3339],[120.6933,18.33385],[120.6933,18.3339],[120.69315,18.3339],[120.69305,18.33385],[120.693,18.3338],[120.69265,18.3336],[120.69255,18.3336],[120.69255,18.33355],[120.6925,18.33355],[120.6925,18.3335],[120.6924,18.3335],[120.6924,18.33345],[120.69235,18.33345],[120.69225,18.33335],[120.69225,18.3333],[120.69215,18.33325],[120.69215,18.3332],[120.6921,18.3332],[120.6921,18.3331],[120.69205,18.3331],[120.692,18.333],[120.692,18.33295],[120.6917,18.3321],[120.69195,18.33005],[120.69195,18.32995],[120.692,18.32995],[120.692,18.32955],[120.6922,18.32925],[120.6923,18.32925],[120.6924,18.32925],[120.69305,18.3296],[120.69285,18.33035],[120.6929,18.33035],[120.69295,18.33035],[120.69295,18.3303],[120.69305,18.3303],[120.69315,18.3302],[120.69315,18.33015],[120.6932,18.3301],[120.69325,18.3301],[120.69375,18.3298],[120.69375,18.32975],[120.6938,18.3297],[120.69415,18.3287],[120.69415,18.3286],[120.69405,18.3283],[120.69405,18.32805],[120.69405,18.32795],[120.69375,18.3275],[120.6937,18.3275],[120.6937,18.32745],[120.6937,18.3274],[120.6936,18.32675],[120.69365,18.32675],[120.6934,18.32565],[120.6934,18.3256],[120.6934,18.3255],[120.69335,18.3255],[120.69335,18.32535],[120.69345,18.32445],[120.6935,18.32445],[120.69375,18.32445],[120.69375,18.3244],[120.69385,18.3244],[120.69425,18.3239],[120.69425,18.3238],[120.69425,18.32365],[120.6942,18.32365],[120.6942,18.32355],[120.69455,18.32265],[120.6946,18.3226],[120.6946,18.3225],[120.6946,18.32235],[120.69435,18.3223],[120.69435,18.32225],[120.69455,18.32185],[120.69455,18.3219],[120.6946,18.3219],[120.6947,18.32195],[120.6949,18.32195],[120.695,18.32195],[120.69515,18.32195],[120.6962,18.32085],[120.6968,18.32095],[120.69685,18.32095],[120.69685,18.321],[120.6969,18.321],[120.69775,18.3223],[120.6973,18.3234],[120.69725,18.32345],[120.69725,18.3235],[120.69715,18.32365],[120.69715,18.3237],[120.6967,18.32465],[120.69725,18.3254],[120.6971,18.32595]]],[[[120.6411,18.33245],[120.64095,18.33235],[120.6409,18.33235],[120.64085,18.33185],[120.64085,18.33145],[120.64085,18.3311],[120.64085,18.3309],[120.6409,18.3309],[120.6409,18.33075],[120.6412,18.3304],[120.63995,18.32925],[120.6396,18.32775],[120.64045,18.3266],[120.6429,18.32655],[120.64295,18.32655],[120.6435,18.32655],[120.64445,18.32595],[120.6446,18.32595],[120.6446,18.3259],[120.6457,18.32565],[120.64585,18.32565],[120.64595,18.32575],[120.646,18.32575],[120.64605,18.32605],[120.646,18.32615],[120.64595,18.32625],[120.6459,18.32635],[120.64585,18.32635],[120.6457,18.3265],[120.64565,18.32655],[120.6456,18.32655],[120.64455,18.3275],[120.64305,18.3277],[120.6422,18.32805],[120.6414,18.32795],[120.6413,18.32795],[120.6411,18.3282],[120.6415,18.3284],[120.64195,18.32885],[120.642,18.32885],[120.64325,18.3289],[120.6433,18.3289],[120.64335,18.32895],[120.64335,18.3289],[120.6434,18.3289],[120.64355,18.3289],[120.6439,18.3299],[120.6437,18.3299],[120.6428,18.331],[120.643,18.3314],[120.6429,18.33155],[120.64285,18.3316],[120.6416,18.3323],[120.64145,18.3323],[120.64135,18.3324],[120.64125,18.3324],[120.6411,18.33245]]],[[[120.6381,18.3306],[120.6369,18.33085],[120.63645,18.3303],[120.63645,18.33015],[120.63645,18.3301],[120.63645,18.33005],[120.6365,18.33005],[120.63705,18.3295],[120.63835,18.32985],[120.63845,18.33],[120.63845,18.33025],[120.63815,18.33055],[120.6381,18.33055],[120.6381,18.3306]]],[[[120.63695,18.3265],[120.6371,18.32745],[120.63605,18.32795],[120.6351,18.32775],[120.6351,18.3277],[120.63505,18.3277],[120.63505,18.32765],[120.635,18.32765],[120.6346,18.32735],[120.63265,18.32735],[120.63195,18.3269],[120.63195,18.32685],[120.63195,18.3268],[120.63195,18.32675],[120.6318,18.3265],[120.6318,18.32645],[120.6318,18.3264],[120.63165,18.3262],[120.63165,18.32615],[120.63165,18.326],[120.6317,18.3259],[120.63175,18.3259],[120.63355,18.3256],[120.6344,18.3262],[120.63445,18.3262],[120.6355,18.32655],[120.63565,18.32655],[120.63575,18.32665],[120.63585,18.32665],[120.63585,18.3267],[120.6359,18.3267],[120.63635,18.3268],[120.63685,18.32645],[120.6369,18.32645],[120.63695,18.32645],[120.63695,18.3265]]],[[[120.6605,18.3272],[120.66045,18.3272],[120.6605,18.3272],[120.6605,18.32725],[120.6603,18.3273],[120.66035,18.3273],[120.65955,18.3274],[120.65875,18.32675],[120.65845,18.3258],[120.65875,18.3241],[120.65855,18.3232],[120.6585,18.3232],[120.65755,18.3234],[120.6572,18.3234],[120.656,18.3222],[120.6551,18.32185],[120.655,18.32185],[120.655,18.3205],[120.6544,18.3192],[120.65365,18.3189],[120.6536,18.31835],[120.6532,18.3185],[120.653,18.31835],[120.653,18.3183],[120.653,18.31815],[120.65295,18.31815],[120.65295,18.31805],[120.6529,18.31805],[120.6529,18.318],[120.6528,18.318],[120.65165,18.31825],[120.6517,18.31825],[120.6518,18.31935],[120.65175,18.31935],[120.65125,18.3206],[120.6512,18.3206],[120.65035,18.32045],[120.65035,18.32035],[120.6503,18.32035],[120.6503,18.32005],[120.65035,18.32005],[120.65035,18.32],[120.6504,18.31995],[120.65075,18.3196],[120.65045,18.318],[120.6512,18.31695],[120.65125,18.31695],[120.6513,18.31695],[120.6513,18.3169],[120.65135,18.3169],[120.65235,18.3171],[120.6518,18.3176],[120.6519,18.3176],[120.652,18.3176],[120.65255,18.3176],[120.6526,18.3176],[120.6527,18.3176],[120.65275,18.31765],[120.6528,18.31775],[120.65305,18.31765],[120.6532,18.31765],[120.6532,18.3176],[120.6533,18.3176],[120.65335,18.3176],[120.6534,18.3176],[120.65345,18.31765],[120.65355,18.31765],[120.65365,18.31765],[120.65405,18.3174],[120.65405,18.3173],[120.6532,18.3174],[120.6531,18.3174],[120.6531,18.31735],[120.653,18.3172],[120.65295,18.3172],[120.65295,18.31715],[120.65295,18.3169],[120.6529,18.3169],[120.6529,18.31675],[120.6529,18.31665],[120.65295,18.31645],[120.65295,18.3164],[120.65295,18.31615],[120.65295,18.31605],[120.6536,18.31575],[120.6536,18.31495],[120.65365,18.31495],[120.65365,18.3149],[120.6537,18.3149],[120.6537,18.3148],[120.65445,18.3132],[120.65435,18.3132],[120.65425,18.31315],[120.65425,18.3131],[120.654,18.3129],[120.65365,18.3133],[120.6537,18.3133],[120.65345,18.31445],[120.65305,18.31475],[120.65285,18.31475],[120.6526,18.3133],[120.65175,18.3132],[120.65205,18.31215],[120.65215,18.31215],[120.6536,18.31155],[120.6536,18.3115],[120.6537,18.3115],[120.65475,18.31105],[120.65485,18.31105],[120.65515,18.3112],[120.65525,18.31085],[120.6553,18.31085],[120.65535,18.3108],[120.65535,18.3106],[120.6554,18.3106],[120.6554,18.31055],[120.6554,18.3105],[120.6555,18.3105],[120.6555,18.31045],[120.6555,18.3104],[120.65555,18.3104],[120.65555,18.31035],[120.6556,18.31035],[120.6557,18.31005],[120.6557,18.31],[120.6558,18.31],[120.65575,18.30995],[120.65575,18.3099],[120.65585,18.3099],[120.65635,18.3095],[120.6564,18.3095],[120.657,18.30875],[120.65765,18.30875],[120.6584,18.3093],[120.6585,18.3093],[120.65865,18.30995],[120.6586,18.30995],[120.6586,18.31],[120.6575,18.30935],[120.65745,18.30925],[120.6568,18.30955],[120.6568,18.30975],[120.65675,18.30975],[120.65675,18.30995],[120.6574,18.31025],[120.65755,18.31125],[120.65755,18.31135],[120.6572,18.31155],[120.65715,18.31155],[120.6572,18.3119],[120.65715,18.3119],[120.65685,18.31205],[120.65675,18.3122],[120.65675,18.31225],[120.6567,18.31225],[120.6567,18.31245],[120.65675,18.31245],[120.65685,18.3126],[120.6569,18.3126],[120.65695,18.3126],[120.6572,18.31255],[120.6572,18.3125],[120.65725,18.3125],[120.65725,18.31245],[120.65725,18.3124],[120.6573,18.3124],[120.6573,18.3123],[120.65745,18.31225],[120.6575,18.31225],[120.6575,18.3123],[120.6576,18.3123],[120.6576,18.31235],[120.65765,18.31235],[120.6577,18.31235],[120.6577,18.3124],[120.65775,18.3124],[120.6589,18.31265],[120.659,18.31265],[120.659,18.31275],[120.6591,18.31275],[120.6594,18.313],[120.66035,18.31315],[120.66075,18.31275],[120.66075,18.3127],[120.66085,18.3127],[120.661,18.3127],[120.661,18.31265],[120.66105,18.31265],[120.6611,18.31265],[120.6612,18.3126],[120.6613,18.3126],[120.6613,18.31255],[120.66135,18.31255],[120.66135,18.3126],[120.66145,18.3126],[120.66145,18.31255],[120.6615,18.31255],[120.66155,18.31255],[120.662,18.31225],[120.662,18.3122],[120.66205,18.31205],[120.6621,18.31205],[120.6621,18.3121],[120.66215,18.3121],[120.6623,18.3136],[120.6619,18.31415],[120.662,18.3149],[120.6612,18.315],[120.6611,18.315],[120.66105,18.3149],[120.66105,18.31485],[120.66065,18.31455],[120.66055,18.31455],[120.6602,18.31495],[120.66085,18.31525],[120.6615,18.3164],[120.6616,18.3164],[120.66265,18.31665],[120.6627,18.31665],[120.6635,18.31715],[120.66345,18.31725],[120.66325,18.31725],[120.66325,18.3173],[120.66135,18.3172],[120.65885,18.31475],[120.6584,18.3147],[120.6583,18.3147],[120.6575,18.3144],[120.6567,18.31495],[120.65665,18.31495],[120.6558,18.31505],[120.65635,18.31565],[120.65675,18.31675],[120.65665,18.31745],[120.6566,18.31745],[120.6566,18.3175],[120.6565,18.3182],[120.6572,18.31865],[120.6573,18.31865],[120.65875,18.3204],[120.6588,18.3204],[120.6588,18.32055],[120.65885,18.32055],[120.65895,18.32115],[120.659,18.32115],[120.66015,18.322],[120.66125,18.3235],[120.66205,18.32405],[120.6621,18.32405],[120.66285,18.3244],[120.66305,18.3244],[120.66375,18.32565],[120.66395,18.32565],[120.6641,18.32565],[120.66405,18.3258],[120.664,18.3258],[120.664,18.32585],[120.66285,18.32595],[120.6623,18.3265],[120.6606,18.3272],[120.6605,18.3272]]],[[[120.64025,18.32325],[120.64035,18.3243],[120.6401,18.3257],[120.63945,18.3264],[120.63815,18.3264],[120.6381,18.3264],[120.6381,18.32635],[120.63805,18.32635],[120.63795,18.32625],[120.63795,18.32595],[120.63795,18.3259],[120.638,18.3259],[120.638,18.32585],[120.63805,18.32585],[120.63805,18.3258],[120.6381,18.3258],[120.63815,18.3258],[120.63815,18.32575],[120.63825,18.32575],[120.63825,18.32565],[120.63835,18.32565],[120.63835,18.3256],[120.63835,18.32555],[120.6384,18.32555],[120.63845,18.32555],[120.6387,18.32515],[120.6385,18.323],[120.6386,18.32245],[120.63855,18.32245],[120.63855,18.3224],[120.6385,18.3224],[120.63845,18.32235],[120.63845,18.3223],[120.6384,18.3223],[120.6384,18.32225],[120.63835,18.32225],[120.6383,18.3222],[120.6382,18.3214],[120.63825,18.3214],[120.63845,18.3213],[120.63855,18.3213],[120.6388,18.32125],[120.63885,18.32125],[120.63895,18.32125],[120.63895,18.3212],[120.639,18.3212],[120.63975,18.321],[120.6398,18.321],[120.6403,18.32015],[120.64035,18.3189],[120.6403,18.3189],[120.64055,18.3183],[120.64055,18.31825],[120.64065,18.31825],[120.6415,18.31835],[120.64215,18.3183],[120.64265,18.3185],[120.64275,18.31835],[120.6428,18.31835],[120.6435,18.3178],[120.64355,18.3178],[120.6437,18.3177],[120.64375,18.3177],[120.644,18.3172],[120.6441,18.3172],[120.64415,18.3172],[120.6443,18.3172],[120.64475,18.31765],[120.64485,18.31765],[120.64485,18.3177],[120.6449,18.3177],[120.64495,18.3177],[120.645,18.3178],[120.64505,18.3178],[120.64505,18.3179],[120.645,18.3179],[120.645,18.318],[120.64485,18.31815],[120.6448,18.3184],[120.64465,18.31865],[120.64465,18.31905],[120.6441,18.31965],[120.6431,18.32005],[120.64175,18.31985],[120.6414,18.32105],[120.6401,18.32315],[120.6401,18.3232],[120.64015,18.3232],[120.6402,18.3232],[120.6402,18.32325],[120.64025,18.32325]]],[[[120.6442,18.3171],[120.644,18.31705],[120.64345,18.317],[120.64345,18.31705],[120.6434,18.31705],[120.6434,18.317],[120.6432,18.317],[120.64265,18.31665],[120.6429,18.31585],[120.64305,18.31585],[120.64505,18.3161],[120.645,18.3164],[120.6442,18.31705],[120.6442,18.3171]]],[[[120.65275,18.315],[120.65185,18.3154],[120.6505,18.3154],[120.6493,18.315],[120.64875,18.316],[120.64805,18.3165],[120.6475,18.31595],[120.6474,18.3151],[120.648,18.3146],[120.64835,18.3137],[120.6484,18.3137],[120.64985,18.31365],[120.64985,18.3136],[120.65145,18.314],[120.652,18.31375],[120.65205,18.31375],[120.65215,18.31385],[120.65215,18.31405],[120.652,18.31425],[120.652,18.3143],[120.6519,18.3144],[120.65185,18.3144],[120.65185,18.3146],[120.6519,18.3146],[120.6528,18.31475],[120.65275,18.315]]],[[[120.69445,18.3132],[120.69385,18.3131],[120.6931,18.31225],[120.6931,18.3122],[120.6931,18.31215],[120.6934,18.31195],[120.6934,18.3119],[120.69345,18.3119],[120.69345,18.31185],[120.69335,18.31155],[120.6933,18.31145],[120.6934,18.31055],[120.69345,18.31055],[120.69355,18.3105],[120.69355,18.31045],[120.6942,18.31045],[120.6946,18.3114],[120.69455,18.3114],[120.6946,18.31155],[120.69455,18.31155],[120.6947,18.3131],[120.69465,18.3131],[120.69455,18.31315],[120.69445,18.3132]]],[[[120.71675,18.31095],[120.716,18.3109],[120.716,18.31085],[120.71585,18.31085],[120.71585,18.3108],[120.71565,18.3108],[120.7151,18.31055],[120.7148,18.30945],[120.71495,18.30935],[120.71495,18.30925],[120.71495,18.3089],[120.715,18.3089],[120.715,18.30885],[120.71505,18.30885],[120.71525,18.30885],[120.71555,18.309],[120.7156,18.309],[120.7158,18.30965],[120.71595,18.30965],[120.7168,18.30985],[120.71685,18.30985],[120.71795,18.3099],[120.71805,18.3099],[120.71805,18.31],[120.71815,18.31025],[120.71825,18.31025],[120.71825,18.31035],[120.7184,18.3104],[120.7184,18.3105],[120.7185,18.3109],[120.7185,18.31095],[120.7181,18.31085],[120.7178,18.3108],[120.7178,18.31075],[120.717,18.3107],[120.71675,18.31095]]],[[[120.74975,18.306],[120.7493,18.30635],[120.74925,18.30635],[120.74975,18.3073],[120.7498,18.3073],[120.7498,18.3077],[120.74975,18.3077],[120.74975,18.30775],[120.7489,18.30755],[120.74835,18.30665],[120.7484,18.30575],[120.74905,18.30495],[120.7504,18.3046],[120.75045,18.3046],[120.75045,18.3047],[120.7504,18.3048],[120.7503,18.3048],[120.75015,18.305],[120.75005,18.305],[120.75,18.30545],[120.74995,18.3055],[120.7499,18.30575],[120.7499,18.3058],[120.74975,18.306]]],[[[120.69385,18.3076],[120.69265,18.30735],[120.6926,18.30735],[120.69245,18.307],[120.69245,18.3069],[120.69245,18.30685],[120.693,18.30665],[120.6931,18.3066],[120.69315,18.3066],[120.6934,18.3065],[120.69345,18.3065],[120.69355,18.3065],[120.69365,18.3064],[120.69375,18.3064],[120.6938,18.3059],[120.6938,18.3058],[120.69375,18.30555],[120.69365,18.30505],[120.69455,18.3036],[120.6946,18.3036],[120.6957,18.3028],[120.69575,18.3028],[120.69575,18.30285],[120.6958,18.30285],[120.6958,18.3029],[120.6959,18.3029],[120.69595,18.3029],[120.6962,18.3031],[120.6963,18.3031],[120.6963,18.30315],[120.6964,18.30315],[120.6964,18.3032],[120.69645,18.3032],[120.6965,18.3032],[120.6965,18.30325],[120.69655,18.3033],[120.6968,18.30315],[120.69685,18.30315],[120.6969,18.3031],[120.6969,18.30305],[120.6972,18.3031],[120.69725,18.3031],[120.69725,18.30315],[120.69765,18.30355],[120.6977,18.30355],[120.69775,18.3036],[120.6978,18.3036],[120.6978,18.30365],[120.6979,18.30365],[120.6979,18.3037],[120.69795,18.3038],[120.698,18.3038],[120.698,18.3043],[120.69795,18.3043],[120.69695,18.30505],[120.6969,18.30505],[120.69685,18.3051],[120.69685,18.30515],[120.69665,18.3054],[120.6966,18.3054],[120.69655,18.30615],[120.69665,18.30615],[120.69675,18.30655],[120.6967,18.30665],[120.69665,18.30665],[120.6966,18.30675],[120.69635,18.30675],[120.69635,18.3067],[120.69625,18.30645],[120.69625,18.30635],[120.6963,18.30605],[120.69625,18.30605],[120.696,18.3062],[120.6959,18.30625],[120.6959,18.3063],[120.6958,18.3063],[120.69575,18.3063],[120.6958,18.3063],[120.69445,18.30715],[120.6944,18.30715],[120.6944,18.3072],[120.69425,18.30735],[120.6942,18.30735],[120.69405,18.30745],[120.69405,18.3075],[120.69395,18.30755],[120.69385,18.3076]]],[[[120.74645,18.3023],[120.7464,18.30235],[120.7464,18.3023],[120.74625,18.3023],[120.746,18.30205],[120.74595,18.30205],[120.74575,18.30085],[120.7457,18.30085],[120.7458,18.29975],[120.74585,18.29975],[120.7462,18.29925],[120.7463,18.29925],[120.74695,18.29865],[120.74705,18.29865],[120.7472,18.2983],[120.7486,18.29815],[120.74865,18.29815],[120.74835,18.29895],[120.74735,18.29955],[120.747,18.3007],[120.74695,18.30185],[120.74645,18.3023]]],[[[120.74335,18.30055],[120.74245,18.30075],[120.7412,18.3002],[120.7399,18.29855],[120.7389,18.29875],[120.73845,18.29845],[120.73845,18.2984],[120.7384,18.29835],[120.7384,18.2983],[120.7388,18.29785],[120.73885,18.29785],[120.73885,18.2978],[120.73895,18.2978],[120.7393,18.29755],[120.73935,18.29755],[120.7394,18.29725],[120.73945,18.29725],[120.7395,18.29645],[120.74025,18.2956],[120.7416,18.2969],[120.743,18.29685],[120.74285,18.2975],[120.7433,18.299],[120.74335,18.299],[120.7434,18.30045],[120.7434,18.3005],[120.74335,18.30055]]],[[[120.6516,18.2991],[120.65155,18.29905],[120.65155,18.2991],[120.6516,18.2991],[120.65035,18.2992],[120.6502,18.2988],[120.6502,18.2986],[120.65015,18.2986],[120.6508,18.29845],[120.65175,18.29735],[120.65375,18.2962],[120.6538,18.2962],[120.65385,18.29625],[120.65385,18.2963],[120.6539,18.2963],[120.6539,18.29635],[120.65395,18.29635],[120.65355,18.29745],[120.6535,18.2975],[120.6534,18.29755],[120.6533,18.29765],[120.6532,18.29775],[120.65315,18.29775],[120.65315,18.2978],[120.6531,18.2979],[120.653,18.29795],[120.65295,18.298],[120.65285,18.29805],[120.6528,18.2981],[120.65275,18.29815],[120.6527,18.2982],[120.65205,18.2987],[120.652,18.29875],[120.6519,18.29885],[120.65185,18.2989],[120.65185,18.29895],[120.6516,18.2991]]],[[[120.696,18.29755],[120.6948,18.2963],[120.6948,18.29625],[120.69475,18.29625],[120.69425,18.2966],[120.69415,18.2966],[120.69395,18.29645],[120.6939,18.29645],[120.6938,18.2962],[120.69375,18.2962],[120.69375,18.2961],[120.69375,18.29605],[120.69375,18.296],[120.69395,18.29585],[120.694,18.29585],[120.69405,18.29585],[120.6942,18.29585],[120.69425,18.29585],[120.6944,18.2958],[120.6944,18.29575],[120.69445,18.29575],[120.69445,18.2957],[120.6951,18.295],[120.69515,18.295],[120.69565,18.2945],[120.6957,18.2945],[120.69575,18.2945],[120.6958,18.2945],[120.69665,18.2943],[120.6967,18.29435],[120.69675,18.29435],[120.6968,18.29425],[120.6969,18.29425],[120.69695,18.29415],[120.69705,18.2942],[120.69705,18.29415],[120.69715,18.2941],[120.69745,18.2939],[120.6975,18.2939],[120.6976,18.2939],[120.6976,18.29395],[120.6977,18.29395],[120.69835,18.2947],[120.6984,18.2947],[120.6984,18.29475],[120.69845,18.29475],[120.6987,18.2964],[120.6982,18.29605],[120.6982,18.29595],[120.69815,18.29595],[120.69815,18.2958],[120.6981,18.2958],[120.6956,18.29585],[120.6955,18.29585],[120.69545,18.29585],[120.69555,18.296],[120.69565,18.296],[120.69595,18.29655],[120.696,18.29655],[120.69605,18.2975],[120.69605,18.29755],[120.696,18.29755]]],[[[120.74805,18.2974],[120.7468,18.2972],[120.7468,18.29635],[120.74675,18.29635],[120.7468,18.2962],[120.74675,18.2962],[120.74615,18.29635],[120.7461,18.29635],[120.746,18.29635],[120.746,18.2964],[120.7459,18.2964],[120.74505,18.29585],[120.7444,18.29585],[120.74345,18.29555],[120.7428,18.2945],[120.7429,18.2945],[120.7431,18.29415],[120.74265,18.2941],[120.7426,18.2941],[120.74255,18.2934],[120.741,18.2935],[120.741,18.29345],[120.741,18.2934],[120.741,18.29335],[120.74105,18.29335],[120.74105,18.2933],[120.74105,18.29325],[120.74115,18.2931],[120.74125,18.293],[120.7413,18.293],[120.7413,18.29295],[120.74135,18.29295],[120.74215,18.29285],[120.74215,18.2929],[120.74225,18.2929],[120.7424,18.2929],[120.74305,18.29225],[120.7431,18.29225],[120.7431,18.2922],[120.74315,18.29215],[120.74315,18.2921],[120.7432,18.2921],[120.7432,18.29205],[120.74325,18.29205],[120.74335,18.29205],[120.74365,18.29275],[120.7445,18.2931],[120.7448,18.2931],[120.74485,18.29425],[120.7449,18.29425],[120.74485,18.2944],[120.7448,18.2944],[120.7461,18.2948],[120.7468,18.29445],[120.7474,18.29525],[120.74745,18.2953],[120.74755,18.2954],[120.7475,18.2956],[120.7477,18.2961],[120.74795,18.29635],[120.748,18.29635],[120.74815,18.2973],[120.74805,18.29735],[120.74805,18.2974]]],[[[120.74285,18.2894],[120.74245,18.2894],[120.7421,18.28955],[120.7418,18.2895],[120.7418,18.28945],[120.74175,18.28945],[120.74175,18.2894],[120.74175,18.2892],[120.742,18.289],[120.74205,18.289],[120.7423,18.28845],[120.74325,18.288],[120.7433,18.288],[120.7434,18.288],[120.7438,18.28865],[120.74385,18.2887],[120.7439,18.2887],[120.7439,18.28875],[120.744,18.28895],[120.744,18.28905],[120.74405,18.28905],[120.74405,18.28915],[120.7441,18.28915],[120.7441,18.28925],[120.74415,18.28925],[120.74415,18.2893],[120.7442,18.2893],[120.7442,18.2894],[120.74425,18.2894],[120.74425,18.2895],[120.7441,18.2895],[120.7441,18.28945],[120.74395,18.28945],[120.7437,18.2893],[120.74345,18.2893],[120.74345,18.28935],[120.74295,18.2895],[120.74285,18.2894]]],[[[120.67545,18.28155],[120.67485,18.2817],[120.67485,18.28165],[120.67485,18.2813],[120.6749,18.2813],[120.6748,18.28095],[120.67475,18.28095],[120.6747,18.28095],[120.67465,18.28095],[120.67385,18.281],[120.6737,18.28115],[120.67365,18.28115],[120.6735,18.2813],[120.67285,18.28115],[120.67285,18.28105],[120.6728,18.28105],[120.67275,18.2808],[120.67275,18.28035],[120.67275,18.2803],[120.6729,18.2802],[120.673,18.2802],[120.67305,18.2802],[120.67305,18.28015],[120.67305,18.27995],[120.673,18.27995],[120.673,18.27965],[120.673,18.2796],[120.673,18.27955],[120.67315,18.2793],[120.67315,18.27925],[120.67315,18.2792],[120.67355,18.27895],[120.67355,18.2789],[120.6736,18.2789],[120.67375,18.27845],[120.6738,18.27845],[120.6738,18.2784],[120.6739,18.2784],[120.67425,18.27825],[120.6744,18.2783],[120.67495,18.278],[120.67495,18.27795],[120.675,18.27795],[120.67505,18.27795],[120.6746,18.27855],[120.6756,18.28],[120.6757,18.28],[120.67605,18.2813],[120.6761,18.2813],[120.67585,18.28145],[120.6757,18.28145],[120.67565,18.28145],[120.6757,18.28145],[120.67545,18.28155]]],[[[120.6616,18.2804],[120.6614,18.2804],[120.66135,18.28035],[120.66125,18.28035],[120.6611,18.27985],[120.6612,18.27985],[120.66175,18.2795],[120.66185,18.2795],[120.663,18.2792],[120.66375,18.27935],[120.6637,18.2796],[120.66365,18.2797],[120.66345,18.27985],[120.6634,18.27995],[120.66335,18.28],[120.6616,18.2804]]],[[[120.7497,18.28015],[120.7488,18.2801],[120.7488,18.28005],[120.74865,18.27995],[120.74865,18.2799],[120.74865,18.2798],[120.7486,18.2798],[120.74815,18.2795],[120.74815,18.27945],[120.74815,18.27915],[120.74815,18.2791],[120.74815,18.27905],[120.7482,18.27905],[120.74945,18.27875],[120.74985,18.28005],[120.74985,18.2801],[120.7497,18.28015]]],[[[120.6624,18.2788],[120.6622,18.27885],[120.66215,18.27885],[120.66155,18.27845],[120.66155,18.27805],[120.6616,18.27805],[120.6616,18.278],[120.66185,18.2778],[120.66185,18.27775],[120.66195,18.27775],[120.662,18.27765],[120.66205,18.27765],[120.6621,18.27765],[120.6624,18.27745],[120.66245,18.27745],[120.6625,18.27745],[120.6625,18.2774],[120.66245,18.2774],[120.6623,18.27675],[120.663,18.2762],[120.66365,18.2763],[120.66365,18.2764],[120.6637,18.2764],[120.66385,18.2765],[120.6639,18.2765],[120.66395,18.2765],[120.66425,18.27705],[120.6635,18.27755],[120.6635,18.2776],[120.66345,18.2777],[120.6634,18.2777],[120.66335,18.2779],[120.6633,18.2779],[120.66325,18.2779],[120.6633,18.2779],[120.6632,18.278],[120.6629,18.27825],[120.66285,18.27835],[120.6628,18.27835],[120.66265,18.2786],[120.6626,18.2786],[120.66255,18.27865],[120.6625,18.27865],[120.66245,18.2787],[120.6624,18.27875],[120.66235,18.2788],[120.6624,18.2788]]],[[[120.6753,18.27325],[120.675,18.2732],[120.6749,18.2732],[120.6749,18.2729],[120.6749,18.27285],[120.6749,18.27275],[120.6749,18.2727],[120.6747,18.27185],[120.6747,18.2718],[120.6747,18.2717],[120.6747,18.2716],[120.6747,18.27155],[120.6747,18.2715],[120.67475,18.2715],[120.6747,18.27135],[120.6747,18.2713],[120.67435,18.2714],[120.67425,18.2714],[120.67425,18.27145],[120.67375,18.27145],[120.67375,18.2714],[120.67375,18.27135],[120.6737,18.27055],[120.67375,18.2704],[120.6738,18.2703],[120.6738,18.27015],[120.6737,18.27015],[120.6728,18.2704],[120.6727,18.2704],[120.6727,18.27045],[120.6726,18.27045],[120.6726,18.2705],[120.6725,18.2705],[120.6725,18.27055],[120.6723,18.27055],[120.6721,18.2702],[120.6721,18.27015],[120.67185,18.27025],[120.6718,18.2703],[120.67175,18.2703],[120.67175,18.27045],[120.6701,18.27085],[120.67005,18.27085],[120.66955,18.27065],[120.66955,18.27055],[120.6704,18.2701],[120.67045,18.2701],[120.671,18.27],[120.67105,18.27],[120.6717,18.27],[120.67215,18.2691],[120.67295,18.2687],[120.6731,18.2687],[120.67445,18.26995],[120.6748,18.2709],[120.67575,18.2713],[120.6758,18.27295],[120.67535,18.27325],[120.6753,18.27325]]],[[[120.73335,18.2695],[120.73295,18.26935],[120.73295,18.26925],[120.73295,18.26915],[120.733,18.26915],[120.73315,18.26895],[120.73315,18.2689],[120.73315,18.26885],[120.7332,18.26885],[120.7332,18.2688],[120.7332,18.2683],[120.7332,18.2682],[120.733,18.26785],[120.733,18.2678],[120.733,18.26775],[120.73285,18.26755],[120.73285,18.2675],[120.73285,18.26745],[120.7328,18.26745],[120.7331,18.2672],[120.73255,18.2665],[120.73225,18.26635],[120.7321,18.2663],[120.7319,18.2661],[120.7319,18.26605],[120.7319,18.2659],[120.73195,18.2659],[120.73195,18.2658],[120.73195,18.2656],[120.73195,18.26555],[120.73195,18.26545],[120.732,18.26545],[120.732,18.2654],[120.732,18.26535],[120.73205,18.26535],[120.73205,18.2653],[120.73205,18.2652],[120.73205,18.26515],[120.7321,18.2651],[120.7321,18.2649],[120.7323,18.2645],[120.73235,18.2645],[120.73265,18.264],[120.7327,18.264],[120.7339,18.26365],[120.73415,18.2647],[120.7341,18.2647],[120.7341,18.26475],[120.7342,18.26475],[120.7347,18.2664],[120.73465,18.2664],[120.73465,18.2666],[120.73455,18.2666],[120.7344,18.26675],[120.7343,18.26695],[120.7343,18.267],[120.73425,18.267],[120.73425,18.26705],[120.7342,18.26705],[120.7342,18.2671],[120.73415,18.2671],[120.7347,18.26805],[120.7347,18.26815],[120.73465,18.26815],[120.73385,18.2681],[120.7338,18.2681],[120.73385,18.2684],[120.7339,18.2684],[120.73405,18.269],[120.73405,18.26905],[120.7339,18.26905],[120.73385,18.26915],[120.7338,18.26925],[120.73375,18.26925],[120.73375,18.2693],[120.7336,18.2693],[120.73355,18.2693],[120.73355,18.26935],[120.73345,18.26945],[120.73335,18.26945],[120.73335,18.2695]]],[[[120.67285,18.26785],[120.6729,18.26795],[120.67285,18.26795],[120.6723,18.2689],[120.6723,18.26885],[120.6723,18.2688],[120.67225,18.26865],[120.67185,18.26815],[120.67185,18.2681],[120.67165,18.26815],[120.6714,18.2681],[120.671,18.26875],[120.67095,18.26875],[120.67015,18.2691],[120.67005,18.2691],[120.67005,18.26915],[120.66995,18.26915],[120.66995,18.2692],[120.6697,18.2692],[120.6697,18.26915],[120.6694,18.26895],[120.6694,18.2689],[120.66945,18.26865],[120.66945,18.2685],[120.66945,18.26845],[120.66945,18.2681],[120.6705,18.268],[120.6706,18.268],[120.67095,18.26775],[120.67095,18.2677],[120.6708,18.2673],[120.66955,18.26695],[120.6695,18.26655],[120.6695,18.2665],[120.66945,18.2665],[120.66895,18.2664],[120.6689,18.2664],[120.66875,18.2664],[120.6687,18.2664],[120.66725,18.26665],[120.6672,18.26665],[120.6672,18.2666],[120.6671,18.2666],[120.6671,18.26655],[120.66715,18.26635],[120.66715,18.2663],[120.6677,18.26615],[120.66775,18.26615],[120.66785,18.26615],[120.66785,18.2661],[120.6679,18.2661],[120.668,18.2661],[120.668,18.26605],[120.66805,18.26605],[120.6681,18.26605],[120.6681,18.266],[120.66815,18.266],[120.66815,18.2659],[120.6685,18.2657],[120.6686,18.2657],[120.66885,18.26545],[120.66885,18.2654],[120.66895,18.26525],[120.66895,18.2652],[120.669,18.2652],[120.66905,18.26515],[120.66905,18.2651],[120.6691,18.2651],[120.6691,18.26505],[120.66915,18.26505],[120.66915,18.265],[120.6693,18.26505],[120.6694,18.265],[120.6694,18.26495],[120.66975,18.26485],[120.66985,18.26485],[120.6707,18.26475],[120.6707,18.2648],[120.6709,18.2658],[120.67175,18.2665],[120.6718,18.2665],[120.6718,18.2667],[120.6719,18.2667],[120.67195,18.2671],[120.6725,18.2675],[120.67265,18.2676],[120.67265,18.26765],[120.6727,18.26765],[120.6727,18.2677],[120.67275,18.2677],[120.67285,18.26785]]],[[[120.67565,18.26865],[120.67505,18.26875],[120.67425,18.26845],[120.67425,18.2684],[120.6742,18.2684],[120.67385,18.26745],[120.67425,18.26715],[120.6758,18.26725],[120.67665,18.26665],[120.67665,18.2667],[120.67685,18.2668],[120.6771,18.26725],[120.67705,18.26735],[120.67695,18.26735],[120.67625,18.26725],[120.67595,18.26725],[120.6761,18.2676],[120.6761,18.2678],[120.67605,18.2678],[120.67575,18.2681],[120.6756,18.26815],[120.67555,18.26815],[120.67555,18.26825],[120.6757,18.2685],[120.6757,18.26865],[120.67565,18.26865]]],[[[120.66925,18.2649],[120.66905,18.2649],[120.66895,18.2648],[120.66895,18.26475],[120.66785,18.2646],[120.6678,18.2646],[120.6674,18.2643],[120.6674,18.2642],[120.6674,18.26415],[120.66685,18.2634],[120.66685,18.26335],[120.66775,18.26395],[120.66775,18.264],[120.66765,18.264],[120.6678,18.26405],[120.6679,18.26405],[120.6679,18.264],[120.66875,18.2635],[120.66875,18.26345],[120.6688,18.26345],[120.6688,18.2634],[120.66885,18.2634],[120.66885,18.26335],[120.66895,18.26335],[120.66895,18.2633],[120.669,18.2633],[120.66905,18.2633],[120.6701,18.2635],[120.67015,18.2645],[120.67005,18.2645],[120.66925,18.2649]]],[[[120.7324,18.263],[120.73215,18.263],[120.73215,18.26295],[120.732,18.26295],[120.7318,18.2628],[120.73195,18.26115],[120.7321,18.26115],[120.7322,18.26115],[120.7322,18.2611],[120.73225,18.2611],[120.73235,18.2611],[120.7326,18.26095],[120.7328,18.26095],[120.733,18.26095],[120.7336,18.26135],[120.73365,18.26135],[120.73375,18.2614],[120.7339,18.26205],[120.73385,18.26205],[120.73285,18.2627],[120.7328,18.26265],[120.7324,18.263]]],[[[120.66805,18.2575],[120.668,18.2575],[120.66805,18.2575],[120.6681,18.2575],[120.66905,18.2578],[120.6693,18.25845],[120.66935,18.25845],[120.6699,18.25975],[120.66975,18.26035],[120.66935,18.26025],[120.66935,18.2602],[120.6693,18.2602],[120.66925,18.26],[120.6692,18.26],[120.6689,18.26045],[120.6688,18.26045],[120.66835,18.2607],[120.66755,18.26055],[120.66755,18.2605],[120.6672,18.2605],[120.6672,18.26045],[120.66705,18.26045],[120.66665,18.26065],[120.6666,18.26065],[120.666,18.26065],[120.66595,18.26065],[120.66575,18.26065],[120.66575,18.26055],[120.66635,18.25975],[120.66635,18.25965],[120.66635,18.2596],[120.6664,18.2596],[120.66645,18.2595],[120.66645,18.25945],[120.66645,18.2594],[120.66645,18.2593],[120.66645,18.25925],[120.6659,18.25895],[120.6659,18.2589],[120.6655,18.25875],[120.6655,18.2587],[120.6655,18.2586],[120.66565,18.2584],[120.6657,18.2584],[120.66645,18.2576],[120.6673,18.2574],[120.66805,18.2575]]],[[[120.73445,18.2579],[120.73435,18.25845],[120.7342,18.25845],[120.7342,18.2585],[120.73415,18.2585],[120.734,18.2591],[120.7335,18.259],[120.7334,18.2588],[120.7334,18.2587],[120.73335,18.25865],[120.7333,18.25865],[120.73315,18.25845],[120.7331,18.25845],[120.733,18.25825],[120.73295,18.25825],[120.73295,18.2582],[120.7329,18.2582],[120.7329,18.2581],[120.73305,18.2581],[120.7331,18.25795],[120.7331,18.25785],[120.7331,18.25775],[120.7331,18.2577],[120.7331,18.25765],[120.73305,18.25765],[120.73305,18.2576],[120.73305,18.2575],[120.733,18.2575],[120.733,18.25745],[120.733,18.25735],[120.73305,18.25715],[120.73305,18.2571],[120.7332,18.257],[120.7332,18.2569],[120.7332,18.2567],[120.73285,18.25675],[120.73285,18.2567],[120.7328,18.2567],[120.7328,18.25675],[120.73215,18.25725],[120.73215,18.2572],[120.73205,18.257],[120.73205,18.25695],[120.7321,18.25685],[120.7321,18.25675],[120.7321,18.2567],[120.7323,18.2565],[120.73445,18.2563],[120.7345,18.2563],[120.7356,18.2554],[120.7365,18.2554],[120.7365,18.25545],[120.7367,18.25545],[120.7373,18.25575],[120.73785,18.25525],[120.73845,18.25555],[120.73835,18.2557],[120.7383,18.2557],[120.73795,18.25605],[120.73785,18.2562],[120.7378,18.2563],[120.7376,18.25675],[120.7373,18.25655],[120.73725,18.25655],[120.73625,18.25745],[120.7362,18.25745],[120.7359,18.2577],[120.7358,18.2577],[120.73555,18.25785],[120.7353,18.25785],[120.73505,18.2575],[120.735,18.2575],[120.7345,18.25775],[120.7345,18.2578],[120.7345,18.2579],[120.73445,18.2579]]],[[[120.66925,18.25545],[120.6691,18.25545],[120.669,18.25545],[120.669,18.2554],[120.66895,18.25535],[120.66895,18.2551],[120.66895,18.25495],[120.6689,18.25495],[120.6689,18.2549],[120.6687,18.2549],[120.66845,18.2554],[120.6684,18.2554],[120.6679,18.25685],[120.66785,18.25685],[120.6678,18.2569],[120.6677,18.2569],[120.6675,18.2571],[120.66715,18.2571],[120.66695,18.25695],[120.66695,18.2569],[120.6669,18.2569],[120.6669,18.25685],[120.6668,18.2568],[120.6667,18.25675],[120.6667,18.2567],[120.6667,18.25665],[120.666,18.2566],[120.6657,18.2564],[120.6656,18.2563],[120.66535,18.2559],[120.66535,18.25585],[120.66545,18.2558],[120.66545,18.25575],[120.66545,18.2557],[120.6655,18.2557],[120.6657,18.25545],[120.6657,18.2554],[120.66575,18.2554],[120.66575,18.2553],[120.6659,18.2547],[120.66595,18.2547],[120.66625,18.2544],[120.66625,18.25435],[120.66635,18.25435],[120.66635,18.2543],[120.6665,18.2543],[120.6668,18.2542],[120.6668,18.25415],[120.66685,18.25415],[120.6669,18.254],[120.6669,18.25395],[120.66685,18.25395],[120.66665,18.2538],[120.66655,18.2538],[120.6665,18.25375],[120.6665,18.2537],[120.6664,18.25365],[120.6664,18.2536],[120.66625,18.2535],[120.6662,18.2535],[120.66575,18.2538],[120.6657,18.2538],[120.6651,18.25335],[120.6651,18.2531],[120.6651,18.253],[120.66515,18.2529],[120.6652,18.2529],[120.6655,18.2508],[120.666,18.25],[120.66605,18.25],[120.66605,18.24995],[120.6661,18.24995],[120.6661,18.2498],[120.6661,18.2497],[120.6659,18.2495],[120.6659,18.24945],[120.6658,18.2494],[120.6657,18.2485],[120.6666,18.24785],[120.66685,18.2469],[120.66735,18.2465],[120.6674,18.2465],[120.6675,18.2465],[120.6675,18.24645],[120.66765,18.24645],[120.66775,18.2464],[120.66775,18.24635],[120.6679,18.2463],[120.6679,18.24625],[120.6679,18.2462],[120.6676,18.2459],[120.6676,18.24585],[120.6676,18.2458],[120.66765,18.24575],[120.6682,18.245],[120.6694,18.2445],[120.6697,18.24355],[120.66975,18.24355],[120.6699,18.24355],[120.6702,18.2437],[120.67025,18.2437],[120.67035,18.2437],[120.6706,18.24355],[120.6706,18.24345],[120.67065,18.24335],[120.6707,18.24335],[120.6707,18.24325],[120.67095,18.2429],[120.67095,18.24285],[120.671,18.24285],[120.67115,18.24275],[120.6712,18.24275],[120.6712,18.2427],[120.67125,18.2427],[120.67155,18.24245],[120.6718,18.2423],[120.67405,18.24245],[120.67525,18.2431],[120.6761,18.24395],[120.67625,18.24515],[120.67625,18.24525],[120.67565,18.2451],[120.6755,18.2451],[120.67395,18.24545],[120.6738,18.24545],[120.6735,18.24425],[120.67315,18.2441],[120.6731,18.2441],[120.673,18.2443],[120.673,18.24425],[120.67285,18.2446],[120.67275,18.2446],[120.67275,18.24465],[120.67265,18.24465],[120.67185,18.24545],[120.67155,18.24545],[120.67135,18.24585],[120.6714,18.24585],[120.67155,18.2466],[120.6716,18.2466],[120.67155,18.2471],[120.6716,18.2471],[120.67135,18.2479],[120.6713,18.2479],[120.6713,18.248],[120.67135,18.248],[120.6713,18.249],[120.67135,18.249],[120.67135,18.24945],[120.6713,18.2494],[120.6712,18.2496],[120.67105,18.2496],[120.67045,18.25105],[120.6704,18.25105],[120.67035,18.25125],[120.67015,18.2514],[120.6701,18.2514],[120.6701,18.25205],[120.66985,18.2539],[120.6694,18.25415],[120.6693,18.25415],[120.6693,18.2542],[120.66935,18.2542],[120.6703,18.2551],[120.67005,18.25635],[120.66975,18.2561],[120.66975,18.25605],[120.6698,18.25605],[120.6698,18.25595],[120.66985,18.25595],[120.66985,18.2558],[120.66985,18.25565],[120.66975,18.25535],[120.66975,18.2553],[120.6697,18.2552],[120.66965,18.2552],[120.66965,18.25525],[120.6696,18.25525],[120.66955,18.25525],[120.6695,18.25525],[120.66945,18.2553],[120.66935,18.25535],[120.66935,18.2554],[120.66925,18.25545]]],[[[120.6735,18.2567],[120.673,18.25665],[120.67275,18.2566],[120.6717,18.25595],[120.6715,18.2553],[120.6707,18.255],[120.67075,18.25385],[120.6708,18.25385],[120.6708,18.2538],[120.67085,18.2538],[120.67155,18.25325],[120.6717,18.25325],[120.6718,18.25325],[120.6718,18.2533],[120.672,18.2534],[120.6721,18.2534],[120.6721,18.25345],[120.67215,18.25345],[120.67225,18.25345],[120.67245,18.25355],[120.6725,18.25355],[120.67255,18.25355],[120.6726,18.2536],[120.67275,18.2538],[120.67295,18.25395],[120.67305,18.2543],[120.67295,18.2543],[120.67295,18.25435],[120.6727,18.2545],[120.6727,18.2547],[120.6728,18.25475],[120.6729,18.2548],[120.67305,18.25485],[120.6732,18.25485],[120.6743,18.25505],[120.6743,18.2551],[120.67435,18.2551],[120.67425,18.25625],[120.67415,18.2563],[120.6737,18.25665],[120.6737,18.2567],[120.6735,18.2567]]],[[[120.69935,18.25435],[120.6996,18.25475],[120.69865,18.2553],[120.69785,18.255],[120.6978,18.255],[120.6976,18.2547],[120.6976,18.25465],[120.69755,18.2546],[120.69815,18.25375],[120.69835,18.25375],[120.69835,18.2538],[120.6984,18.2538],[120.69885,18.2539],[120.69895,18.2539],[120.69905,18.25405],[120.6991,18.25405],[120.6993,18.2543],[120.69935,18.2543],[120.69935,18.25435]]],[[[120.66245,18.2529],[120.662,18.25265],[120.662,18.2526],[120.66195,18.2525],[120.6619,18.2525],[120.6618,18.25215],[120.6617,18.2518],[120.6617,18.2517],[120.66165,18.25155],[120.6616,18.2514],[120.6616,18.25125],[120.6616,18.25085],[120.6616,18.2507],[120.66165,18.25065],[120.6617,18.25065],[120.66175,18.25065],[120.6624,18.25135],[120.66245,18.25135],[120.66255,18.25155],[120.6626,18.25155],[120.66305,18.25175],[120.6631,18.25175],[120.66355,18.25285],[120.6636,18.25285],[120.6636,18.2528],[120.66365,18.2528],[120.66375,18.2527],[120.6638,18.2527],[120.6642,18.253],[120.6643,18.253],[120.66445,18.25415],[120.66435,18.25415],[120.6641,18.25425],[120.6638,18.25425],[120.6638,18.2543],[120.66295,18.25365],[120.66295,18.2536],[120.6629,18.2536],[120.6629,18.2535],[120.66275,18.2533],[120.6627,18.2533],[120.66255,18.2532],[120.66255,18.25315],[120.6625,18.2531],[120.66245,18.2529]]],[[[120.7264,18.25355],[120.72535,18.2528],[120.7247,18.2534],[120.72385,18.2534],[120.7239,18.25255],[120.7224,18.253],[120.7222,18.2526],[120.72215,18.25255],[120.7213,18.2527],[120.72125,18.2527],[120.72055,18.25235],[120.71945,18.25235],[120.71945,18.25225],[120.71945,18.25215],[120.7194,18.25215],[120.71975,18.2518],[120.721,18.2521],[120.7219,18.2519],[120.72195,18.2519],[120.7229,18.25125],[120.72295,18.25125],[120.72325,18.25125],[120.72325,18.2512],[120.7233,18.25125],[120.72335,18.25125],[120.7235,18.25125],[120.72375,18.2513],[120.72395,18.2513],[120.72475,18.25185],[120.7262,18.25105],[120.7264,18.25105],[120.72675,18.2512],[120.72675,18.25125],[120.72685,18.25125],[120.7272,18.2511],[120.7272,18.25105],[120.72725,18.25105],[120.7273,18.25105],[120.7273,18.251],[120.72735,18.251],[120.72735,18.25095],[120.7274,18.25095],[120.7274,18.25085],[120.72775,18.25035],[120.7278,18.25035],[120.72865,18.2497],[120.729,18.2497],[120.729,18.24975],[120.7291,18.24975],[120.7291,18.2498],[120.72915,18.2498],[120.7294,18.2505],[120.72945,18.2505],[120.72925,18.2512],[120.7292,18.2512],[120.7282,18.2524],[120.72825,18.2524],[120.7283,18.2528],[120.7283,18.2529],[120.7284,18.25295],[120.72855,18.25305],[120.7286,18.25315],[120.7286,18.2532],[120.7285,18.25355],[120.72845,18.25355],[120.72825,18.2532],[120.72665,18.2532],[120.72655,18.2534],[120.72645,18.2535],[120.7264,18.2535],[120.7264,18.25355]]],[[[120.6732,18.2515],[120.67265,18.25145],[120.67165,18.2518],[120.6712,18.2513],[120.67135,18.25055],[120.67145,18.25055],[120.67185,18.2498],[120.67185,18.24975],[120.6718,18.24975],[120.6717,18.249],[120.6723,18.2482],[120.67235,18.2482],[120.6724,18.2482],[120.6724,18.24815],[120.6725,18.24815],[120.67365,18.2487],[120.6737,18.2487],[120.6737,18.24875],[120.67375,18.24875],[120.6738,18.2488],[120.67385,18.2488],[120.67395,18.2488],[120.674,18.24875],[120.67405,18.24875],[120.67415,18.24805],[120.6749,18.2479],[120.6753,18.24685],[120.6751,18.246],[120.67515,18.246],[120.6762,18.24565],[120.6762,18.2457],[120.67625,18.2457],[120.67585,18.247],[120.6765,18.2476],[120.677,18.2491],[120.677,18.24915],[120.67695,18.24915],[120.67695,18.2492],[120.6766,18.24935],[120.6766,18.24945],[120.6763,18.2497],[120.67625,18.2497],[120.6762,18.24985],[120.67615,18.24985],[120.6761,18.2499],[120.67605,18.25],[120.676,18.25005],[120.67595,18.2502],[120.6759,18.25035],[120.67585,18.25045],[120.67585,18.2506],[120.6758,18.2506],[120.6758,18.25065],[120.6756,18.25065],[120.6754,18.2505],[120.6751,18.2505],[120.6743,18.2509],[120.67365,18.2514],[120.6735,18.25145],[120.6732,18.25145],[120.6732,18.2515]]],[[[120.7038,18.25075],[120.70005,18.251],[120.69995,18.251],[120.6998,18.25115],[120.69885,18.2509],[120.69885,18.25085],[120.69885,18.2508],[120.6995,18.2506],[120.6995,18.2502],[120.6995,18.2501],[120.6995,18.24985],[120.6995,18.2498],[120.69935,18.24955],[120.69935,18.2495],[120.69935,18.24865],[120.70005,18.2479],[120.70005,18.2478],[120.7,18.2477],[120.7,18.24765],[120.7,18.2476],[120.69995,18.2476],[120.6994,18.2473],[120.69935,18.24725],[120.6993,18.24725],[120.69945,18.24715],[120.69945,18.247],[120.69945,18.2469],[120.6991,18.24665],[120.6991,18.2466],[120.699,18.2466],[120.699,18.24655],[120.699,18.24635],[120.69905,18.24635],[120.69905,18.2462],[120.69905,18.24595],[120.699,18.24595],[120.699,18.2459],[120.69775,18.2465],[120.69725,18.24645],[120.6966,18.24645],[120.6966,18.2464],[120.6962,18.2464],[120.696,18.24655],[120.6956,18.2464],[120.6956,18.24635],[120.69555,18.24635],[120.69525,18.24575],[120.69585,18.2447],[120.69585,18.2446],[120.69585,18.24455],[120.6959,18.24455],[120.6959,18.2444],[120.6956,18.24415],[120.69555,18.24415],[120.695,18.244],[120.69475,18.2437],[120.6943,18.24335],[120.6942,18.2433],[120.6942,18.24325],[120.69395,18.24325],[120.69355,18.2441],[120.6936,18.2441],[120.69395,18.24495],[120.69395,18.245],[120.69235,18.24575],[120.6915,18.2459],[120.69125,18.2461],[120.68985,18.24615],[120.6886,18.2455],[120.68845,18.24535],[120.68795,18.24535],[120.6875,18.244],[120.68745,18.244],[120.68755,18.2434],[120.68695,18.24155],[120.687,18.24155],[120.68715,18.2413],[120.68725,18.2413],[120.688,18.241],[120.688,18.24095],[120.688,18.2409],[120.68795,18.24075],[120.68795,18.2407],[120.68755,18.24075],[120.687,18.24085],[120.68685,18.24095],[120.68675,18.24105],[120.68665,18.24105],[120.6864,18.24115],[120.6863,18.24115],[120.68625,18.24125],[120.6861,18.24135],[120.68605,18.2414],[120.686,18.2414],[120.6859,18.24275],[120.686,18.24275],[120.6866,18.2438],[120.68655,18.2438],[120.6865,18.24385],[120.6865,18.24395],[120.6864,18.2441],[120.68635,18.24415],[120.6863,18.2442],[120.68625,18.2442],[120.68625,18.2444],[120.6866,18.24455],[120.68665,18.24455],[120.68665,18.24465],[120.6867,18.24465],[120.68685,18.24575],[120.6869,18.24575],[120.6872,18.24645],[120.6871,18.24645],[120.6871,18.2465],[120.68665,18.24655],[120.68665,18.2466],[120.68655,18.2466],[120.68655,18.24665],[120.68645,18.24665],[120.68625,18.24665],[120.68615,18.2463],[120.68615,18.2462],[120.68615,18.24615],[120.6861,18.24615],[120.6861,18.246],[120.68595,18.24585],[120.68595,18.2458],[120.68575,18.2458],[120.6856,18.2459],[120.68555,18.2459],[120.68535,18.2461],[120.6841,18.2459],[120.68275,18.2446],[120.68215,18.243],[120.6814,18.2421],[120.68,18.2412],[120.67885,18.23965],[120.6789,18.23965],[120.68025,18.23975],[120.68025,18.2397],[120.6805,18.2397],[120.68095,18.23985],[120.68135,18.2403],[120.68135,18.24025],[120.68135,18.2402],[120.68255,18.23935],[120.68255,18.2393],[120.6827,18.2393],[120.6827,18.23925],[120.68275,18.23925],[120.6834,18.23945],[120.68405,18.2389],[120.6849,18.2389],[120.6859,18.2393],[120.686,18.2393],[120.686,18.23925],[120.68605,18.23925],[120.68765,18.239],[120.68765,18.23895],[120.6877,18.2387],[120.6877,18.23865],[120.6877,18.2386],[120.6876,18.2384],[120.687,18.2387],[120.6867,18.23865],[120.68665,18.23865],[120.68665,18.2386],[120.68735,18.237],[120.68735,18.23695],[120.68775,18.23615],[120.68775,18.23605],[120.68785,18.2359],[120.6879,18.2359],[120.68805,18.2357],[120.68805,18.23565],[120.6879,18.23555],[120.6879,18.2355],[120.6886,18.2348],[120.68875,18.2348],[120.6888,18.2348],[120.6889,18.2346],[120.689,18.23445],[120.689,18.23435],[120.68905,18.23435],[120.68905,18.23415],[120.6893,18.2335],[120.68915,18.23355],[120.689,18.2336],[120.6888,18.23365],[120.6888,18.2337],[120.68845,18.2337],[120.68725,18.23425],[120.6869,18.23425],[120.6869,18.2342],[120.6869,18.23415],[120.68685,18.23415],[120.68685,18.2341],[120.6869,18.2341],[120.68675,18.23385],[120.6868,18.23385],[120.6867,18.23325],[120.6867,18.2332],[120.68665,18.23315],[120.6866,18.23315],[120.68655,18.23315],[120.68655,18.2331],[120.68715,18.23245],[120.6872,18.23245],[120.6872,18.2325],[120.68725,18.2325],[120.6873,18.2325],[120.6873,18.23255],[120.6884,18.23255],[120.68845,18.23255],[120.6893,18.2319],[120.6894,18.2319],[120.6911,18.23135],[120.69115,18.23135],[120.6912,18.2314],[120.6912,18.2316],[120.6913,18.2316],[120.69135,18.2316],[120.69135,18.23155],[120.6915,18.23155],[120.6919,18.23095],[120.69225,18.2307],[120.69255,18.2307],[120.6926,18.2307],[120.6926,18.23075],[120.69265,18.23075],[120.6927,18.23155],[120.6927,18.2317],[120.6927,18.23205],[120.69275,18.23205],[120.69275,18.2321],[120.69285,18.2321],[120.6942,18.2322],[120.6949,18.2329],[120.6952,18.2339],[120.69505,18.23435],[120.69515,18.23435],[120.69575,18.23415],[120.6959,18.23415],[120.69625,18.23465],[120.6965,18.23525],[120.69655,18.23525],[120.6966,18.23525],[120.6967,18.2356],[120.69675,18.2356],[120.6969,18.2363],[120.69755,18.2366],[120.69765,18.2366],[120.69765,18.23665],[120.6976,18.23665],[120.6972,18.2373],[120.697,18.2373],[120.69665,18.23955],[120.6966,18.23965],[120.69635,18.2399],[120.69635,18.23995],[120.69625,18.23995],[120.6963,18.23995],[120.6962,18.24065],[120.69595,18.24065],[120.69595,18.24025],[120.696,18.24025],[120.696,18.24015],[120.69595,18.24015],[120.69495,18.2403],[120.6949,18.2403],[120.6949,18.24035],[120.69385,18.2414],[120.69335,18.24165],[120.69335,18.242],[120.6945,18.24255],[120.6953,18.24225],[120.6956,18.243],[120.6962,18.24275],[120.6973,18.2429],[120.69785,18.24425],[120.69745,18.24465],[120.69775,18.24485],[120.6988,18.2441],[120.69945,18.2444],[120.6996,18.2444],[120.6999,18.24465],[120.7003,18.24465],[120.70075,18.24455],[120.70075,18.2445],[120.7008,18.2445],[120.70085,18.2445],[120.7009,18.24445],[120.70095,18.24445],[120.701,18.24445],[120.701,18.2444],[120.7011,18.2444],[120.7011,18.24435],[120.70125,18.24435],[120.70245,18.2443],[120.7031,18.24545],[120.7031,18.24575],[120.70305,18.24575],[120.70285,18.246],[120.70265,18.24615],[120.7026,18.24615],[120.7026,18.2462],[120.70255,18.2462],[120.70255,18.24625],[120.7025,18.24625],[120.7025,18.2463],[120.7024,18.2463],[120.7008,18.24655],[120.7006,18.24655],[120.7002,18.24675],[120.70045,18.247],[120.7005,18.247],[120.70055,18.24695],[120.70065,18.24695],[120.70065,18.24685],[120.7008,18.24685],[120.70185,18.2473],[120.70185,18.24735],[120.7019,18.24725],[120.7019,18.2472],[120.70195,18.2472],[120.70225,18.247],[120.70225,18.24695],[120.7023,18.24695],[120.70235,18.24695],[120.70235,18.2469],[120.7024,18.24685],[120.70245,18.24685],[120.70255,18.24685],[120.7035,18.2469],[120.70355,18.2469],[120.70445,18.2471],[120.7052,18.24775],[120.7051,18.249],[120.70465,18.24895],[120.70465,18.2489],[120.70455,18.2488],[120.7045,18.24835],[120.7045,18.24825],[120.7045,18.24805],[120.7039,18.2479],[120.7036,18.24775],[120.7036,18.2477],[120.70225,18.2476],[120.70225,18.24755],[120.70195,18.2476],[120.7019,18.2476],[120.7019,18.24775],[120.70105,18.2485],[120.7011,18.2485],[120.7007,18.2491],[120.7006,18.2491],[120.70005,18.2493],[120.70015,18.24965],[120.7005,18.2495],[120.7005,18.24945],[120.70055,18.24945],[120.7006,18.24945],[120.70245,18.2498],[120.7046,18.2498],[120.7046,18.24975],[120.7046,18.2497],[120.70465,18.24955],[120.7047,18.24955],[120.7047,18.2495],[120.70475,18.2495],[120.7049,18.24985],[120.70485,18.24985],[120.70495,18.25075],[120.705,18.25075],[120.7049,18.25085],[120.70495,18.25085],[120.7048,18.2509],[120.70475,18.2509],[120.70445,18.251],[120.7044,18.25095],[120.7044,18.25085],[120.7044,18.25075],[120.7038,18.25075]],[[120.69105,18.23555],[120.69075,18.23665],[120.6908,18.23665],[120.69085,18.23665],[120.69085,18.2367],[120.69145,18.23675],[120.6922,18.2375],[120.69205,18.2377],[120.69205,18.23775],[120.6917,18.23825],[120.69165,18.23825],[120.69125,18.23845],[120.6912,18.23845],[120.69145,18.23905],[120.69235,18.2382],[120.6924,18.2382],[120.69315,18.23725],[120.69325,18.23725],[120.69375,18.23675],[120.6943,18.23535],[120.69415,18.23535],[120.6941,18.23545],[120.694,18.23545],[120.69355,18.23595],[120.6935,18.23595],[120.69165,18.2351],[120.69155,18.2351],[120.69105,18.2355],[120.69105,18.23555]]],[[[120.7258,18.24765],[120.7258,18.2477],[120.72575,18.2477],[120.7256,18.2478],[120.7255,18.2478],[120.7247,18.2481],[120.7246,18.2481],[120.72445,18.2481],[120.72445,18.24835],[120.7245,18.24835],[120.7245,18.2484],[120.72455,18.24845],[120.72495,18.24865],[120.725,18.2487],[120.72505,18.2487],[120.7254,18.24925],[120.72545,18.24925],[120.72545,18.2493],[120.7255,18.2493],[120.7255,18.24935],[120.7256,18.2495],[120.72565,18.2495],[120.72565,18.24985],[120.72415,18.2502],[120.72405,18.2502],[120.72325,18.2498],[120.7211,18.2499],[120.7203,18.24945],[120.7191,18.25025],[120.71835,18.2503],[120.7182,18.2503],[120.7171,18.25025],[120.7169,18.25025],[120.71725,18.2499],[120.71725,18.24985],[120.7175,18.2496],[120.71755,18.2496],[120.7176,18.2496],[120.7178,18.2487],[120.7167,18.24895],[120.71665,18.24815],[120.7167,18.24815],[120.717,18.2476],[120.71625,18.24765],[120.7161,18.24765],[120.71545,18.2475],[120.7154,18.2475],[120.71545,18.24745],[120.71545,18.24735],[120.71545,18.2473],[120.71595,18.2468],[120.7158,18.24655],[120.7158,18.2465],[120.7159,18.24645],[120.7159,18.2464],[120.716,18.2464],[120.7161,18.24635],[120.71615,18.24635],[120.71615,18.2463],[120.71625,18.2463],[120.71645,18.2462],[120.7165,18.2462],[120.71655,18.2454],[120.71725,18.24495],[120.71735,18.24495],[120.7181,18.2443],[120.71815,18.2443],[120.71815,18.24425],[120.7182,18.24425],[120.7182,18.2443],[120.71825,18.2443],[120.7182,18.2441],[120.7181,18.24405],[120.718,18.24395],[120.71795,18.24395],[120.71795,18.2439],[120.71765,18.2439],[120.71765,18.24395],[120.71755,18.24395],[120.71755,18.244],[120.7174,18.24395],[120.7173,18.24405],[120.71715,18.2441],[120.71715,18.2442],[120.7171,18.2442],[120.7171,18.2443],[120.7166,18.24345],[120.71665,18.24345],[120.71715,18.24285],[120.7162,18.2422],[120.7161,18.2417],[120.71605,18.2417],[120.71605,18.24175],[120.7159,18.24175],[120.7159,18.2418],[120.7158,18.2419],[120.71575,18.2419],[120.71555,18.24205],[120.7155,18.24205],[120.71525,18.2421],[120.71525,18.24205],[120.71605,18.2416],[120.71615,18.2416],[120.71615,18.24155],[120.71635,18.24155],[120.71635,18.2416],[120.7171,18.2416],[120.7173,18.24125],[120.71735,18.2412],[120.7174,18.24115],[120.71745,18.2412],[120.71755,18.2412],[120.71755,18.24115],[120.7174,18.24115],[120.71735,18.2412],[120.7173,18.24125],[120.7171,18.2413],[120.7171,18.24125],[120.71695,18.24125],[120.7163,18.2405],[120.71625,18.2405],[120.7173,18.2399],[120.71745,18.2399],[120.71745,18.23995],[120.71755,18.24],[120.71775,18.24],[120.7178,18.24],[120.7178,18.24005],[120.71785,18.24005],[120.71785,18.24],[120.71795,18.24],[120.718,18.24],[120.71815,18.24015],[120.71845,18.2403],[120.71865,18.2402],[120.71865,18.24015],[120.7187,18.24015],[120.7187,18.2401],[120.7185,18.23925],[120.7185,18.2392],[120.71845,18.2392],[120.7182,18.239],[120.71805,18.239],[120.71635,18.23955],[120.7163,18.23955],[120.716,18.239],[120.71605,18.23835],[120.71605,18.23825],[120.71625,18.23805],[120.71625,18.238],[120.7163,18.238],[120.7163,18.23795],[120.71635,18.23795],[120.71635,18.2379],[120.7164,18.2379],[120.7164,18.23785],[120.71645,18.23785],[120.71645,18.2378],[120.7165,18.2378],[120.7166,18.23785],[120.71665,18.23785],[120.71665,18.2379],[120.71775,18.2382],[120.71775,18.23815],[120.7178,18.23815],[120.7177,18.23795],[120.7177,18.23785],[120.71725,18.2373],[120.7169,18.2371],[120.7165,18.2366],[120.7165,18.23655],[120.71645,18.23655],[120.71645,18.2365],[120.7164,18.2365],[120.7164,18.2364],[120.71625,18.2362],[120.71595,18.23625],[120.7158,18.2363],[120.71585,18.23595],[120.71595,18.23595],[120.716,18.23585],[120.71625,18.23585],[120.7164,18.23575],[120.7164,18.2357],[120.71645,18.2357],[120.71645,18.23565],[120.71655,18.23565],[120.71625,18.2348],[120.71645,18.2336],[120.7171,18.2328],[120.7171,18.23275],[120.7175,18.2325],[120.71755,18.2325],[120.71755,18.23255],[120.7177,18.2325],[120.71775,18.23245],[120.71785,18.23245],[120.7179,18.23245],[120.718,18.23245],[120.71805,18.2324],[120.7181,18.2324],[120.71845,18.2322],[120.71845,18.23215],[120.7185,18.23215],[120.7185,18.232],[120.7185,18.23195],[120.71835,18.2319],[120.71835,18.23185],[120.7183,18.23185],[120.7183,18.2318],[120.71795,18.2315],[120.7181,18.23005],[120.7192,18.229],[120.72035,18.22905],[120.72065,18.2296],[120.7206,18.2296],[120.7206,18.22965],[120.71945,18.23025],[120.7194,18.23025],[120.71925,18.23035],[120.71885,18.23045],[120.7187,18.23045],[120.7198,18.23185],[120.7199,18.23185],[120.7202,18.2324],[120.72025,18.2324],[120.72025,18.23245],[120.7203,18.23245],[120.7203,18.2325],[120.72035,18.2325],[120.72045,18.2325],[120.7206,18.2325],[120.7208,18.2325],[120.7209,18.2325],[120.7209,18.2326],[120.72095,18.2326],[120.72095,18.2334],[120.7209,18.2334],[120.72065,18.2339],[120.7207,18.2339],[120.72065,18.23405],[120.7206,18.23405],[120.72055,18.2342],[120.71975,18.23515],[120.7189,18.2352],[120.7191,18.23615],[120.71915,18.23615],[120.7187,18.23745],[120.71885,18.23745],[120.719,18.23765],[120.7191,18.23765],[120.7205,18.23755],[120.7205,18.2375],[120.72165,18.2372],[120.72185,18.2372],[120.72185,18.23715],[120.7219,18.23715],[120.72335,18.23705],[120.72385,18.2373],[120.72395,18.2373],[120.72345,18.23845],[120.7235,18.23845],[120.72355,18.23915],[120.7235,18.23915],[120.72255,18.2396],[120.72185,18.24035],[120.7203,18.2411],[120.72035,18.24155],[120.7203,18.24155],[120.72,18.24195],[120.71995,18.24195],[120.71965,18.2421],[120.71955,18.24215],[120.7195,18.2422],[120.71945,18.2422],[120.7185,18.242],[120.7189,18.24275],[120.71875,18.24425],[120.7188,18.24425],[120.71885,18.24445],[120.7189,18.24445],[120.71905,18.2456],[120.71895,18.2456],[120.719,18.2457],[120.71905,18.24585],[120.7191,18.24585],[120.7191,18.2459],[120.71945,18.2459],[120.7195,18.2459],[120.7196,18.2459],[120.7202,18.24515],[120.72025,18.24515],[120.72025,18.245],[120.72045,18.2445],[120.72045,18.24445],[120.7205,18.24445],[120.72055,18.24445],[120.72105,18.2451],[120.721,18.2451],[120.7212,18.2456],[120.7211,18.2456],[120.7207,18.24675],[120.72075,18.24675],[120.72045,18.2483],[120.7204,18.2483],[120.72035,18.2485],[120.7204,18.2485],[120.7204,18.24855],[120.7206,18.24855],[120.7206,18.2485],[120.72075,18.2485],[120.72075,18.24845],[120.72085,18.24845],[120.72165,18.24685],[120.7217,18.24685],[120.7218,18.24675],[120.72185,18.24675],[120.7223,18.24655],[120.7223,18.2466],[120.72235,18.2466],[120.723,18.24735],[120.723,18.2474],[120.7231,18.2474],[120.7231,18.24745],[120.72325,18.24745],[120.72325,18.2475],[120.72425,18.24775],[120.72425,18.2478],[120.72435,18.2478],[120.72595,18.2472],[120.72605,18.2472],[120.72605,18.2474],[120.7258,18.2476],[120.7258,18.24765]]],[[[120.72845,18.2471],[120.7276,18.2468],[120.72635,18.24565],[120.72635,18.2456],[120.72605,18.24465],[120.7261,18.24465],[120.72635,18.2437],[120.7264,18.2437],[120.7267,18.24285],[120.72735,18.24235],[120.7285,18.24255],[120.7285,18.2426],[120.72845,18.2434],[120.72855,18.2434],[120.7285,18.2438],[120.7285,18.2439],[120.72845,18.2439],[120.72955,18.24495],[120.7293,18.24645],[120.729,18.2468],[120.72895,18.2468],[120.7287,18.24695],[120.7286,18.24695],[120.72845,18.2471]]],[[[120.71095,18.2458],[120.7109,18.2458],[120.71095,18.2458],[120.7108,18.24635],[120.71075,18.24635],[120.71055,18.24655],[120.7105,18.24655],[120.70995,18.2463],[120.7099,18.2463],[120.70865,18.24615],[120.70865,18.2461],[120.70865,18.24605],[120.70955,18.24565],[120.7106,18.24425],[120.7107,18.24425],[120.71075,18.24425],[120.7109,18.24425],[120.71095,18.2441],[120.71075,18.2441],[120.71075,18.244],[120.71065,18.244],[120.71065,18.24405],[120.71055,18.24405],[120.71,18.2433],[120.71115,18.2434],[120.7112,18.2434],[120.71115,18.24365],[120.71135,18.24375],[120.7114,18.2438],[120.7114,18.2439],[120.71155,18.2441],[120.7116,18.2441],[120.7116,18.24415],[120.71165,18.24415],[120.71165,18.2442],[120.7117,18.2442],[120.7118,18.2443],[120.71185,18.2443],[120.71185,18.24455],[120.7119,18.2448],[120.71185,18.2448],[120.71135,18.24535],[120.71125,18.24535],[120.711,18.2458],[120.71095,18.2458]]],[[[120.72495,18.24645],[120.7245,18.2465],[120.7241,18.24635],[120.72375,18.2462],[120.72375,18.24615],[120.72335,18.24555],[120.72325,18.24545],[120.72305,18.2449],[120.7231,18.2449],[120.7231,18.2448],[120.72355,18.2446],[120.7239,18.2446],[120.7242,18.2448],[120.72495,18.24495],[120.72555,18.24565],[120.7256,18.24565],[120.7261,18.2459],[120.72575,18.24645],[120.72495,18.24645]]],[[[120.7094,18.24295],[120.70895,18.2432],[120.7089,18.2432],[120.7089,18.24455],[120.7084,18.2452],[120.70825,18.24515],[120.70835,18.24605],[120.7084,18.24605],[120.7082,18.2461],[120.7079,18.24605],[120.70785,18.24605],[120.70775,18.24585],[120.70775,18.2457],[120.70775,18.2456],[120.70765,18.2454],[120.70765,18.2453],[120.70765,18.2452],[120.7077,18.24465],[120.7077,18.24445],[120.7076,18.24415],[120.70755,18.24415],[120.7075,18.244],[120.7075,18.24395],[120.70745,18.24265],[120.70795,18.2417],[120.7095,18.24065],[120.70965,18.2401],[120.7119,18.23895],[120.71195,18.239],[120.71195,18.23925],[120.71165,18.23965],[120.71155,18.23975],[120.7115,18.2398],[120.71145,18.23985],[120.71145,18.2399],[120.7114,18.23995],[120.71135,18.24005],[120.7113,18.24005],[120.71125,18.2401],[120.7112,18.24015],[120.7112,18.2402],[120.71105,18.24085],[120.711,18.24085],[120.71075,18.24115],[120.7107,18.24115],[120.71055,18.24125],[120.7105,18.24125],[120.71045,18.2413],[120.71045,18.24135],[120.71035,18.2415],[120.7103,18.2415],[120.7101,18.24245],[120.70955,18.2428],[120.7095,18.24285],[120.70945,18.2429],[120.7094,18.24295]]],[[[120.7213,18.24395],[120.7199,18.24425],[120.7199,18.2442],[120.7199,18.24415],[120.7198,18.24415],[120.7192,18.2436],[120.7192,18.24355],[120.7192,18.2435],[120.71915,18.2435],[120.71915,18.24345],[120.7191,18.24345],[120.7191,18.2434],[120.71905,18.2434],[120.71905,18.2431],[120.71925,18.2428],[120.7193,18.2428],[120.7194,18.24265],[120.7194,18.2426],[120.71945,18.24255],[120.7195,18.24255],[120.71955,18.2425],[120.7196,18.24245],[120.71965,18.24245],[120.7197,18.2424],[120.71975,18.2424],[120.7198,18.2424],[120.71985,18.2424],[120.71995,18.2424],[120.72095,18.2426],[120.721,18.2426],[120.7214,18.2431],[120.7214,18.24365],[120.72135,18.24365],[120.72135,18.24395],[120.7213,18.24395]]],[[[120.7072,18.24385],[120.70555,18.2439],[120.7054,18.24335],[120.706,18.2428],[120.70615,18.2428],[120.7062,18.2428],[120.7062,18.24285],[120.70625,18.24285],[120.70625,18.2429],[120.7063,18.2429],[120.7063,18.24295],[120.70635,18.24295],[120.7064,18.2431],[120.70655,18.2431],[120.7073,18.2438],[120.70725,18.24385],[120.7072,18.24385]]],[[[120.71265,18.24325],[120.7118,18.2435],[120.7116,18.2426],[120.7116,18.24255],[120.71165,18.24255],[120.71165,18.2425],[120.71165,18.24245],[120.7116,18.24245],[120.7116,18.2425],[120.7115,18.2425],[120.7109,18.2418],[120.71135,18.2413],[120.71165,18.2413],[120.71165,18.24135],[120.71175,18.24135],[120.71175,18.2414],[120.712,18.2418],[120.712,18.24195],[120.7125,18.2417],[120.71305,18.24175],[120.7137,18.2397],[120.7143,18.2394],[120.7143,18.23945],[120.71435,18.23945],[120.7144,18.23945],[120.71475,18.2398],[120.7148,18.2398],[120.7149,18.2404],[120.7142,18.24145],[120.7142,18.2415],[120.7135,18.242],[120.7134,18.242],[120.7133,18.24255],[120.7132,18.2425],[120.71265,18.24325]]],[[[120.7276,18.23965],[120.72705,18.24035],[120.7269,18.24035],[120.7269,18.2405],[120.727,18.2405],[120.72745,18.2415],[120.72575,18.2426],[120.7255,18.2426],[120.7255,18.24265],[120.725,18.2426],[120.72465,18.24255],[120.72435,18.2425],[120.7243,18.2426],[120.7242,18.2426],[120.7242,18.24265],[120.724,18.24245],[120.724,18.2423],[120.72405,18.2422],[120.7241,18.2422],[120.7241,18.24215],[120.7241,18.242],[120.72425,18.2417],[120.72425,18.24165],[120.7244,18.2413],[120.7244,18.2412],[120.72445,18.2412],[120.7245,18.2411],[120.72505,18.2407],[120.7251,18.2407],[120.7257,18.2403],[120.72585,18.24025],[120.72585,18.2402],[120.72595,18.2402],[120.72595,18.24015],[120.7262,18.2396],[120.72625,18.2393],[120.72655,18.23915],[120.72665,18.23915],[120.72705,18.23935],[120.7271,18.23935],[120.7274,18.23955],[120.72745,18.23955],[120.72745,18.23945],[120.7275,18.23945],[120.7275,18.2394],[120.72755,18.23935],[120.7276,18.23925],[120.7276,18.2392],[120.72805,18.23915],[120.7281,18.23915],[120.7281,18.23935],[120.72785,18.23965],[120.7276,18.23965]]],[[[120.68195,18.2375],[120.68235,18.2381],[120.6824,18.2381],[120.68245,18.2382],[120.6825,18.2382],[120.68305,18.23875],[120.683,18.23875],[120.6814,18.2395],[120.68085,18.2394],[120.6807,18.2394],[120.67985,18.2393],[120.67965,18.23925],[120.6793,18.23875],[120.6793,18.2387],[120.67935,18.2387],[120.67935,18.23865],[120.67935,18.2386],[120.67955,18.23845],[120.67955,18.2384],[120.6796,18.2384],[120.6796,18.23835],[120.6797,18.23835],[120.6797,18.2383],[120.67975,18.2383],[120.67975,18.2382],[120.6793,18.2382],[120.679,18.2381],[120.679,18.23755],[120.67905,18.2375],[120.6788,18.2375],[120.679,18.23555],[120.67915,18.23555],[120.6793,18.2355],[120.6794,18.2355],[120.67945,18.2354],[120.6797,18.2354],[120.6795,18.23505],[120.67945,18.23505],[120.67945,18.23495],[120.6794,18.23495],[120.6796,18.2348],[120.6797,18.2348],[120.67995,18.2351],[120.67995,18.23555],[120.6805,18.2349],[120.68055,18.2349],[120.68125,18.234],[120.6813,18.234],[120.68165,18.23405],[120.6817,18.23405],[120.6817,18.234],[120.68175,18.234],[120.68175,18.23395],[120.6818,18.23395],[120.6818,18.2339],[120.68185,18.2337],[120.68185,18.23365],[120.6819,18.23365],[120.6819,18.23355],[120.6819,18.2334],[120.68205,18.2331],[120.68205,18.23305],[120.6821,18.23305],[120.6821,18.233],[120.6822,18.23295],[120.6822,18.23285],[120.68225,18.23285],[120.68225,18.23235],[120.68225,18.2323],[120.6822,18.2323],[120.6822,18.2322],[120.6818,18.2322],[120.6814,18.2327],[120.6813,18.23275],[120.68125,18.23275],[120.68125,18.2328],[120.68115,18.2329],[120.6811,18.2329],[120.68105,18.2329],[120.68105,18.23295],[120.68085,18.23305],[120.6808,18.2331],[120.68075,18.2331],[120.68005,18.23355],[120.68,18.2336],[120.67885,18.23405],[120.6787,18.23485],[120.67865,18.23485],[120.67865,18.2349],[120.67785,18.2344],[120.6777,18.2344],[120.67765,18.2347],[120.6777,18.2347],[120.6777,18.235],[120.67745,18.23505],[120.67725,18.23515],[120.67715,18.23515],[120.6779,18.2354],[120.67795,18.2354],[120.67795,18.236],[120.6779,18.236],[120.6779,18.23615],[120.67785,18.23615],[120.67845,18.23725],[120.6785,18.23725],[120.6786,18.23755],[120.67855,18.23755],[120.6774,18.2377],[120.67625,18.2367],[120.6756,18.23535],[120.6757,18.2345],[120.67695,18.23365],[120.67705,18.23365],[120.6772,18.23365],[120.67825,18.23365],[120.67825,18.2336],[120.67835,18.23355],[120.67835,18.2334],[120.67825,18.2333],[120.6779,18.2333],[120.6777,18.23325],[120.6777,18.2332],[120.6777,18.23315],[120.6777,18.2331],[120.6777,18.23305],[120.67865,18.2322],[120.67935,18.23225],[120.6807,18.23135],[120.6807,18.2313],[120.68075,18.2313],[120.68075,18.23125],[120.68085,18.23125],[120.68085,18.2312],[120.6809,18.2312],[120.68095,18.2311],[120.681,18.2311],[120.6813,18.23095],[120.68175,18.23095],[120.68175,18.2309],[120.6818,18.2309],[120.68185,18.2309],[120.68185,18.23085],[120.682,18.23065],[120.682,18.2306],[120.6821,18.23035],[120.68215,18.23035],[120.68205,18.2293],[120.68135,18.2292],[120.68125,18.2292],[120.68125,18.22915],[120.68125,18.22905],[120.68125,18.22895],[120.68125,18.22885],[120.68125,18.22865],[120.6816,18.22825],[120.68075,18.22755],[120.68075,18.2275],[120.67965,18.22525],[120.6792,18.22525],[120.6792,18.2252],[120.6792,18.2249],[120.67925,18.2249],[120.68025,18.22435],[120.68025,18.2242],[120.68025,18.22415],[120.68025,18.224],[120.6804,18.2228],[120.68045,18.2228],[120.68045,18.22275],[120.68045,18.2227],[120.6805,18.2227],[120.6805,18.22265],[120.68055,18.22265],[120.68055,18.2226],[120.6806,18.2225],[120.68055,18.22245],[120.68055,18.22235],[120.6805,18.22225],[120.68045,18.2222],[120.6801,18.2211],[120.6801,18.2201],[120.6801,18.22],[120.6801,18.21975],[120.6802,18.21965],[120.6802,18.2195],[120.68025,18.2195],[120.68025,18.21945],[120.68025,18.21935],[120.6803,18.21935],[120.6803,18.2193],[120.68035,18.2193],[120.68035,18.21925],[120.6804,18.2191],[120.68045,18.2191],[120.68055,18.21885],[120.68055,18.2188],[120.68055,18.21875],[120.6814,18.2178],[120.6814,18.21775],[120.68145,18.21775],[120.6814,18.2173],[120.6814,18.21725],[120.6813,18.21715],[120.6813,18.2171],[120.68105,18.21655],[120.681,18.2165],[120.6809,18.2165],[120.6809,18.21645],[120.68085,18.21645],[120.68085,18.2164],[120.6808,18.2164],[120.6808,18.21645],[120.68085,18.21645],[120.6805,18.21695],[120.67895,18.2174],[120.6789,18.2174],[120.67885,18.2175],[120.6782,18.2176],[120.67815,18.2176],[120.67805,18.2176],[120.6777,18.2176],[120.6777,18.21755],[120.67765,18.21755],[120.6777,18.2176],[120.6771,18.21765],[120.67685,18.21765],[120.67625,18.21775],[120.6762,18.21775],[120.67715,18.21805],[120.67715,18.218],[120.6772,18.218],[120.6787,18.21795],[120.679,18.2178],[120.67905,18.2178],[120.67905,18.21775],[120.67905,18.2177],[120.67905,18.21775],[120.6791,18.21775],[120.6791,18.2177],[120.6792,18.2177],[120.67925,18.21765],[120.67925,18.2176],[120.6794,18.2176],[120.67945,18.2175],[120.6795,18.2175],[120.6795,18.21745],[120.67955,18.21745],[120.67955,18.2174],[120.6796,18.2174],[120.6797,18.2174],[120.68045,18.21745],[120.6807,18.21825],[120.68025,18.2189],[120.68015,18.2189],[120.68,18.219],[120.6798,18.219],[120.6798,18.21905],[120.6796,18.21905],[120.6796,18.2191],[120.6794,18.2191],[120.6794,18.21915],[120.6786,18.2193],[120.678,18.21905],[120.67765,18.21905],[120.67765,18.219],[120.67745,18.219],[120.6775,18.21945],[120.67755,18.21945],[120.6774,18.21985],[120.67645,18.21985],[120.6749,18.2188],[120.6748,18.21835],[120.6748,18.2183],[120.67485,18.2182],[120.6749,18.2182],[120.6749,18.21815],[120.67525,18.21795],[120.67535,18.21795],[120.6756,18.2178],[120.67565,18.2178],[120.6757,18.2178],[120.6757,18.21775],[120.67575,18.2178],[120.67575,18.21775],[120.6758,18.21755],[120.6758,18.2175],[120.67575,18.2174],[120.67575,18.2168],[120.6758,18.2168],[120.6758,18.21675],[120.6758,18.2167],[120.6758,18.21655],[120.6758,18.21645],[120.6768,18.2153],[120.6765,18.2146],[120.67505,18.21315],[120.67415,18.2127],[120.67415,18.21265],[120.6741,18.21265],[120.6741,18.2126],[120.67415,18.21215],[120.67415,18.21205],[120.67255,18.21135],[120.672,18.21025],[120.672,18.2083],[120.67175,18.2081],[120.67175,18.2073],[120.67175,18.20725],[120.6718,18.20725],[120.672,18.20705],[120.67205,18.20705],[120.6721,18.2065],[120.6721,18.2064],[120.67215,18.20635],[120.67225,18.20635],[120.67285,18.20625],[120.6729,18.20625],[120.6729,18.2062],[120.67295,18.2062],[120.67285,18.2052],[120.67285,18.20505],[120.67275,18.20495],[120.6727,18.20495],[120.6727,18.2049],[120.67265,18.20485],[120.6726,18.20485],[120.67245,18.20455],[120.67245,18.20445],[120.67245,18.20405],[120.67235,18.20395],[120.67225,18.20385],[120.67215,18.203],[120.6719,18.2025],[120.6725,18.20195],[120.6726,18.20195],[120.6727,18.20185],[120.6728,18.2018],[120.67285,18.2018],[120.67285,18.2017],[120.67285,18.20165],[120.67275,18.20155],[120.6727,18.20145],[120.6733,18.2007],[120.6735,18.2008],[120.6736,18.2008],[120.6738,18.2008],[120.67425,18.2011],[120.6743,18.2011],[120.6746,18.2019],[120.67455,18.2019],[120.67395,18.20285],[120.674,18.20285],[120.67405,18.20355],[120.6743,18.20355],[120.6743,18.2035],[120.6744,18.2035],[120.67445,18.2035],[120.67445,18.20345],[120.67495,18.20295],[120.67505,18.20295],[120.6751,18.20295],[120.6755,18.20285],[120.6756,18.20285],[120.676,18.2025],[120.676,18.20245],[120.6758,18.20105],[120.6758,18.20095],[120.6762,18.2007],[120.67625,18.2007],[120.67685,18.2007],[120.6769,18.2007],[120.6769,18.20075],[120.67695,18.20075],[120.6775,18.20085],[120.6776,18.20085],[120.6776,18.2009],[120.67765,18.2009],[120.67795,18.2014],[120.678,18.2014],[120.678,18.20145],[120.67775,18.20245],[120.6777,18.20245],[120.67775,18.2025],[120.6772,18.2028],[120.67655,18.20295],[120.6759,18.2041],[120.67585,18.2041],[120.6757,18.2043],[120.6756,18.2043],[120.67545,18.2045],[120.6755,18.2045],[120.6758,18.20505],[120.67585,18.20505],[120.67635,18.20525],[120.6765,18.20525],[120.67745,18.2071],[120.6775,18.2071],[120.678,18.2079],[120.6781,18.2079],[120.67925,18.2085],[120.6793,18.2085],[120.67995,18.20945],[120.68,18.20945],[120.68065,18.21045],[120.6807,18.21045],[120.681,18.2113],[120.6826,18.21305],[120.6827,18.21305],[120.68325,18.2137],[120.6836,18.21475],[120.68355,18.21475],[120.68315,18.2151],[120.6839,18.21565],[120.6844,18.2157],[120.6845,18.2157],[120.68445,18.2153],[120.68445,18.2152],[120.6849,18.2142],[120.68485,18.2142],[120.68425,18.21355],[120.68405,18.21355],[120.68355,18.21225],[120.6847,18.2118],[120.6847,18.2121],[120.6846,18.21225],[120.6847,18.2128],[120.68485,18.2128],[120.6849,18.2128],[120.6849,18.21275],[120.6851,18.21275],[120.6851,18.2127],[120.6852,18.2127],[120.68565,18.2124],[120.6858,18.2124],[120.68585,18.2124],[120.6859,18.21245],[120.68625,18.2126],[120.6863,18.2126],[120.6863,18.21265],[120.6864,18.21265],[120.68645,18.21265],[120.68705,18.21265],[120.6871,18.21265],[120.68815,18.2129],[120.6882,18.2129],[120.68825,18.2129],[120.6883,18.2129],[120.6883,18.21295],[120.6884,18.21295],[120.68875,18.21315],[120.68885,18.21315],[120.6893,18.2134],[120.68955,18.21385],[120.6896,18.21385],[120.68975,18.21395],[120.6899,18.21405],[120.6899,18.2141],[120.69,18.2141],[120.69135,18.215],[120.69135,18.21505],[120.6914,18.21505],[120.6921,18.21715],[120.6921,18.2184],[120.6917,18.21895],[120.692,18.21965],[120.692,18.21975],[120.69195,18.21975],[120.6899,18.22065],[120.6899,18.2216],[120.68995,18.2219],[120.69,18.2219],[120.6901,18.22195],[120.6903,18.2222],[120.69045,18.2222],[120.69055,18.2222],[120.69085,18.22205],[120.6911,18.22205],[120.6921,18.2219],[120.6921,18.22195],[120.6922,18.22195],[120.6928,18.2223],[120.69325,18.2237],[120.69315,18.2247],[120.69255,18.22535],[120.69255,18.2254],[120.6923,18.2254],[120.6915,18.22535],[120.6914,18.22535],[120.6914,18.2254],[120.69135,18.2254],[120.6911,18.226],[120.69085,18.22605],[120.69085,18.2261],[120.6906,18.2261],[120.69025,18.22625],[120.69015,18.22625],[120.6901,18.22635],[120.69,18.22635],[120.69,18.2264],[120.68965,18.2266],[120.68965,18.2268],[120.69035,18.2267],[120.6904,18.2267],[120.6904,18.22675],[120.6915,18.22725],[120.6918,18.227],[120.693,18.22725],[120.69305,18.22725],[120.6934,18.2272],[120.6934,18.22715],[120.6935,18.22715],[120.69355,18.22715],[120.69355,18.2271],[120.6936,18.2271],[120.69365,18.22715],[120.69365,18.2271],[120.69365,18.22705],[120.6937,18.22705],[120.69375,18.22705],[120.6938,18.22705],[120.69415,18.2266],[120.69415,18.22655],[120.6942,18.22655],[120.6945,18.2277],[120.69385,18.228],[120.69385,18.22805],[120.6938,18.22815],[120.69375,18.22815],[120.69335,18.22895],[120.6924,18.2292],[120.6924,18.22915],[120.6923,18.2292],[120.69225,18.22915],[120.69225,18.2292],[120.6916,18.22965],[120.69155,18.22965],[120.69155,18.2297],[120.69155,18.2298],[120.6912,18.2298],[120.6911,18.22965],[120.6911,18.2295],[120.69105,18.2295],[120.69105,18.22945],[120.69115,18.2293],[120.69115,18.22925],[120.6912,18.22925],[120.6912,18.2292],[120.69125,18.2292],[120.69125,18.22915],[120.69135,18.22915],[120.69135,18.2291],[120.6914,18.2291],[120.69145,18.2291],[120.69145,18.22905],[120.6915,18.2291],[120.6915,18.22905],[120.692,18.22855],[120.69205,18.22855],[120.6923,18.2287],[120.6926,18.22825],[120.69215,18.22815],[120.6918,18.2282],[120.6906,18.2277],[120.6905,18.2277],[120.6905,18.22765],[120.6883,18.22775],[120.6883,18.2277],[120.6882,18.22765],[120.68815,18.22765],[120.6881,18.22755],[120.68805,18.22755],[120.68805,18.2275],[120.68795,18.22745],[120.6877,18.22735],[120.6877,18.2273],[120.6876,18.2273],[120.6876,18.22725],[120.6874,18.22705],[120.68735,18.22705],[120.68735,18.227],[120.68725,18.2269],[120.68715,18.2269],[120.687,18.22805],[120.68795,18.22895],[120.68795,18.22905],[120.68775,18.22905],[120.68775,18.2291],[120.6877,18.2292],[120.68765,18.2292],[120.68715,18.2296],[120.6868,18.23105],[120.6848,18.23175],[120.68475,18.23175],[120.68475,18.2318],[120.6846,18.2319],[120.6842,18.2319],[120.6849,18.23275],[120.685,18.23445],[120.6845,18.23485],[120.68415,18.23485],[120.68395,18.23495],[120.6835,18.2349],[120.6835,18.23485],[120.68345,18.23485],[120.68345,18.2348],[120.68345,18.2347],[120.68355,18.23465],[120.68355,18.2345],[120.6835,18.23445],[120.683,18.234],[120.6829,18.2339],[120.68285,18.2339],[120.6815,18.23525],[120.68155,18.23525],[120.68165,18.2353],[120.6825,18.2355],[120.68265,18.2355],[120.68285,18.2357],[120.684,18.2358],[120.68465,18.2356],[120.6847,18.2356],[120.6848,18.23555],[120.6848,18.23545],[120.6852,18.23565],[120.68525,18.23565],[120.6861,18.2355],[120.6865,18.23595],[120.6863,18.2372],[120.6863,18.23725],[120.6861,18.2374],[120.68615,18.2374],[120.6861,18.23755],[120.68545,18.2381],[120.68535,18.2381],[120.6854,18.23835],[120.68545,18.23835],[120.6853,18.23865],[120.6848,18.2385],[120.68425,18.23845],[120.68395,18.2385],[120.68395,18.23845],[120.68395,18.2384],[120.6839,18.2384],[120.6839,18.23835],[120.6841,18.238],[120.6841,18.23795],[120.6842,18.2377],[120.6842,18.23765],[120.6842,18.2376],[120.6842,18.23755],[120.68445,18.2374],[120.6845,18.2373],[120.68455,18.2373],[120.6838,18.23685],[120.6834,18.23745],[120.68335,18.23745],[120.6821,18.23745],[120.68195,18.2375]],[[120.6866,18.22455],[120.6871,18.22465],[120.6883,18.224],[120.68845,18.22335],[120.68845,18.2233],[120.6883,18.22275],[120.6873,18.22295],[120.68625,18.22245],[120.6862,18.22245],[120.6859,18.22235],[120.68565,18.22235],[120.6853,18.2218],[120.68465,18.22215],[120.6851,18.22275],[120.68515,18.22275],[120.685,18.22365],[120.6857,18.2244],[120.6864,18.22445],[120.68645,18.22445],[120.6865,18.22445],[120.68655,18.22455],[120.6866,18.22455]],[[120.6839,18.2205],[120.684,18.2206],[120.684,18.22065],[120.6842,18.2207],[120.68425,18.2207],[120.6843,18.2207],[120.6844,18.2206],[120.68445,18.2206],[120.68445,18.22055],[120.6846,18.22035],[120.6846,18.22025],[120.6846,18.2202],[120.68465,18.2202],[120.68475,18.22005],[120.6849,18.22005],[120.6851,18.21995],[120.68545,18.2201],[120.68555,18.2201],[120.68565,18.2201],[120.68585,18.22005],[120.6859,18.22005],[120.6862,18.21965],[120.68625,18.21965],[120.68625,18.21955],[120.6863,18.21955],[120.68645,18.2193],[120.6865,18.2193],[120.68655,18.21925],[120.68655,18.2192],[120.68655,18.21915],[120.686,18.21905],[120.686,18.2191],[120.68595,18.2191],[120.68555,18.21965],[120.6855,18.21965],[120.6855,18.2197],[120.6852,18.21975],[120.68525,18.2197],[120.6852,18.2197],[120.6851,18.2194],[120.6851,18.2192],[120.68505,18.2192],[120.68505,18.219],[120.685,18.219],[120.685,18.21895],[120.68435,18.2179],[120.68275,18.21665],[120.6824,18.21665],[120.6822,18.21765],[120.68225,18.21765],[120.6823,18.2186],[120.68325,18.21965],[120.6832,18.21965],[120.6829,18.2199],[120.68275,18.2199],[120.6826,18.2201],[120.6823,18.2203],[120.68175,18.2204],[120.682,18.22055],[120.6825,18.2205],[120.6825,18.22045],[120.68255,18.22045],[120.6826,18.22045],[120.6826,18.2204],[120.6827,18.2204],[120.6827,18.22035],[120.68285,18.2203],[120.68285,18.22025],[120.6829,18.22025],[120.6834,18.22025],[120.6837,18.22035],[120.68375,18.22035],[120.68385,18.2205],[120.6839,18.2205]]],[[[120.73245,18.2375],[120.7322,18.2391],[120.731,18.239],[120.73015,18.23835],[120.73015,18.23825],[120.7296,18.2375],[120.7297,18.2364],[120.7297,18.23635],[120.72975,18.23635],[120.72975,18.2363],[120.73015,18.2362],[120.7302,18.2362],[120.7302,18.23615],[120.73025,18.23615],[120.73025,18.2361],[120.73025,18.23605],[120.7303,18.23605],[120.7303,18.236],[120.7305,18.23525],[120.7322,18.23485],[120.7324,18.2353],[120.73155,18.23605],[120.7315,18.23605],[120.7312,18.23635],[120.73115,18.2363],[120.73235,18.2374],[120.73245,18.2374],[120.73245,18.2375]]],[[[120.726,18.23745],[120.726,18.2374],[120.72595,18.2374],[120.726,18.23745],[120.7254,18.23725],[120.7254,18.2372],[120.72535,18.2372],[120.72535,18.23715],[120.7255,18.2366],[120.7255,18.23655],[120.72475,18.2357],[120.7245,18.2357],[120.72415,18.2346],[120.72325,18.23435],[120.72375,18.23305],[120.7238,18.23305],[120.7238,18.23295],[120.7238,18.2329],[120.72375,18.2329],[120.72375,18.23285],[120.72375,18.2328],[120.7237,18.2328],[120.7237,18.2327],[120.72365,18.2327],[120.72365,18.23265],[120.72355,18.23245],[120.72355,18.2324],[120.723,18.233],[120.72295,18.233],[120.72275,18.23335],[120.7227,18.23335],[120.7226,18.23415],[120.72255,18.2342],[120.72245,18.2343],[120.72235,18.2343],[120.72225,18.23435],[120.7216,18.2337],[120.72195,18.2325],[120.72265,18.2322],[120.72285,18.2322],[120.7229,18.2322],[120.723,18.2316],[120.72195,18.2302],[120.72195,18.23015],[120.72195,18.2301],[120.722,18.2301],[120.722,18.23005],[120.72205,18.23005],[120.72305,18.2303],[120.723,18.2303],[120.72325,18.23035],[120.7233,18.23035],[120.72335,18.23025],[120.7234,18.23025],[120.72345,18.2302],[120.7235,18.2302],[120.72355,18.22995],[120.72355,18.2298],[120.7236,18.2298],[120.72355,18.2298],[120.72355,18.22975],[120.72345,18.22975],[120.7234,18.22965],[120.7232,18.22945],[120.7232,18.22935],[120.72275,18.2288],[120.72275,18.22875],[120.7226,18.22825],[120.7226,18.22815],[120.72255,18.22745],[120.72255,18.2273],[120.7225,18.2273],[120.7225,18.22715],[120.7234,18.2265],[120.72355,18.22585],[120.72355,18.2258],[120.7236,18.2258],[120.72375,18.2258],[120.72525,18.22645],[120.72645,18.22625],[120.72685,18.22625],[120.72735,18.2265],[120.72745,18.2265],[120.72745,18.22655],[120.7275,18.22655],[120.7278,18.22635],[120.7278,18.2263],[120.72785,18.2263],[120.72805,18.226],[120.7281,18.226],[120.7281,18.22595],[120.7282,18.22595],[120.7285,18.2264],[120.72845,18.2264],[120.72845,18.2265],[120.72735,18.2268],[120.72685,18.22705],[120.7269,18.22705],[120.7268,18.22765],[120.72675,18.22765],[120.72665,18.2287],[120.72765,18.2294],[120.7274,18.22995],[120.7275,18.22995],[120.72755,18.22995],[120.72755,18.23],[120.72765,18.23],[120.72765,18.22995],[120.7277,18.23],[120.72775,18.23],[120.72775,18.23005],[120.7278,18.23005],[120.72815,18.2302],[120.7282,18.2302],[120.72825,18.2302],[120.72825,18.23015],[120.7285,18.2298],[120.72855,18.2297],[120.7291,18.22965],[120.7292,18.2297],[120.7292,18.22985],[120.7292,18.23025],[120.72905,18.23025],[120.729,18.2307],[120.72905,18.2307],[120.72915,18.23135],[120.72915,18.2314],[120.7291,18.2314],[120.72915,18.23155],[120.7291,18.23155],[120.7291,18.23165],[120.7281,18.23205],[120.7278,18.23185],[120.7278,18.23155],[120.72735,18.231],[120.72715,18.23115],[120.7272,18.23115],[120.7272,18.2313],[120.72675,18.2315],[120.7267,18.2315],[120.72665,18.2315],[120.7265,18.2315],[120.727,18.23275],[120.7254,18.2333],[120.7264,18.23385],[120.7271,18.23355],[120.7275,18.23425],[120.72705,18.2347],[120.727,18.2347],[120.7268,18.23485],[120.72645,18.23475],[120.7265,18.2347],[120.72645,18.2347],[120.72645,18.23465],[120.72615,18.23445],[120.7253,18.23455],[120.72535,18.23455],[120.72575,18.23485],[120.7258,18.23485],[120.72585,18.2349],[120.72585,18.23495],[120.7264,18.2353],[120.7264,18.23525],[120.7265,18.23525],[120.7265,18.2352],[120.7267,18.2352],[120.72675,18.2352],[120.72755,18.23565],[120.7276,18.23565],[120.72715,18.23635],[120.7269,18.23635],[120.7269,18.2363],[120.72675,18.23625],[120.7263,18.2366],[120.7263,18.23665],[120.7264,18.2367],[120.7265,18.2369],[120.72655,18.237],[120.7265,18.237],[120.726,18.23745]],[[120.7244,18.22835],[120.7245,18.22895],[120.72455,18.229],[120.7241,18.2297],[120.724,18.2297],[120.7244,18.23015],[120.724,18.23115],[120.7239,18.23115],[120.72425,18.23155],[120.72585,18.23135],[120.72585,18.2313],[120.7265,18.231],[120.7265,18.23095],[120.7263,18.23075],[120.72615,18.2307],[120.72585,18.2304],[120.72585,18.23035],[120.7258,18.23035],[120.7258,18.2303],[120.7258,18.23025],[120.72585,18.2302],[120.72565,18.2291],[120.72505,18.22925],[120.72505,18.2291],[120.72505,18.22885],[120.7244,18.2283],[120.7244,18.22835]]],[[[120.7355,18.2364],[120.73425,18.2371],[120.73415,18.2371],[120.73415,18.23705],[120.7341,18.23705],[120.734,18.2369],[120.734,18.2367],[120.734,18.23665],[120.73395,18.23655],[120.7339,18.23655],[120.73385,18.2365],[120.73385,18.23645],[120.73385,18.2364],[120.73385,18.23635],[120.7348,18.23535],[120.73565,18.23625],[120.73555,18.2364],[120.7355,18.2364]]],[[[120.6776,18.22685],[120.67735,18.22755],[120.67605,18.22765],[120.67475,18.2263],[120.6745,18.22475],[120.6751,18.22365],[120.67515,18.22365],[120.67515,18.2237],[120.67525,18.2237],[120.676,18.2248],[120.67605,18.2248],[120.6764,18.22635],[120.67655,18.22695],[120.6768,18.2267],[120.67755,18.22685],[120.6776,18.22685]]],[[[120.67845,18.22545],[120.6781,18.22655],[120.6775,18.2266],[120.67755,18.22655],[120.67735,18.22655],[120.67695,18.22545],[120.67695,18.2254],[120.677,18.2254],[120.677,18.22535],[120.67705,18.22535],[120.6771,18.22535],[120.67715,18.22535],[120.6774,18.2252],[120.6775,18.2252],[120.6783,18.2252],[120.6783,18.2253],[120.67845,18.22545]]],[[[120.7292,18.22415],[120.7288,18.22465],[120.72885,18.22465],[120.72885,18.2246],[120.72905,18.2246],[120.7291,18.2246],[120.72915,18.2246],[120.7294,18.2246],[120.7297,18.22455],[120.72975,18.22455],[120.72975,18.2246],[120.7298,18.2246],[120.72985,18.2246],[120.73035,18.2247],[120.73035,18.22465],[120.7304,18.22465],[120.7304,18.2246],[120.7305,18.2246],[120.7306,18.2247],[120.7306,18.2248],[120.73065,18.2248],[120.73065,18.22485],[120.7307,18.22485],[120.73065,18.22495],[120.73015,18.2252],[120.7301,18.2252],[120.72955,18.22515],[120.7294,18.22495],[120.7294,18.2249],[120.7294,18.2248],[120.72745,18.2254],[120.72735,18.2254],[120.72735,18.22545],[120.7273,18.22545],[120.72585,18.22565],[120.7245,18.2256],[120.724,18.22515],[120.724,18.2251],[120.72395,18.2251],[120.72395,18.22505],[120.72385,18.22495],[120.72385,18.2248],[120.72385,18.2247],[120.7239,18.2247],[120.7239,18.22465],[120.7239,18.2246],[120.72495,18.22305],[120.7259,18.22295],[120.726,18.22295],[120.72615,18.22295],[120.72625,18.22295],[120.72625,18.223],[120.72655,18.22315],[120.72665,18.22315],[120.72705,18.223],[120.72715,18.2229],[120.72715,18.22285],[120.7272,18.22285],[120.72725,18.22285],[120.72725,18.2228],[120.72725,18.22275],[120.7273,18.2228],[120.7273,18.22275],[120.7273,18.22265],[120.72735,18.22255],[120.7274,18.22255],[120.7274,18.22245],[120.72745,18.22245],[120.72765,18.2201],[120.7277,18.22005],[120.7278,18.22005],[120.72785,18.22005],[120.7288,18.22035],[120.7289,18.22035],[120.72915,18.2202],[120.72925,18.2202],[120.73005,18.2208],[120.7307,18.2217],[120.73075,18.2217],[120.7307,18.22205],[120.73115,18.22255],[120.73135,18.22255],[120.73135,18.2226],[120.7314,18.2226],[120.7316,18.2226],[120.7316,18.22265],[120.7317,18.22265],[120.7317,18.22275],[120.73165,18.22355],[120.7316,18.22355],[120.73155,18.22365],[120.7315,18.22365],[120.73145,18.2237],[120.73135,18.22375],[120.7313,18.22375],[120.7306,18.22405],[120.7299,18.2245],[120.72965,18.22425],[120.72965,18.2242],[120.72965,18.22415],[120.72965,18.22405],[120.7293,18.22405],[120.72925,18.22405],[120.7292,18.2241],[120.7292,18.22415]]],[[[120.67145,18.22315],[120.67085,18.22325],[120.671,18.22345],[120.67155,18.22345],[120.672,18.22365],[120.6734,18.22385],[120.67335,18.22395],[120.67225,18.22455],[120.671,18.2243],[120.6703,18.2235],[120.67065,18.22245],[120.6713,18.2221],[120.67145,18.2221],[120.6717,18.2221],[120.67225,18.22275],[120.67185,18.22295],[120.6717,18.22305],[120.67165,18.22305],[120.67165,18.2231],[120.67155,18.2231],[120.67145,18.22315]]],[[[120.7211,18.21845],[120.7194,18.22085],[120.71855,18.22265],[120.7173,18.2234],[120.71635,18.22435],[120.7153,18.2244],[120.7151,18.2243],[120.71465,18.2243],[120.7148,18.22415],[120.7148,18.22385],[120.7148,18.2238],[120.7139,18.22355],[120.713,18.22285],[120.713,18.22275],[120.713,18.2227],[120.713,18.2226],[120.7129,18.2216],[120.7125,18.22135],[120.71245,18.22135],[120.71135,18.22125],[120.71135,18.2212],[120.7113,18.2212],[120.7113,18.22115],[120.71155,18.22105],[120.71155,18.221],[120.71165,18.221],[120.71205,18.221],[120.71275,18.2211],[120.71275,18.22115],[120.71285,18.22115],[120.71345,18.2221],[120.71345,18.22215],[120.7135,18.22215],[120.71365,18.22235],[120.71375,18.22235],[120.7145,18.2228],[120.7146,18.2228],[120.7147,18.22295],[120.7149,18.22295],[120.7154,18.22275],[120.7154,18.2227],[120.71545,18.2227],[120.71545,18.22265],[120.71555,18.22265],[120.7156,18.22255],[120.7156,18.2225],[120.7156,18.22245],[120.71565,18.22245],[120.71565,18.2224],[120.7157,18.2224],[120.71575,18.2224],[120.71575,18.22235],[120.7158,18.22235],[120.7158,18.2223],[120.71585,18.2223],[120.7159,18.2223],[120.71595,18.2223],[120.71605,18.2223],[120.71605,18.22225],[120.7161,18.22225],[120.71615,18.22225],[120.71615,18.2222],[120.7162,18.2222],[120.71625,18.2222],[120.71625,18.22215],[120.7163,18.22215],[120.71635,18.22215],[120.71635,18.2221],[120.7164,18.2221],[120.7164,18.22205],[120.71645,18.22205],[120.7165,18.22205],[120.7165,18.222],[120.71655,18.222],[120.7166,18.22195],[120.71665,18.22195],[120.71735,18.2215],[120.7186,18.22105],[120.71885,18.2199],[120.7189,18.2199],[120.72025,18.2186],[120.7203,18.2186],[120.72055,18.2184],[120.7206,18.2184],[120.72105,18.2184],[120.72105,18.21845],[120.7211,18.21845]]],[[[120.6671,18.2215],[120.66565,18.22195],[120.6648,18.22145],[120.6639,18.2204],[120.66375,18.2194],[120.6638,18.2193],[120.66385,18.2193],[120.66395,18.21915],[120.664,18.21915],[120.66405,18.2191],[120.66405,18.21905],[120.66405,18.21885],[120.664,18.2188],[120.6637,18.2188],[120.6637,18.21875],[120.6636,18.2183],[120.6636,18.21825],[120.6638,18.2181],[120.6638,18.218],[120.66305,18.2176],[120.66215,18.2181],[120.6621,18.2182],[120.662,18.21825],[120.66175,18.2183],[120.6617,18.21825],[120.6617,18.2182],[120.6616,18.2182],[120.6616,18.21815],[120.66155,18.21815],[120.66155,18.2181],[120.6615,18.2181],[120.6615,18.21805],[120.6615,18.218],[120.66145,18.218],[120.66145,18.21795],[120.66145,18.2179],[120.6618,18.21695],[120.66185,18.21695],[120.6619,18.21695],[120.6619,18.2169],[120.6619,18.21685],[120.66195,18.21685],[120.662,18.21685],[120.662,18.2168],[120.66205,18.2168],[120.66205,18.21675],[120.6621,18.21675],[120.66215,18.2167],[120.66215,18.21665],[120.66225,18.21665],[120.66225,18.2166],[120.66225,18.21655],[120.66225,18.2164],[120.6619,18.2164],[120.66175,18.21645],[120.66125,18.21725],[120.66065,18.21725],[120.66095,18.21755],[120.6609,18.21785],[120.66065,18.21805],[120.66065,18.2181],[120.6606,18.2181],[120.6606,18.21815],[120.6601,18.2171],[120.6601,18.21705],[120.6601,18.217],[120.66015,18.217],[120.66015,18.2168],[120.66015,18.21675],[120.6588,18.216],[120.6588,18.21595],[120.65875,18.21595],[120.65875,18.21585],[120.65875,18.21575],[120.65875,18.2154],[120.6588,18.2154],[120.65925,18.215],[120.6593,18.215],[120.6593,18.21485],[120.65945,18.21455],[120.6595,18.21455],[120.65955,18.21455],[120.6597,18.21455],[120.66,18.21485],[120.66095,18.21475],[120.661,18.21475],[120.66145,18.21435],[120.66155,18.21435],[120.6616,18.2143],[120.6616,18.21425],[120.66165,18.21425],[120.66175,18.21425],[120.66255,18.21435],[120.6631,18.2156],[120.6639,18.21595],[120.66405,18.21595],[120.6641,18.21595],[120.66415,18.21595],[120.6642,18.21595],[120.66425,18.21595],[120.66435,18.21595],[120.66445,18.21595],[120.66495,18.21635],[120.6658,18.21595],[120.66585,18.21595],[120.6663,18.21515],[120.6665,18.21515],[120.66655,18.21515],[120.6666,18.21515],[120.6666,18.2152],[120.66665,18.2152],[120.6667,18.21555],[120.66665,18.2156],[120.66665,18.21565],[120.66655,18.21565],[120.66635,18.21575],[120.66635,18.21595],[120.6664,18.21595],[120.66665,18.2165],[120.66675,18.2165],[120.66675,18.21645],[120.6668,18.21645],[120.66695,18.21655],[120.66705,18.21655],[120.6672,18.21715],[120.66715,18.21715],[120.6662,18.21725],[120.6662,18.2173],[120.666,18.2173],[120.66535,18.2169],[120.6653,18.2169],[120.66525,18.21675],[120.66515,18.21675],[120.66515,18.2167],[120.66485,18.2167],[120.6648,18.21685],[120.66485,18.21685],[120.66495,18.21745],[120.6654,18.21815],[120.6657,18.2197],[120.6661,18.2203],[120.666,18.22075],[120.66705,18.22015],[120.66715,18.22015],[120.66745,18.2201],[120.6675,18.2201],[120.6676,18.22095],[120.66715,18.22145],[120.6671,18.2215]]],[[[120.6523,18.2167],[120.65175,18.2169],[120.6515,18.2166],[120.6514,18.21655],[120.6513,18.2165],[120.6511,18.2165],[120.6511,18.21645],[120.6509,18.21575],[120.65085,18.21575],[120.65075,18.21415],[120.65085,18.21415],[120.6509,18.214],[120.65095,18.214],[120.65085,18.21345],[120.65075,18.21345],[120.65035,18.2142],[120.6503,18.2142],[120.6502,18.21425],[120.64975,18.21425],[120.64905,18.21495],[120.6491,18.21495],[120.64865,18.2152],[120.6486,18.2152],[120.6481,18.2151],[120.64695,18.2157],[120.6464,18.21565],[120.6464,18.2156],[120.6464,18.21555],[120.64635,18.21555],[120.64635,18.2155],[120.64635,18.21545],[120.64635,18.21535],[120.64595,18.2151],[120.64585,18.2151],[120.64575,18.215],[120.6457,18.215],[120.6457,18.2149],[120.64655,18.21445],[120.647,18.21445],[120.6478,18.2149],[120.64785,18.21495],[120.648,18.21495],[120.64805,18.2149],[120.64815,18.21485],[120.64815,18.2148],[120.6482,18.2148],[120.6482,18.21475],[120.64825,18.21475],[120.64825,18.2147],[120.64825,18.2145],[120.6482,18.2145],[120.6482,18.2144],[120.6482,18.21435],[120.6482,18.2143],[120.64825,18.2143],[120.64825,18.21425],[120.64845,18.2142],[120.6485,18.2142],[120.64865,18.2143],[120.6487,18.2143],[120.6489,18.21345],[120.649,18.21335],[120.649,18.2133],[120.649,18.21305],[120.64895,18.21305],[120.64895,18.213],[120.64895,18.21295],[120.64895,18.21285],[120.6488,18.21215],[120.64885,18.21215],[120.6489,18.21215],[120.6489,18.2121],[120.6494,18.2127],[120.6493,18.2127],[120.6493,18.21275],[120.6491,18.21275],[120.6491,18.2128],[120.64915,18.2128],[120.6492,18.2128],[120.6495,18.21295],[120.6495,18.213],[120.6497,18.213],[120.6505,18.2132],[120.6506,18.21325],[120.6507,18.21325],[120.6509,18.21325],[120.65095,18.21325],[120.65095,18.2132],[120.651,18.2132],[120.65105,18.2132],[120.6513,18.2129],[120.65135,18.2129],[120.6519,18.21305],[120.6519,18.2131],[120.65195,18.2131],[120.65205,18.21315],[120.6521,18.21435],[120.65205,18.21435],[120.65205,18.2144],[120.65185,18.21455],[120.65185,18.2147],[120.6519,18.21475],[120.65195,18.21475],[120.6524,18.215],[120.65245,18.215],[120.65215,18.2162],[120.6522,18.2162],[120.6522,18.2163],[120.65225,18.2163],[120.65235,18.2165],[120.6523,18.2167]]],[[[120.6647,18.2159],[120.6643,18.2159],[120.6643,18.21585],[120.66425,18.21585],[120.66425,18.2158],[120.66355,18.21505],[120.66445,18.2148],[120.6646,18.2148],[120.66525,18.21445],[120.6655,18.21445],[120.66555,18.21445],[120.66555,18.2145],[120.6656,18.2145],[120.66605,18.21495],[120.666,18.21495],[120.666,18.21505],[120.6651,18.21575],[120.665,18.2158],[120.6647,18.2159]]],[[[120.66625,18.2128],[120.6654,18.21265],[120.6654,18.2126],[120.6653,18.2126],[120.6648,18.21265],[120.6648,18.2127],[120.6645,18.2127],[120.6638,18.2123],[120.66375,18.2123],[120.6637,18.212],[120.66375,18.212],[120.6639,18.2117],[120.6645,18.21135],[120.6645,18.2113],[120.66465,18.2113],[120.6647,18.2113],[120.6647,18.21135],[120.66475,18.21135],[120.66475,18.2113],[120.6648,18.2113],[120.6648,18.21135],[120.66485,18.2114],[120.6649,18.2114],[120.6651,18.21175],[120.6653,18.21175],[120.66625,18.21245],[120.66625,18.2128]]],[[[120.6622,18.212],[120.6621,18.2119],[120.662,18.2119],[120.6619,18.21185],[120.66155,18.2118],[120.66135,18.2118],[120.66135,18.21175],[120.6613,18.21175],[120.6613,18.2117],[120.66135,18.21165],[120.661,18.2114],[120.66075,18.21075],[120.6608,18.21075],[120.6608,18.2107],[120.6608,18.21065],[120.6608,18.21055],[120.66075,18.21055],[120.66075,18.2105],[120.66075,18.21045],[120.6607,18.2103],[120.6607,18.21025],[120.6611,18.21],[120.6616,18.21005],[120.6617,18.21005],[120.6617,18.21015],[120.66175,18.21015],[120.66175,18.2101],[120.66185,18.2101],[120.66185,18.21015],[120.6619,18.21015],[120.66195,18.21015],[120.66195,18.2102],[120.662,18.2102],[120.66205,18.2102],[120.6621,18.2102],[120.6622,18.21025],[120.66225,18.21015],[120.66225,18.2101],[120.6622,18.2101],[120.6622,18.21005],[120.6622,18.21],[120.66205,18.20985],[120.66205,18.2098],[120.66205,18.20975],[120.662,18.20975],[120.662,18.2097],[120.6621,18.20945],[120.6622,18.20945],[120.66235,18.20945],[120.66295,18.20975],[120.663,18.20975],[120.6631,18.20975],[120.6631,18.2098],[120.66315,18.2098],[120.6632,18.2098],[120.6632,18.20985],[120.6635,18.2098],[120.66355,18.2098],[120.66375,18.2096],[120.66385,18.2096],[120.66395,18.2096],[120.66425,18.20985],[120.6643,18.20985],[120.66435,18.20985],[120.6648,18.20965],[120.66495,18.20965],[120.66555,18.20985],[120.6656,18.21025],[120.6655,18.21045],[120.6654,18.2105],[120.6654,18.21065],[120.6649,18.21105],[120.6638,18.211],[120.6638,18.21095],[120.66375,18.21075],[120.66375,18.21065],[120.66385,18.2107],[120.664,18.2103],[120.66395,18.2103],[120.6631,18.21035],[120.6631,18.2104],[120.66325,18.21065],[120.6632,18.21065],[120.66285,18.212],[120.6622,18.212]]],[[[120.68465,18.20485],[120.6846,18.2049],[120.68455,18.2049],[120.68455,18.20515],[120.68455,18.20535],[120.6847,18.2054],[120.6847,18.20545],[120.68475,18.20545],[120.6849,18.2055],[120.6849,18.20555],[120.68495,18.20555],[120.685,18.2056],[120.68515,18.2057],[120.6871,18.20765],[120.6873,18.20915],[120.6871,18.2096],[120.68695,18.2097],[120.68695,18.20975],[120.68655,18.2099],[120.68655,18.20995],[120.6865,18.21],[120.68635,18.21015],[120.68625,18.2102],[120.68615,18.2102],[120.68545,18.2103],[120.6851,18.2103],[120.68475,18.21005],[120.68485,18.20875],[120.6833,18.20855],[120.68205,18.2095],[120.68075,18.2094],[120.6802,18.2089],[120.6796,18.2074],[120.67925,18.2064],[120.67915,18.2064],[120.6788,18.2048],[120.67875,18.2048],[120.6787,18.203],[120.67865,18.203],[120.6787,18.20245],[120.67875,18.20245],[120.6791,18.2019],[120.67915,18.2019],[120.6797,18.20145],[120.6798,18.20145],[120.68015,18.2015],[120.6803,18.20155],[120.6805,18.20155],[120.6813,18.20155],[120.6813,18.2016],[120.6814,18.2017],[120.68145,18.2017],[120.68155,18.20175],[120.6819,18.2022],[120.68195,18.2022],[120.682,18.20225],[120.6821,18.20225],[120.68215,18.20225],[120.68345,18.20245],[120.6835,18.20245],[120.68355,18.20245],[120.68355,18.2025],[120.68395,18.20315],[120.684,18.20315],[120.684,18.2036],[120.684,18.2038],[120.68405,18.2038],[120.68425,18.2039],[120.68425,18.20395],[120.6843,18.20395],[120.6851,18.2044],[120.68515,18.2044],[120.68515,18.20445],[120.6851,18.20445],[120.6851,18.2045],[120.68505,18.20445],[120.68505,18.20455],[120.68485,18.20465],[120.68475,18.2047],[120.6847,18.2047],[120.6847,18.20475],[120.68465,18.20475],[120.68465,18.2048],[120.6846,18.2048],[120.68465,18.20485]]],[[[120.6362,18.209],[120.6362,18.20895],[120.6362,18.209],[120.6351,18.2087],[120.6351,18.2086],[120.6351,18.20855],[120.63505,18.20855],[120.63505,18.20845],[120.63565,18.20755],[120.63585,18.2076],[120.63585,18.20755],[120.6359,18.20755],[120.63595,18.20755],[120.63615,18.20755],[120.6367,18.20765],[120.63675,18.20765],[120.63675,18.2077],[120.63685,18.2077],[120.6369,18.2077],[120.6369,18.20775],[120.63695,18.20775],[120.637,18.20775],[120.637,18.2078],[120.63705,18.20785],[120.6371,18.20785],[120.6375,18.20795],[120.6376,18.20795],[120.6376,18.208],[120.63765,18.208],[120.63765,18.2085],[120.6376,18.2085],[120.63755,18.2085],[120.6375,18.20855],[120.6375,18.2086],[120.6372,18.2083],[120.6372,18.20825],[120.63715,18.20825],[120.63705,18.2084],[120.637,18.2084],[120.63665,18.20875],[120.6366,18.20875],[120.6362,18.209]]],[[[120.6686,18.2081],[120.66785,18.20815],[120.66715,18.2089],[120.66745,18.20785],[120.6674,18.20785],[120.66685,18.2071],[120.667,18.2064],[120.66705,18.2064],[120.66715,18.20615],[120.66725,18.20615],[120.66795,18.20575],[120.6681,18.20575],[120.6681,18.2058],[120.66825,18.2058],[120.66845,18.207],[120.6688,18.20735],[120.6689,18.2078],[120.66885,18.20795],[120.66875,18.208],[120.66875,18.20805],[120.66865,18.208],[120.66865,18.20805],[120.6686,18.20805],[120.6686,18.2081]]],[[[120.6324,18.2071],[120.6314,18.2079],[120.6303,18.20775],[120.63,18.2074],[120.62995,18.20735],[120.6297,18.20725],[120.6292,18.20675],[120.62935,18.2066],[120.6294,18.2066],[120.6296,18.20535],[120.6307,18.2055],[120.6309,18.20565],[120.63095,18.20565],[120.63095,18.2057],[120.63195,18.20595],[120.6304,18.20675],[120.63035,18.20675],[120.6305,18.20715],[120.63055,18.20715],[120.63155,18.2066],[120.6324,18.20685],[120.63245,18.20695],[120.6324,18.2071]]],[[[120.66675,18.20585],[120.6663,18.2067],[120.66625,18.2067],[120.6658,18.20685],[120.66565,18.20685],[120.665,18.20665],[120.665,18.2066],[120.66475,18.2062],[120.6648,18.20615],[120.6648,18.2061],[120.66485,18.206],[120.6649,18.206],[120.6653,18.2056],[120.66535,18.2056],[120.66535,18.20555],[120.6654,18.20555],[120.6654,18.2055],[120.66555,18.2055],[120.66665,18.2055],[120.6667,18.2055],[120.66675,18.20585]]],[[[120.66585,18.20505],[120.66495,18.20515],[120.66475,18.2044],[120.66475,18.20425],[120.6647,18.20425],[120.6647,18.2042],[120.6646,18.2042],[120.6646,18.20415],[120.66455,18.20415],[120.66415,18.20425],[120.664,18.20425],[120.6638,18.20415],[120.66345,18.2041],[120.6634,18.2041],[120.6634,18.20395],[120.6637,18.20355],[120.6632,18.20255],[120.6633,18.20165],[120.6634,18.2016],[120.6634,18.2015],[120.66345,18.2015],[120.66345,18.20145],[120.6635,18.20145],[120.66355,18.20145],[120.66355,18.2014],[120.66355,18.20135],[120.66295,18.20105],[120.663,18.1998],[120.66355,18.199],[120.6646,18.19865],[120.66585,18.19895],[120.6667,18.19965],[120.66775,18.2009],[120.66775,18.20075],[120.66775,18.20065],[120.668,18.20055],[120.668,18.2005],[120.668,18.20045],[120.66805,18.20045],[120.6681,18.20025],[120.6681,18.2002],[120.66795,18.1996],[120.6685,18.20005],[120.6686,18.2001],[120.66865,18.2001],[120.6688,18.20105],[120.6688,18.2011],[120.66855,18.20135],[120.66855,18.2014],[120.66785,18.20105],[120.66775,18.2018],[120.6677,18.20185],[120.66765,18.2018],[120.6662,18.20195],[120.6657,18.201],[120.6657,18.2009],[120.6653,18.2001],[120.6646,18.2004],[120.6643,18.20045],[120.66435,18.20045],[120.66455,18.20075],[120.6646,18.20075],[120.66465,18.2009],[120.6646,18.2009],[120.66435,18.20155],[120.6644,18.20155],[120.66505,18.2021],[120.66535,18.20325],[120.6655,18.20325],[120.66585,18.20365],[120.66585,18.2037],[120.6659,18.2038],[120.66595,18.2038],[120.6667,18.2042],[120.66665,18.20475],[120.66585,18.20505]]],[[[120.7458,18.20415],[120.7446,18.2039],[120.744,18.20395],[120.744,18.2039],[120.74395,18.2039],[120.74395,18.20385],[120.74505,18.20255],[120.74545,18.20255],[120.7456,18.20275],[120.7457,18.20275],[120.7457,18.2028],[120.74575,18.2028],[120.7458,18.2028],[120.74615,18.20295],[120.7462,18.20295],[120.74595,18.2037],[120.7459,18.20375],[120.7459,18.2038],[120.7458,18.20415]]],[[[120.6623,18.19395],[120.66235,18.19495],[120.663,18.1953],[120.66265,18.19625],[120.66265,18.1963],[120.66275,18.1973],[120.66375,18.1977],[120.6639,18.19735],[120.66485,18.19725],[120.6649,18.19725],[120.6649,18.1973],[120.66495,18.1974],[120.6646,18.19845],[120.6636,18.19875],[120.66235,18.19855],[120.66115,18.1975],[120.6608,18.19685],[120.66095,18.1956],[120.66055,18.19465],[120.66055,18.1936],[120.66115,18.19285],[120.66105,18.19195],[120.6617,18.19075],[120.66175,18.19075],[120.6622,18.1904],[120.66245,18.19045],[120.66255,18.19045],[120.6627,18.1914],[120.6626,18.1914],[120.66215,18.19135],[120.6621,18.19135],[120.6625,18.19155],[120.6625,18.1916],[120.66265,18.1916],[120.6628,18.1916],[120.6628,18.19165],[120.6629,18.19165],[120.66305,18.19215],[120.663,18.19215],[120.66305,18.19285],[120.6631,18.19285],[120.66345,18.194],[120.6634,18.194],[120.6634,18.1941],[120.6634,18.19425],[120.6628,18.19375],[120.66275,18.1936],[120.6627,18.1936],[120.6627,18.19355],[120.66265,18.19355],[120.6623,18.1939],[120.6623,18.19395]]],[[[120.669,18.19645],[120.66855,18.197],[120.6681,18.197],[120.6681,18.19695],[120.66765,18.19625],[120.6676,18.1962],[120.66755,18.1962],[120.6675,18.1962],[120.6675,18.19615],[120.6675,18.1961],[120.6675,18.1955],[120.66755,18.1955],[120.66775,18.1951],[120.66905,18.1951],[120.6696,18.19555],[120.66955,18.19555],[120.66955,18.1961],[120.6695,18.1961],[120.669,18.19645]]],[[[120.6642,18.19485],[120.66425,18.19485],[120.6644,18.1949],[120.66445,18.1949],[120.6649,18.1954],[120.66485,18.19645],[120.66435,18.19665],[120.6642,18.19655],[120.66415,18.19655],[120.66415,18.1965],[120.6641,18.1965],[120.6637,18.1954],[120.66365,18.1954],[120.6635,18.1949],[120.66355,18.1949],[120.66355,18.19475],[120.6636,18.19475],[120.6637,18.1947],[120.6638,18.1947],[120.66385,18.1947],[120.66405,18.19485],[120.6642,18.19485]]],[[[120.7501,18.19545],[120.7483,18.19545],[120.7477,18.19515],[120.74615,18.195],[120.7444,18.19435],[120.744,18.19395],[120.744,18.1939],[120.744,18.1938],[120.74435,18.19355],[120.74445,18.19355],[120.7453,18.1936],[120.7454,18.1936],[120.74665,18.1939],[120.7467,18.1939],[120.748,18.1944],[120.7481,18.1944],[120.74915,18.19435],[120.7492,18.19435],[120.74995,18.19455],[120.75,18.19455],[120.7503,18.1953],[120.7503,18.19535],[120.7502,18.1954],[120.7501,18.19545]]],[[[120.6794,18.1953],[120.67915,18.1953],[120.67905,18.19515],[120.679,18.19515],[120.67885,18.19465],[120.6788,18.19465],[120.67885,18.1941],[120.6789,18.1941],[120.67935,18.1934],[120.6794,18.1934],[120.67975,18.1919],[120.6806,18.19165],[120.6806,18.1917],[120.68075,18.1917],[120.68075,18.19175],[120.6808,18.19175],[120.68095,18.19185],[120.681,18.19195],[120.681,18.19215],[120.68105,18.19215],[120.68115,18.19235],[120.6804,18.19305],[120.68025,18.19385],[120.6794,18.1953]]],[[[120.68785,18.19515],[120.6868,18.1949],[120.68675,18.1949],[120.68665,18.19455],[120.6867,18.19455],[120.68685,18.19415],[120.68665,18.1934],[120.6867,18.1934],[120.6867,18.1933],[120.68675,18.1933],[120.68675,18.19325],[120.6868,18.19325],[120.6868,18.1932],[120.68685,18.1932],[120.68685,18.19315],[120.68695,18.19315],[120.68725,18.193],[120.68745,18.193],[120.68745,18.19305],[120.6875,18.19305],[120.6881,18.19415],[120.68795,18.19505],[120.68795,18.19515],[120.68785,18.19515]]],[[[120.7437,18.1939],[120.74315,18.1942],[120.74175,18.19415],[120.7407,18.1933],[120.7407,18.1932],[120.7407,18.19315],[120.7408,18.19305],[120.74085,18.19305],[120.74195,18.1926],[120.7425,18.193],[120.74255,18.193],[120.7435,18.1935],[120.74355,18.1935],[120.7436,18.1935],[120.74375,18.19375],[120.74375,18.1939],[120.7437,18.1939]]],[[[120.6766,18.1914],[120.6758,18.192],[120.67575,18.192],[120.6756,18.19335],[120.67545,18.19345],[120.6753,18.19345],[120.6749,18.19335],[120.6749,18.1933],[120.6744,18.1933],[120.67395,18.19265],[120.674,18.19155],[120.67425,18.1914],[120.6745,18.19115],[120.6746,18.1909],[120.6747,18.1909],[120.67565,18.19095],[120.67575,18.19095],[120.6758,18.19095],[120.6758,18.1909],[120.67585,18.1909],[120.6762,18.19075],[120.67635,18.1908],[120.6764,18.1908],[120.67655,18.1908],[120.67655,18.19085],[120.6767,18.19085],[120.6768,18.1913],[120.6766,18.1914]]],[[[120.669,18.18905],[120.6686,18.1895],[120.6697,18.19],[120.6698,18.1909],[120.6698,18.19105],[120.6696,18.19125],[120.6687,18.1914],[120.66765,18.19105],[120.6671,18.19025],[120.66715,18.19025],[120.66715,18.1902],[120.6673,18.18965],[120.66735,18.18965],[120.66735,18.1896],[120.66855,18.18835],[120.66915,18.1885],[120.6692,18.1885],[120.6692,18.18845],[120.66935,18.1882],[120.6694,18.1882],[120.6694,18.18815],[120.6694,18.18805],[120.6693,18.1876],[120.6693,18.18755],[120.66905,18.1866],[120.66895,18.18645],[120.66875,18.1862],[120.66875,18.1861],[120.66875,18.18595],[120.6688,18.18595],[120.6688,18.18585],[120.66885,18.18585],[120.66885,18.18545],[120.66885,18.18515],[120.6688,18.18515],[120.6688,18.1851],[120.6688,18.185],[120.66875,18.185],[120.66875,18.18495],[120.6685,18.184],[120.66715,18.18355],[120.66665,18.18245],[120.6667,18.18245],[120.6667,18.1824],[120.6667,18.18235],[120.66675,18.1823],[120.66675,18.18225],[120.6668,18.18215],[120.66705,18.18165],[120.6671,18.1816],[120.6671,18.18155],[120.66715,18.18145],[120.6672,18.18145],[120.6672,18.1814],[120.66845,18.1808],[120.66845,18.18085],[120.66865,18.18125],[120.6686,18.1813],[120.6685,18.18135],[120.66855,18.18135],[120.66765,18.18175],[120.66765,18.18185],[120.66855,18.18205],[120.6698,18.18235],[120.6698,18.1823],[120.6705,18.18225],[120.6705,18.18235],[120.67025,18.1834],[120.6703,18.1834],[120.6703,18.1835],[120.66995,18.1839],[120.6699,18.1839],[120.6694,18.1842],[120.66925,18.1842],[120.66925,18.18425],[120.6692,18.18425],[120.66925,18.1845],[120.6693,18.1845],[120.6698,18.18505],[120.67,18.1868],[120.66975,18.1877],[120.66985,18.188],[120.6699,18.188],[120.66965,18.18855],[120.66905,18.18855],[120.66905,18.18905],[120.669,18.18905]]],[[[120.6861,18.19105],[120.6852,18.19075],[120.68415,18.1908],[120.68405,18.1908],[120.6838,18.18985],[120.68525,18.1891],[120.68535,18.1891],[120.6855,18.189],[120.68575,18.189],[120.68575,18.18905],[120.6858,18.18905],[120.6859,18.18905],[120.68605,18.18905],[120.68605,18.1891],[120.6862,18.1891],[120.68665,18.1902],[120.68655,18.19025],[120.6865,18.19035],[120.68635,18.1907],[120.6863,18.1908],[120.68625,18.19095],[120.6862,18.1911],[120.6861,18.19105]]],[[[120.6781,18.18585],[120.6778,18.1861],[120.67785,18.1861],[120.67765,18.18725],[120.6776,18.18725],[120.6777,18.1881],[120.6765,18.188],[120.67585,18.18885],[120.67595,18.18885],[120.67615,18.1905],[120.67605,18.1905],[120.67605,18.19055],[120.6753,18.1903],[120.6753,18.19025],[120.6749,18.19025],[120.6749,18.1903],[120.67455,18.1895],[120.67455,18.1894],[120.6747,18.1892],[120.6751,18.18735],[120.6751,18.18715],[120.67505,18.18695],[120.67505,18.1869],[120.6751,18.1865],[120.6751,18.18645],[120.67515,18.18645],[120.67515,18.18625],[120.6759,18.186],[120.67595,18.186],[120.67595,18.18605],[120.676,18.18605],[120.67605,18.18605],[120.67605,18.186],[120.67615,18.186],[120.6762,18.1859],[120.67615,18.1859],[120.67615,18.18575],[120.6762,18.18575],[120.6762,18.1857],[120.67625,18.18565],[120.67635,18.18565],[120.6767,18.1857],[120.67685,18.1857],[120.6771,18.1856],[120.67715,18.18555],[120.67745,18.1853],[120.6775,18.18535],[120.67755,18.18535],[120.67765,18.18535],[120.6781,18.18585]]],[[[120.6617,18.1899],[120.6607,18.1895],[120.66055,18.1886],[120.66095,18.188],[120.661,18.188],[120.66115,18.1879],[120.66125,18.1879],[120.6618,18.1879],[120.66205,18.1897],[120.6617,18.1899]]],[[[120.68505,18.188],[120.68345,18.1878],[120.68385,18.18675],[120.6839,18.18675],[120.6849,18.18585],[120.6851,18.18585],[120.68525,18.18585],[120.68545,18.1863],[120.6854,18.1863],[120.68545,18.1868],[120.6854,18.18725],[120.68515,18.18795],[120.68515,18.188],[120.68505,18.188]]],[[[120.67145,18.17465],[120.67085,18.1752],[120.6709,18.1752],[120.6713,18.176],[120.67135,18.176],[120.6719,18.1771],[120.672,18.1771],[120.6721,18.17735],[120.67215,18.17735],[120.67325,18.17965],[120.67435,18.18005],[120.67445,18.18005],[120.67475,18.1807],[120.6748,18.1807],[120.6755,18.1817],[120.67525,18.1827],[120.67545,18.1836],[120.6754,18.1836],[120.6754,18.18365],[120.6751,18.18355],[120.6747,18.18355],[120.6744,18.18375],[120.67375,18.18365],[120.6737,18.18365],[120.6737,18.1835],[120.6737,18.18345],[120.67365,18.18345],[120.67365,18.18335],[120.6727,18.18255],[120.6721,18.18175],[120.6721,18.1817],[120.67205,18.1817],[120.6715,18.1818],[120.6714,18.1818],[120.6712,18.182],[120.67115,18.182],[120.67115,18.18205],[120.6707,18.1818],[120.67035,18.18045],[120.6704,18.18045],[120.6704,18.18035],[120.6704,18.1803],[120.67105,18.1799],[120.67105,18.17985],[120.6711,18.17985],[120.67115,18.17985],[120.67115,18.17975],[120.6712,18.17965],[120.67115,18.17965],[120.6711,18.17955],[120.67085,18.17955],[120.67085,18.1796],[120.6705,18.1796],[120.6705,18.17955],[120.67035,18.17955],[120.67,18.17945],[120.6694,18.17905],[120.66945,18.1783],[120.6694,18.17825],[120.669,18.17765],[120.669,18.1776],[120.66905,18.1776],[120.6691,18.17745],[120.66915,18.17745],[120.66915,18.1774],[120.6692,18.1774],[120.6692,18.17735],[120.66925,18.17735],[120.66925,18.1772],[120.6695,18.1764],[120.66955,18.1764],[120.6696,18.17635],[120.66965,18.17635],[120.6697,18.17635],[120.6697,18.1763],[120.6698,18.1763],[120.6698,18.1762],[120.6698,18.1759],[120.66965,18.17545],[120.66965,18.1754],[120.6696,18.1754],[120.6696,18.17535],[120.6696,18.1753],[120.66945,18.17495],[120.6694,18.17495],[120.6694,18.1749],[120.66945,18.1748],[120.6694,18.1748],[120.6694,18.17475],[120.66925,18.17415],[120.6692,18.17385],[120.66915,18.17355],[120.66915,18.1734],[120.66915,18.17335],[120.66915,18.1733],[120.6691,18.1732],[120.66905,18.173],[120.6688,18.17265],[120.66875,18.17265],[120.66875,18.1726],[120.66875,18.17255],[120.66865,18.17255],[120.6686,18.17255],[120.6686,18.1725],[120.6685,18.1724],[120.6684,18.17245],[120.66835,18.17245],[120.6674,18.1732],[120.66735,18.17325],[120.66725,18.1742],[120.6659,18.17555],[120.66595,18.17555],[120.6651,18.17615],[120.66485,18.17615],[120.66485,18.1761],[120.6648,18.17605],[120.66455,18.1758],[120.6645,18.1758],[120.6643,18.1757],[120.6643,18.17565],[120.6642,18.17555],[120.6641,18.1751],[120.66395,18.175],[120.66395,18.1749],[120.6639,18.1749],[120.6639,18.17485],[120.6637,18.17385],[120.66375,18.1738],[120.6638,18.1738],[120.6639,18.1738],[120.6639,18.17375],[120.664,18.17375],[120.664,18.1737],[120.66405,18.1737],[120.66405,18.17365],[120.6641,18.17365],[120.66455,18.17335],[120.6647,18.17335],[120.6649,18.17335],[120.6649,18.1734],[120.6652,18.1734],[120.66525,18.1734],[120.66525,18.17335],[120.6657,18.1727],[120.667,18.1727],[120.6674,18.1724],[120.66745,18.17235],[120.6675,18.17235],[120.668,18.172],[120.66805,18.172],[120.6681,18.172],[120.66845,18.1703],[120.6685,18.17025],[120.6686,18.17025],[120.6698,18.1707],[120.6699,18.1707],[120.6699,18.17065],[120.66995,18.1703],[120.66995,18.17005],[120.66975,18.1696],[120.6697,18.1696],[120.6695,18.16935],[120.6695,18.1693],[120.6695,18.16925],[120.66945,18.16925],[120.66945,18.1692],[120.66945,18.1689],[120.66945,18.1687],[120.6694,18.1687],[120.6694,18.16845],[120.6697,18.168],[120.67085,18.1677],[120.67095,18.1677],[120.671,18.1677],[120.6712,18.16805],[120.67125,18.16805],[120.67205,18.16865],[120.67225,18.16865],[120.67235,18.16865],[120.67275,18.1684],[120.6728,18.1684],[120.67215,18.16785],[120.67215,18.1678],[120.6721,18.1678],[120.6721,18.1677],[120.67225,18.16745],[120.6723,18.1674],[120.67235,18.1674],[120.67235,18.1672],[120.67235,18.167],[120.67235,18.16695],[120.6724,18.16695],[120.6733,18.16615],[120.6733,18.166],[120.6743,18.16575],[120.67435,18.16575],[120.6745,18.16585],[120.6746,18.16585],[120.6753,18.16585],[120.6754,18.16585],[120.67615,18.16585],[120.67625,18.16585],[120.6763,18.16595],[120.6763,18.1661],[120.67615,18.16625],[120.67575,18.16625],[120.6757,18.16635],[120.67565,18.16635],[120.67565,18.1664],[120.6756,18.16645],[120.67555,18.16645],[120.676,18.16695],[120.67605,18.16695],[120.67605,18.167],[120.6761,18.167],[120.6761,18.1671],[120.67615,18.1671],[120.67605,18.1674],[120.676,18.1674],[120.6758,18.16755],[120.6757,18.16755],[120.67495,18.16815],[120.67485,18.16925],[120.6749,18.16925],[120.675,18.1694],[120.675,18.16945],[120.67505,18.1695],[120.67575,18.1709],[120.6758,18.17185],[120.67515,18.1734],[120.67535,18.17475],[120.6754,18.17475],[120.6754,18.1749],[120.67545,18.17505],[120.6753,18.1761],[120.6756,18.1761],[120.67605,18.1764],[120.6762,18.1775],[120.6761,18.17755],[120.6761,18.1776],[120.67605,18.1776],[120.67595,18.1777],[120.67585,18.1777],[120.6744,18.1774],[120.67435,18.1774],[120.67435,18.17725],[120.6744,18.17725],[120.6744,18.1772],[120.6746,18.1766],[120.6746,18.17655],[120.6738,18.17575],[120.674,18.17265],[120.6745,18.1719],[120.67455,18.17065],[120.6745,18.17065],[120.67445,18.17045],[120.6744,18.17045],[120.6743,18.1701],[120.67425,18.1701],[120.67365,18.1708],[120.6736,18.1718],[120.67355,18.1719],[120.67355,18.17195],[120.67285,18.17265],[120.67265,18.1734],[120.6727,18.1734],[120.6717,18.1739],[120.67155,18.1739],[120.67145,18.17465]]],[[[120.68255,18.17705],[120.6821,18.17735],[120.6821,18.1775],[120.68205,18.1775],[120.68205,18.1776],[120.682,18.1776],[120.68225,18.1789],[120.68235,18.17905],[120.6824,18.17905],[120.6825,18.17915],[120.6825,18.1792],[120.68275,18.17935],[120.68275,18.1794],[120.6826,18.18015],[120.68255,18.18015],[120.68255,18.18025],[120.68235,18.1804],[120.68235,18.18055],[120.6824,18.18055],[120.68245,18.18065],[120.6825,18.18065],[120.6825,18.1807],[120.6826,18.1807],[120.68285,18.1808],[120.6831,18.1808],[120.6832,18.1808],[120.68325,18.18085],[120.68325,18.181],[120.68295,18.1811],[120.68285,18.1811],[120.68285,18.18115],[120.6828,18.18115],[120.6828,18.1812],[120.68275,18.1812],[120.68275,18.1813],[120.6828,18.1813],[120.6829,18.18135],[120.6829,18.1814],[120.68315,18.1814],[120.6834,18.1814],[120.68345,18.1814],[120.6835,18.18145],[120.6835,18.1821],[120.6829,18.18295],[120.6829,18.183],[120.6828,18.183],[120.68205,18.18175],[120.682,18.18175],[120.68195,18.18165],[120.68195,18.1816],[120.6806,18.1805],[120.6804,18.18045],[120.6803,18.1804],[120.6802,18.18035],[120.68015,18.18035],[120.68015,18.1803],[120.68015,18.1801],[120.68045,18.1799],[120.68,18.1791],[120.6799,18.1791],[120.6798,18.17885],[120.67965,18.17885],[120.6789,18.1781],[120.678,18.17805],[120.678,18.1781],[120.6779,18.1781],[120.67785,18.17835],[120.6778,18.17835],[120.6778,18.1784],[120.67655,18.17775],[120.6763,18.1765],[120.6767,18.1761],[120.6768,18.17605],[120.67685,18.17605],[120.6771,18.17625],[120.6772,18.17625],[120.67825,18.1773],[120.6789,18.1769],[120.67875,18.1769],[120.67825,18.17605],[120.67825,18.17595],[120.678,18.1748],[120.6773,18.17465],[120.67725,18.17465],[120.67725,18.17455],[120.6773,18.1742],[120.67735,18.1741],[120.6774,18.1741],[120.6777,18.1741],[120.67785,18.17415],[120.6779,18.17415],[120.67795,18.1742],[120.67795,18.17415],[120.678,18.17395],[120.67715,18.1739],[120.67685,18.1739],[120.67625,18.17345],[120.6763,18.17345],[120.6763,18.17285],[120.67635,18.17285],[120.67645,18.172],[120.6765,18.172],[120.67685,18.1713],[120.6769,18.1713],[120.677,18.171],[120.67695,18.171],[120.6771,18.17045],[120.677,18.17045],[120.67705,18.17035],[120.677,18.17035],[120.67665,18.16935],[120.6766,18.16935],[120.6762,18.16885],[120.6761,18.16885],[120.6765,18.16695],[120.6766,18.16695],[120.6767,18.16695],[120.67675,18.1669],[120.6773,18.16615],[120.6773,18.1661],[120.6772,18.1661],[120.6772,18.16605],[120.67705,18.16605],[120.67705,18.166],[120.67695,18.166],[120.67695,18.16595],[120.6767,18.1659],[120.67665,18.16585],[120.67665,18.1658],[120.6766,18.1658],[120.6766,18.16575],[120.6765,18.16575],[120.6765,18.1657],[120.67645,18.1657],[120.67645,18.16565],[120.6764,18.16565],[120.6764,18.1656],[120.67635,18.1656],[120.67615,18.16545],[120.67615,18.1654],[120.6761,18.1654],[120.6761,18.16535],[120.67605,18.16535],[120.67605,18.1653],[120.67595,18.16445],[120.6761,18.16425],[120.67615,18.16425],[120.6762,18.16425],[120.67685,18.1644],[120.6769,18.1644],[120.67695,18.1644],[120.6771,18.16425],[120.67715,18.1642],[120.67735,18.1642],[120.67775,18.1642],[120.67945,18.1666],[120.6795,18.1666],[120.6795,18.167],[120.6807,18.16885],[120.6811,18.1701],[120.6819,18.17135],[120.68195,18.17135],[120.68245,18.1722],[120.6825,18.1722],[120.68355,18.1731],[120.68195,18.17325],[120.68255,18.1745],[120.6825,18.17585],[120.68245,18.17585],[120.68245,18.17665],[120.6825,18.1767],[120.68255,18.1767],[120.68255,18.177],[120.68255,18.17705]]],[[[120.67835,18.1791],[120.67975,18.18055],[120.67985,18.18175],[120.67995,18.18185],[120.68,18.18185],[120.68005,18.18195],[120.68055,18.1825],[120.68045,18.18255],[120.6795,18.1827],[120.67815,18.1821],[120.67835,18.18135],[120.67795,18.18055],[120.678,18.18055],[120.67795,18.18025],[120.6778,18.18025],[120.67745,18.17985],[120.67745,18.1798],[120.6763,18.1795],[120.67595,18.1786],[120.676,18.1786],[120.6763,18.1782],[120.67635,18.1782],[120.67645,18.1782],[120.6768,18.17815],[120.6783,18.17905],[120.67835,18.1791]]],[[[120.7377,18.176],[120.73685,18.17585],[120.73685,18.1758],[120.73665,18.17575],[120.73665,18.1757],[120.73585,18.1741],[120.73615,18.17335],[120.7362,18.17335],[120.7362,18.1733],[120.737,18.17335],[120.7374,18.1739],[120.73765,18.17475],[120.7377,18.17475],[120.7378,18.17595],[120.7377,18.17595],[120.7377,18.176]]],[[[120.67595,18.16365],[120.6759,18.164],[120.6759,18.16405],[120.6754,18.1636],[120.67545,18.1636],[120.67545,18.16355],[120.67385,18.16235],[120.6733,18.16165],[120.6733,18.1616],[120.67325,18.16155],[120.67325,18.1615],[120.6732,18.1615],[120.6732,18.16145],[120.6727,18.16045],[120.67255,18.159],[120.6737,18.1577],[120.6738,18.1577],[120.6739,18.1577],[120.6739,18.15775],[120.67415,18.15775],[120.6742,18.15775],[120.67555,18.1568],[120.67555,18.15675],[120.6756,18.15675],[120.6757,18.15605],[120.67575,18.15605],[120.6759,18.15585],[120.676,18.15585],[120.67605,18.15575],[120.67615,18.15575],[120.6765,18.1556],[120.67655,18.1556],[120.67695,18.15575],[120.67695,18.156],[120.677,18.15605],[120.67705,18.15605],[120.6771,18.15605],[120.67825,18.15595],[120.67855,18.1547],[120.6789,18.15425],[120.6791,18.15425],[120.6791,18.1542],[120.67915,18.1542],[120.67935,18.15405],[120.67935,18.154],[120.6794,18.15395],[120.6801,18.1535],[120.68125,18.1538],[120.6816,18.1532],[120.68175,18.152],[120.6818,18.152],[120.6818,18.15195],[120.68185,18.15195],[120.68185,18.15185],[120.6819,18.15185],[120.6819,18.1518],[120.6819,18.15165],[120.6819,18.1516],[120.6819,18.15155],[120.6822,18.15055],[120.6824,18.15055],[120.6826,18.15065],[120.68265,18.15065],[120.68285,18.151],[120.68285,18.15105],[120.68285,18.1511],[120.6828,18.1512],[120.6827,18.1512],[120.6826,18.1514],[120.68265,18.1514],[120.68305,18.1517],[120.6831,18.1517],[120.68315,18.1517],[120.68335,18.1517],[120.6834,18.1517],[120.6834,18.15175],[120.68345,18.15175],[120.6834,18.155],[120.68285,18.15545],[120.68255,18.1564],[120.6817,18.15645],[120.68165,18.15645],[120.6812,18.15675],[120.6811,18.15675],[120.6808,18.1571],[120.68075,18.1571],[120.68015,18.15755],[120.6801,18.15755],[120.67955,18.15835],[120.6795,18.15835],[120.67945,18.15835],[120.67845,18.15905],[120.67835,18.15905],[120.6783,18.15925],[120.67825,18.1594],[120.6783,18.1594],[120.6783,18.1596],[120.6784,18.1598],[120.67845,18.1598],[120.67845,18.15985],[120.67855,18.15985],[120.67895,18.15985],[120.679,18.15985],[120.67895,18.16025],[120.6789,18.1603],[120.67895,18.1603],[120.6786,18.1612],[120.67815,18.1612],[120.67755,18.15985],[120.6759,18.1598],[120.67565,18.15995],[120.6757,18.15995],[120.6769,18.16055],[120.6765,18.16155],[120.67645,18.16155],[120.67675,18.16175],[120.67715,18.16175],[120.6774,18.1626],[120.6772,18.16275],[120.6765,18.1626],[120.6765,18.16255],[120.6764,18.16255],[120.6764,18.1625],[120.67625,18.1625],[120.67595,18.16365]]],[[[120.6679,18.15405],[120.6677,18.15505],[120.66775,18.15505],[120.66775,18.15515],[120.6677,18.15515],[120.66755,18.15565],[120.6675,18.15565],[120.66685,18.1563],[120.66655,18.1563],[120.66655,18.15625],[120.666,18.1545],[120.66625,18.15275],[120.66625,18.1526],[120.66625,18.15255],[120.6663,18.15255],[120.6667,18.1516],[120.66675,18.1516],[120.6668,18.1514],[120.66685,18.15135],[120.66775,18.1509],[120.6685,18.1509],[120.6695,18.15135],[120.67055,18.15275],[120.6714,18.15265],[120.6727,18.15295],[120.67385,18.15265],[120.67455,18.15295],[120.67595,18.1548],[120.676,18.1548],[120.676,18.15485],[120.67605,18.15485],[120.67575,18.1554],[120.6744,18.15595],[120.67415,18.1551],[120.67465,18.1544],[120.67385,18.15405],[120.6738,18.15405],[120.67365,18.154],[120.6736,18.154],[120.6735,18.15405],[120.67335,18.15405],[120.6726,18.1538],[120.67165,18.154],[120.6713,18.15335],[120.6712,18.15335],[120.67115,18.15335],[120.67105,18.15335],[120.66975,18.1542],[120.66975,18.15425],[120.6692,18.15445],[120.6687,18.1539],[120.66865,18.1539],[120.6683,18.15285],[120.6679,18.1529],[120.66765,18.1536],[120.6677,18.1536],[120.6679,18.15405]]],[[[120.68425,18.1507],[120.68385,18.1512],[120.68375,18.1512],[120.68355,18.1515],[120.68345,18.1515],[120.68345,18.15155],[120.6832,18.1513],[120.6832,18.15115],[120.68315,18.15115],[120.68305,18.151],[120.68305,18.15095],[120.68305,18.1509],[120.68295,18.1507],[120.68295,18.1506],[120.6831,18.15005],[120.68425,18.14935],[120.6843,18.14935],[120.68435,18.1494],[120.68435,18.14945],[120.6844,18.14945],[120.6844,18.14955],[120.68445,18.1496],[120.6845,18.1496],[120.68435,18.15035],[120.68435,18.1504],[120.68425,18.1507]]],[[[120.62035,18.13525],[120.6204,18.13525],[120.62045,18.13715],[120.6192,18.13965],[120.61895,18.1412],[120.61815,18.14175],[120.61785,18.14165],[120.61775,18.14165],[120.61755,18.14155],[120.6173,18.14155],[120.6173,18.1415],[120.6171,18.1415],[120.61685,18.1409],[120.6169,18.1409],[120.61705,18.14035],[120.6171,18.14035],[120.61715,18.14035],[120.61765,18.13995],[120.6177,18.13995],[120.61755,18.13915],[120.61795,18.1382],[120.6179,18.1382],[120.618,18.1377],[120.61805,18.1377],[120.6184,18.13655],[120.61845,18.13655],[120.6185,18.1356],[120.61845,18.1356],[120.6186,18.13435],[120.61855,18.13435],[120.61865,18.13395],[120.61875,18.13395],[120.6187,18.1337],[120.6188,18.1337],[120.61975,18.13285],[120.6199,18.13285],[120.6193,18.1325],[120.61925,18.1325],[120.61915,18.1318],[120.61925,18.1318],[120.6189,18.1309],[120.6198,18.12925],[120.61975,18.12925],[120.6195,18.128],[120.61955,18.128],[120.61955,18.1279],[120.6195,18.1279],[120.61985,18.12715],[120.6192,18.12655],[120.6192,18.1264],[120.61925,18.1264],[120.61925,18.1261],[120.6181,18.126],[120.61775,18.12595],[120.6173,18.12595],[120.61685,18.12645],[120.61625,18.12585],[120.61625,18.1258],[120.61625,18.1257],[120.6164,18.12545],[120.6164,18.1254],[120.6165,18.1254],[120.61655,18.1254],[120.6167,18.1254],[120.61675,18.1254],[120.61695,18.1253],[120.61695,18.1252],[120.61695,18.12515],[120.61715,18.12495],[120.61725,18.12495],[120.61735,18.12495],[120.6177,18.12455],[120.6178,18.1245],[120.6178,18.12445],[120.6179,18.12425],[120.61795,18.12425],[120.61795,18.12415],[120.618,18.12415],[120.61845,18.1242],[120.61865,18.1242],[120.6195,18.1243],[120.62,18.1248],[120.62025,18.1268],[120.6207,18.12675],[120.621,18.1265],[120.62105,18.1265],[120.62155,18.12615],[120.6212,18.12515],[120.62125,18.12515],[120.62145,18.12465],[120.6215,18.12465],[120.62135,18.1236],[120.6213,18.1236],[120.6212,18.12285],[120.61995,18.1229],[120.61995,18.12285],[120.61995,18.12275],[120.62,18.12275],[120.62,18.1227],[120.62015,18.1227],[120.62025,18.1227],[120.6196,18.122],[120.6195,18.122],[120.6191,18.122],[120.61895,18.122],[120.61885,18.12215],[120.61885,18.1223],[120.6184,18.12245],[120.6182,18.12245],[120.6181,18.1223],[120.6181,18.1222],[120.6181,18.12215],[120.61825,18.122],[120.61825,18.12195],[120.6183,18.12195],[120.6183,18.1218],[120.619,18.12125],[120.61915,18.12125],[120.6192,18.12115],[120.6192,18.121],[120.6192,18.1208],[120.61905,18.12055],[120.6189,18.12045],[120.6186,18.12045],[120.6184,18.12055],[120.6183,18.12055],[120.6183,18.1206],[120.6179,18.12035],[120.6182,18.1188],[120.61825,18.1188],[120.61845,18.1188],[120.6186,18.1189],[120.6187,18.1189],[120.6201,18.1205],[120.6204,18.1202],[120.62035,18.1202],[120.62005,18.1197],[120.61995,18.1197],[120.6195,18.11915],[120.61955,18.1192],[120.61955,18.119],[120.6195,18.119],[120.6193,18.11845],[120.6192,18.11845],[120.6192,18.1179],[120.61915,18.1179],[120.61895,18.11665],[120.619,18.11665],[120.619,18.1166],[120.61905,18.1166],[120.61885,18.11625],[120.6188,18.11625],[120.61875,18.11605],[120.61885,18.11555],[120.6188,18.11555],[120.6188,18.1155],[120.61875,18.1155],[120.61875,18.11545],[120.6185,18.1151],[120.61855,18.1151],[120.61855,18.11505],[120.6185,18.11505],[120.6183,18.11405],[120.61835,18.11405],[120.61845,18.11345],[120.6185,18.11345],[120.6184,18.11315],[120.61845,18.11315],[120.6187,18.11175],[120.61865,18.11175],[120.6187,18.11165],[120.61865,18.11165],[120.6192,18.11085],[120.61925,18.11085],[120.6194,18.11085],[120.61995,18.1112],[120.61995,18.11135],[120.61985,18.1115],[120.6201,18.1119],[120.62015,18.1119],[120.62065,18.1121],[120.6207,18.1121],[120.62135,18.1138],[120.62105,18.1171],[120.62185,18.1176],[120.62275,18.11895],[120.62275,18.12155],[120.62335,18.12225],[120.62405,18.1241],[120.62375,18.1254],[120.6234,18.1256],[120.6232,18.1257],[120.6232,18.1259],[120.62325,18.126],[120.6233,18.126],[120.6234,18.12615],[120.6234,18.12635],[120.62325,18.12655],[120.6232,18.12665],[120.62315,18.12665],[120.62315,18.1267],[120.62305,18.12675],[120.62305,18.1268],[120.623,18.1268],[120.623,18.1269],[120.623,18.127],[120.62325,18.1271],[120.62325,18.1273],[120.6232,18.1273],[120.6232,18.1274],[120.6227,18.1278],[120.6225,18.1279],[120.6225,18.12825],[120.62255,18.12825],[120.62255,18.12835],[120.6225,18.12835],[120.62175,18.12885],[120.622,18.1305],[120.6221,18.1307],[120.62195,18.13115],[120.62035,18.132],[120.6202,18.13285],[120.6202,18.13295],[120.62035,18.13525]]],[[[120.6679,18.1388],[120.66725,18.1381],[120.6671,18.1368],[120.66625,18.13515],[120.66645,18.1345],[120.6666,18.1345],[120.6669,18.1345],[120.6674,18.13525],[120.66745,18.13525],[120.6678,18.13625],[120.66785,18.13625],[120.66785,18.13695],[120.6679,18.137],[120.6684,18.13745],[120.66805,18.1382],[120.6681,18.1382],[120.668,18.13875],[120.6679,18.13875],[120.6679,18.1388]]],[[[120.6657,18.12615],[120.66525,18.12635],[120.66515,18.12635],[120.66595,18.12775],[120.66605,18.12775],[120.66605,18.1278],[120.66615,18.1278],[120.6664,18.128],[120.66655,18.128],[120.667,18.1286],[120.66705,18.1286],[120.66755,18.12855],[120.66755,18.12845],[120.66755,18.1284],[120.66755,18.1276],[120.6676,18.1276],[120.66765,18.1276],[120.66765,18.12755],[120.66775,18.12755],[120.66865,18.1281],[120.6687,18.1281],[120.66915,18.12875],[120.6698,18.12905],[120.6697,18.13065],[120.66965,18.13065],[120.6693,18.1306],[120.6692,18.1306],[120.6692,18.13055],[120.66915,18.13055],[120.66915,18.1305],[120.6691,18.1305],[120.6691,18.13045],[120.669,18.13045],[120.66845,18.1299],[120.6684,18.1299],[120.6684,18.1298],[120.66805,18.12965],[120.668,18.1299],[120.66805,18.1299],[120.66785,18.1303],[120.6678,18.1303],[120.66765,18.1308],[120.6677,18.1308],[120.6678,18.13115],[120.66775,18.13115],[120.66845,18.13275],[120.6684,18.13365],[120.6683,18.13365],[120.66735,18.13385],[120.6673,18.13385],[120.6673,18.1338],[120.66715,18.1337],[120.66715,18.13365],[120.6671,18.1336],[120.66665,18.13355],[120.66655,18.1335],[120.66635,18.1335],[120.66625,18.13355],[120.66575,18.1335],[120.6647,18.1321],[120.6645,18.1311],[120.66365,18.1303],[120.6626,18.12855],[120.66235,18.12625],[120.66175,18.12465],[120.6618,18.12465],[120.6618,18.1246],[120.66195,18.12455],[120.66195,18.1245],[120.66215,18.12405],[120.66215,18.12355],[120.6622,18.12355],[120.6622,18.1235],[120.66225,18.1235],[120.66225,18.12345],[120.663,18.123],[120.663,18.12295],[120.66305,18.12295],[120.6631,18.1227],[120.663,18.12255],[120.6625,18.12215],[120.66245,18.1221],[120.66235,18.1221],[120.66235,18.12205],[120.66155,18.1217],[120.6616,18.1209],[120.6608,18.1193],[120.6608,18.11925],[120.66075,18.11915],[120.6607,18.11895],[120.66065,18.1189],[120.6607,18.1188],[120.66075,18.1188],[120.6608,18.1187],[120.66085,18.1187],[120.6609,18.11855],[120.66095,18.11855],[120.66095,18.1185],[120.661,18.1185],[120.661,18.1184],[120.66105,18.1184],[120.66105,18.11835],[120.6616,18.11755],[120.6616,18.1175],[120.6616,18.11745],[120.66165,18.11745],[120.66165,18.1174],[120.6616,18.1173],[120.66155,18.1172],[120.6614,18.1172],[120.6609,18.1179],[120.6608,18.1181],[120.66075,18.1181],[120.66075,18.11815],[120.6607,18.11815],[120.66055,18.1183],[120.6605,18.1183],[120.6605,18.11835],[120.6604,18.11835],[120.6604,18.1184],[120.66,18.1179],[120.65995,18.11775],[120.6599,18.11775],[120.6599,18.1177],[120.65985,18.1177],[120.65945,18.1164],[120.6594,18.1164],[120.65935,18.11625],[120.6592,18.11605],[120.6592,18.11585],[120.6591,18.1157],[120.6589,18.1157],[120.658,18.1166],[120.6578,18.11655],[120.6578,18.11645],[120.6575,18.1159],[120.65745,18.1157],[120.65745,18.1156],[120.65745,18.11545],[120.6574,18.11545],[120.6574,18.1153],[120.6574,18.11515],[120.65745,18.11515],[120.65745,18.11465],[120.65735,18.11445],[120.65735,18.11435],[120.6573,18.11435],[120.6573,18.11405],[120.65735,18.11405],[120.6574,18.1138],[120.6574,18.1137],[120.6572,18.1137],[120.6571,18.11385],[120.65705,18.11385],[120.6565,18.11405],[120.6564,18.11405],[120.6564,18.1143],[120.65665,18.1143],[120.65705,18.1143],[120.6571,18.1143],[120.65675,18.1149],[120.65665,18.1149],[120.6558,18.115],[120.6558,18.1149],[120.65585,18.1148],[120.6559,18.1148],[120.6559,18.1147],[120.6559,18.11455],[120.6554,18.11395],[120.65535,18.11395],[120.65535,18.11355],[120.65565,18.11305],[120.6557,18.11305],[120.6562,18.11175],[120.6562,18.11165],[120.6563,18.11165],[120.65685,18.11115],[120.6569,18.11115],[120.6569,18.1111],[120.6569,18.11105],[120.65695,18.11105],[120.65695,18.111],[120.65695,18.11095],[120.657,18.11095],[120.657,18.1109],[120.657,18.11085],[120.65695,18.1108],[120.6569,18.1108],[120.6565,18.111],[120.6559,18.1115],[120.6558,18.1115],[120.6557,18.1126],[120.65565,18.1126],[120.65565,18.1128],[120.65495,18.1128],[120.6549,18.1131],[120.655,18.1131],[120.65505,18.11325],[120.6551,18.11325],[120.65515,18.11355],[120.6551,18.11355],[120.6551,18.1136],[120.65505,18.1136],[120.65505,18.11365],[120.65465,18.11365],[120.6543,18.1139],[120.65425,18.1139],[120.65425,18.11395],[120.65395,18.11345],[120.65415,18.11265],[120.65415,18.1126],[120.65415,18.1125],[120.6543,18.11235],[120.6543,18.11225],[120.6543,18.11215],[120.65455,18.11165],[120.65465,18.11165],[120.65475,18.11155],[120.6542,18.11175],[120.6542,18.1117],[120.6541,18.1117],[120.6539,18.1114],[120.65385,18.1114],[120.65365,18.11125],[120.6536,18.11125],[120.6536,18.1112],[120.6535,18.11115],[120.65355,18.11115],[120.65355,18.11105],[120.6536,18.11105],[120.65445,18.1102],[120.6546,18.1102],[120.6551,18.11015],[120.65605,18.1096],[120.65605,18.10955],[120.65605,18.1095],[120.6561,18.1095],[120.6561,18.10945],[120.65615,18.1094],[120.65615,18.1093],[120.656,18.1093],[120.65575,18.1094],[120.6557,18.1094],[120.6557,18.10945],[120.65565,18.10945],[120.65565,18.1095],[120.6556,18.1095],[120.65445,18.10985],[120.6543,18.10985],[120.6532,18.10995],[120.653,18.1099],[120.653,18.10995],[120.65265,18.1102],[120.6526,18.1102],[120.6526,18.11025],[120.6522,18.11015],[120.6522,18.1101],[120.6522,18.11005],[120.6522,18.10995],[120.65245,18.10915],[120.65245,18.1091],[120.6525,18.1091],[120.6525,18.10895],[120.6525,18.1089],[120.6524,18.10885],[120.6524,18.1088],[120.6522,18.10865],[120.6522,18.1086],[120.6522,18.10855],[120.6523,18.10845],[120.6523,18.10835],[120.6523,18.1083],[120.65235,18.1083],[120.65235,18.1082],[120.65235,18.10815],[120.65245,18.108],[120.6525,18.108],[120.65305,18.1075],[120.65305,18.10745],[120.65305,18.1074],[120.65315,18.10725],[120.6532,18.10725],[120.6533,18.10725],[120.6533,18.1072],[120.65335,18.1072],[120.654,18.10735],[120.6547,18.10685],[120.6547,18.1068],[120.65485,18.1067],[120.65485,18.10665],[120.65565,18.1067],[120.65625,18.1078],[120.65685,18.10805],[120.65715,18.1086],[120.65745,18.1086],[120.65795,18.10915],[120.658,18.10915],[120.65825,18.1094],[120.6583,18.1094],[120.65855,18.1102],[120.6589,18.11055],[120.65895,18.11065],[120.659,18.11115],[120.6593,18.1114],[120.6594,18.1114],[120.65995,18.11245],[120.6607,18.1132],[120.66085,18.1132],[120.6611,18.1135],[120.66115,18.1135],[120.6616,18.11375],[120.66165,18.11375],[120.66185,18.11395],[120.66195,18.1142],[120.662,18.1142],[120.6625,18.1153],[120.6632,18.11505],[120.663,18.1138],[120.6631,18.1138],[120.66315,18.1134],[120.6631,18.1134],[120.66315,18.1131],[120.6632,18.1131],[120.66425,18.113],[120.6643,18.113],[120.66525,18.1139],[120.6658,18.1142],[120.6659,18.1142],[120.66695,18.115],[120.667,18.115],[120.66745,18.11545],[120.66755,18.1151],[120.6675,18.1151],[120.6676,18.1145],[120.6679,18.1141],[120.668,18.1141],[120.6688,18.11375],[120.66885,18.11375],[120.66895,18.1138],[120.6691,18.1138],[120.6691,18.11385],[120.66925,18.11385],[120.66925,18.1139],[120.6693,18.1139],[120.66935,18.1139],[120.6694,18.11395],[120.6693,18.11445],[120.66935,18.11445],[120.66935,18.11465],[120.669,18.1154],[120.6678,18.11575],[120.6676,18.11575],[120.6676,18.1157],[120.6675,18.1157],[120.66745,18.1158],[120.6674,18.1159],[120.6674,18.11595],[120.66735,18.11595],[120.66735,18.11605],[120.6673,18.11605],[120.66735,18.1164],[120.6674,18.1164],[120.6675,18.11655],[120.66755,18.11655],[120.6677,18.11675],[120.6678,18.11675],[120.6679,18.11685],[120.6679,18.1169],[120.66795,18.1169],[120.6679,18.1171],[120.6679,18.11715],[120.66765,18.11715],[120.66715,18.1172],[120.6649,18.116],[120.66485,18.116],[120.66435,18.11555],[120.6643,18.1158],[120.6653,18.11735],[120.66535,18.11735],[120.66545,18.11745],[120.66545,18.1175],[120.6655,18.1175],[120.6655,18.11755],[120.66555,18.11755],[120.66555,18.1176],[120.6656,18.1176],[120.6656,18.11765],[120.66565,18.11765],[120.66565,18.1177],[120.6657,18.1177],[120.6657,18.11775],[120.66575,18.11775],[120.66575,18.1178],[120.66585,18.11785],[120.66585,18.1179],[120.6659,18.1179],[120.6659,18.11815],[120.6659,18.1182],[120.66575,18.1182],[120.6655,18.1182],[120.66525,18.1182],[120.66525,18.11825],[120.6652,18.11825],[120.6652,18.1185],[120.66505,18.11865],[120.6649,18.11865],[120.66405,18.11775],[120.66345,18.11605],[120.66315,18.11605],[120.66305,18.1161],[120.66305,18.11615],[120.66295,18.1164],[120.66285,18.1164],[120.6633,18.11735],[120.66335,18.11735],[120.66345,18.11765],[120.6635,18.11765],[120.6635,18.1185],[120.66345,18.1185],[120.66395,18.11925],[120.664,18.11925],[120.66405,18.1197],[120.664,18.1197],[120.6644,18.12085],[120.6641,18.1212],[120.66405,18.1212],[120.66405,18.12125],[120.664,18.12125],[120.664,18.1215],[120.6641,18.1215],[120.6645,18.1224],[120.66455,18.1224],[120.6647,18.12265],[120.66465,18.12265],[120.66485,18.12335],[120.6641,18.1239],[120.66515,18.1253],[120.66515,18.12535],[120.6649,18.1255],[120.66485,18.1255],[120.6649,18.12565],[120.66495,18.12565],[120.665,18.12565],[120.665,18.1257],[120.66545,18.1258],[120.66555,18.1258],[120.66575,18.1261],[120.6657,18.12615]]],[[[120.6719,18.1313],[120.67085,18.1314],[120.67085,18.13135],[120.67075,18.1313],[120.67075,18.1311],[120.67095,18.13085],[120.671,18.13085],[120.67145,18.13035],[120.6716,18.13035],[120.67155,18.12915],[120.6715,18.12915],[120.6711,18.1285],[120.67255,18.12655],[120.6726,18.12655],[120.6727,18.12655],[120.67365,18.1277],[120.67385,18.13145],[120.6733,18.1316],[120.67305,18.1314],[120.6726,18.13055],[120.67215,18.13055],[120.67215,18.1306],[120.672,18.1306],[120.67195,18.1307],[120.67195,18.1313],[120.6719,18.1313]]],[[[120.67935,18.09605],[120.6789,18.09605],[120.6789,18.096],[120.6793,18.0953],[120.6794,18.0953],[120.6801,18.09505],[120.6801,18.0951],[120.68015,18.0951],[120.6802,18.0951],[120.68025,18.0954],[120.6803,18.09555],[120.6804,18.09555],[120.6804,18.0955],[120.68045,18.0955],[120.6808,18.0952],[120.68085,18.0952],[120.6809,18.0952],[120.68095,18.0952],[120.6819,18.0955],[120.6828,18.09635],[120.68335,18.0973],[120.6836,18.09865],[120.6842,18.10025],[120.6843,18.1019],[120.6847,18.104],[120.6853,18.1053],[120.68535,18.10735],[120.6855,18.10785],[120.68545,18.11325],[120.685,18.11535],[120.6842,18.1162],[120.6839,18.11705],[120.6834,18.1171],[120.6835,18.11565],[120.68345,18.11565],[120.6833,18.11515],[120.68335,18.11515],[120.6837,18.11255],[120.68375,18.11255],[120.68375,18.1123],[120.6837,18.1123],[120.6834,18.11145],[120.68335,18.1098],[120.6833,18.1098],[120.68335,18.1092],[120.6833,18.1092],[120.6833,18.1091],[120.68325,18.1091],[120.68325,18.10905],[120.6833,18.10905],[120.68315,18.10855],[120.6831,18.10855],[120.68265,18.10735],[120.6826,18.10735],[120.68285,18.10665],[120.6828,18.10665],[120.6828,18.1066],[120.68285,18.1066],[120.68275,18.10565],[120.6827,18.10565],[120.68265,18.1055],[120.6826,18.1055],[120.6826,18.10535],[120.6825,18.10535],[120.6823,18.105],[120.68225,18.105],[120.68225,18.10495],[120.6823,18.10495],[120.68185,18.1031],[120.6818,18.1031],[120.6814,18.10125],[120.68145,18.10125],[120.6814,18.10105],[120.68135,18.10105],[120.68135,18.101],[120.6814,18.101],[120.681,18.0999],[120.68095,18.0999],[120.68085,18.0998],[120.6809,18.0998],[120.6807,18.09935],[120.6807,18.09915],[120.6806,18.0983],[120.68055,18.0983],[120.6803,18.09765],[120.6792,18.09785],[120.67855,18.09885],[120.6786,18.09885],[120.6791,18.0993],[120.67915,18.0993],[120.6792,18.09945],[120.67925,18.09945],[120.67995,18.1005],[120.6802,18.10195],[120.67955,18.10105],[120.6795,18.10105],[120.6795,18.101],[120.6795,18.10095],[120.67925,18.1009],[120.6789,18.1009],[120.6789,18.10085],[120.67875,18.10085],[120.67875,18.1008],[120.67865,18.10075],[120.6785,18.1007],[120.6785,18.10065],[120.67795,18.10045],[120.67785,18.1004],[120.6777,18.10035],[120.6775,18.10035],[120.67715,18.1002],[120.67645,18.0993],[120.67635,18.09755],[120.6769,18.0969],[120.67705,18.0967],[120.67715,18.0967],[120.67735,18.0966],[120.6774,18.09665],[120.67745,18.09665],[120.67745,18.0966],[120.6775,18.0966],[120.67755,18.09655],[120.67935,18.09605]]],[[[120.6695,18.1127],[120.66895,18.1126],[120.6688,18.1126],[120.66865,18.1125],[120.6685,18.1125],[120.6681,18.11195],[120.66805,18.11195],[120.66775,18.11055],[120.6667,18.11045],[120.66665,18.11045],[120.66665,18.1104],[120.66665,18.1103],[120.66665,18.11025],[120.66665,18.1102],[120.66725,18.10945],[120.6673,18.10945],[120.66735,18.1094],[120.6674,18.1094],[120.66745,18.1094],[120.66745,18.10935],[120.66795,18.10945],[120.668,18.10945],[120.66915,18.11025],[120.6699,18.11155],[120.66965,18.1126],[120.6696,18.1127],[120.6695,18.1127]]],[[[120.68235,18.11005],[120.6819,18.1099],[120.6818,18.1098],[120.68175,18.10975],[120.6816,18.10975],[120.68155,18.1097],[120.68155,18.10965],[120.6814,18.1096],[120.6814,18.10955],[120.68135,18.10955],[120.68135,18.1095],[120.68125,18.10945],[120.6809,18.10945],[120.6809,18.1094],[120.6801,18.1084],[120.68015,18.1084],[120.68015,18.10835],[120.68015,18.1083],[120.6802,18.10825],[120.68025,18.10825],[120.68025,18.1082],[120.68035,18.1074],[120.68035,18.10735],[120.68045,18.10725],[120.68045,18.1072],[120.68065,18.10595],[120.68065,18.1059],[120.6807,18.1059],[120.68085,18.1057],[120.68085,18.10565],[120.6813,18.10565],[120.68135,18.10565],[120.68185,18.1065],[120.6819,18.10655],[120.6821,18.10695],[120.68205,18.10695],[120.682,18.10745],[120.6821,18.1075],[120.68225,18.10795],[120.68235,18.10795],[120.68245,18.1085],[120.6824,18.1085],[120.68255,18.10935],[120.6825,18.10985],[120.68245,18.10985],[120.68235,18.11005]]],[[[120.6591,18.10745],[120.65915,18.1075],[120.6592,18.1075],[120.6593,18.1077],[120.65985,18.1079],[120.6601,18.10885],[120.66,18.1089],[120.65985,18.109],[120.65975,18.109],[120.65865,18.1092],[120.6584,18.10815],[120.65845,18.10815],[120.6589,18.10765],[120.65895,18.10765],[120.65905,18.1075],[120.6591,18.10745]]],[[[120.61685,18.10885],[120.61675,18.10885],[120.6167,18.10885],[120.6163,18.10895],[120.61625,18.10875],[120.61625,18.1087],[120.61625,18.10845],[120.61625,18.10835],[120.61625,18.10825],[120.61625,18.1082],[120.61635,18.108],[120.6165,18.108],[120.6165,18.10805],[120.6166,18.10805],[120.6171,18.108],[120.6173,18.108],[120.6173,18.10795],[120.6174,18.10765],[120.6174,18.10755],[120.6174,18.1075],[120.617,18.10715],[120.617,18.10695],[120.617,18.10685],[120.61715,18.1067],[120.61715,18.10665],[120.61755,18.1066],[120.6176,18.1066],[120.61775,18.10695],[120.61835,18.10645],[120.61825,18.106],[120.61745,18.10585],[120.6177,18.10525],[120.61845,18.1053],[120.6187,18.1053],[120.6187,18.10535],[120.6188,18.10535],[120.6194,18.10605],[120.61885,18.10745],[120.6188,18.10745],[120.6188,18.1075],[120.6183,18.1079],[120.61815,18.1079],[120.6169,18.10875],[120.61685,18.1088],[120.61685,18.10885]]],[[[120.65905,18.1075],[120.6573,18.10775],[120.65625,18.1066],[120.6554,18.1063],[120.6555,18.10525],[120.65555,18.10525],[120.65555,18.1052],[120.6556,18.1052],[120.6561,18.10515],[120.65625,18.10515],[120.65625,18.1051],[120.6566,18.1048],[120.6566,18.10475],[120.65715,18.1048],[120.65725,18.1048],[120.6573,18.10485],[120.6574,18.10485],[120.65765,18.1049],[120.65775,18.1049],[120.658,18.10485],[120.658,18.1048],[120.6583,18.1048],[120.6586,18.1056],[120.65935,18.1067],[120.65925,18.10725],[120.65915,18.1074],[120.6591,18.1074],[120.6591,18.10745],[120.65905,18.1075]]],[[[120.6529,18.1071],[120.65285,18.1071],[120.6529,18.1071],[120.65265,18.10725],[120.6525,18.10725],[120.6521,18.1074],[120.6508,18.10725],[120.65075,18.10725],[120.65075,18.1072],[120.6509,18.107],[120.6509,18.10695],[120.6509,18.1069],[120.65095,18.1069],[120.65095,18.10675],[120.651,18.10675],[120.651,18.10665],[120.651,18.1066],[120.65095,18.1065],[120.65075,18.1065],[120.65075,18.10645],[120.6506,18.10645],[120.6506,18.1064],[120.65035,18.10605],[120.65035,18.106],[120.6504,18.106],[120.6504,18.10595],[120.6507,18.1058],[120.6507,18.10575],[120.6507,18.1057],[120.65075,18.1057],[120.65075,18.10565],[120.6499,18.1051],[120.6499,18.10505],[120.64975,18.10505],[120.64975,18.105],[120.64955,18.105],[120.6495,18.10505],[120.64945,18.10505],[120.64945,18.1051],[120.6493,18.1051],[120.64865,18.10535],[120.6486,18.1054],[120.64895,18.1046],[120.64905,18.1046],[120.64935,18.10425],[120.64945,18.10425],[120.6502,18.10395],[120.6502,18.1039],[120.65025,18.1039],[120.65025,18.10385],[120.6503,18.1037],[120.6503,18.10365],[120.6503,18.10355],[120.6506,18.1035],[120.65075,18.1035],[120.65075,18.1034],[120.6508,18.1034],[120.6508,18.10335],[120.6508,18.10325],[120.6504,18.1034],[120.65035,18.1034],[120.6498,18.10355],[120.64975,18.10355],[120.64975,18.1036],[120.6497,18.1036],[120.6493,18.10345],[120.64925,18.10345],[120.64865,18.10315],[120.64865,18.1031],[120.6483,18.10285],[120.6483,18.10275],[120.64835,18.1028],[120.64835,18.10275],[120.64765,18.10255],[120.6476,18.10255],[120.6476,18.1025],[120.6476,18.10245],[120.64775,18.10225],[120.6478,18.10225],[120.64805,18.10205],[120.64815,18.10205],[120.64865,18.1016],[120.64875,18.1016],[120.64915,18.10135],[120.64915,18.1013],[120.64915,18.10125],[120.6492,18.10125],[120.6492,18.1012],[120.6492,18.10115],[120.6492,18.1011],[120.64845,18.1013],[120.6484,18.1013],[120.64785,18.10125],[120.6467,18.1019],[120.6462,18.1019],[120.6462,18.10185],[120.64605,18.10185],[120.64605,18.1018],[120.6456,18.1018],[120.6456,18.10175],[120.6468,18.1008],[120.6469,18.10075],[120.64695,18.10075],[120.647,18.10075],[120.64725,18.10045],[120.64735,18.10045],[120.64745,18.10035],[120.6475,18.10035],[120.6475,18.1003],[120.64755,18.1002],[120.6475,18.1002],[120.64695,18.10025],[120.6469,18.10025],[120.64665,18.1005],[120.64655,18.1005],[120.64655,18.10055],[120.64625,18.10055],[120.64625,18.10045],[120.6462,18.10045],[120.6461,18.09975],[120.64715,18.099],[120.64725,18.099],[120.64725,18.09895],[120.64735,18.09895],[120.6487,18.0984],[120.6488,18.0984],[120.6495,18.098],[120.6503,18.09835],[120.65035,18.09835],[120.6504,18.09835],[120.65045,18.09835],[120.65055,18.0983],[120.6506,18.0983],[120.65005,18.0977],[120.6503,18.097],[120.65035,18.097],[120.65045,18.097],[120.65065,18.09705],[120.65075,18.09705],[120.6509,18.09705],[120.65105,18.0963],[120.65115,18.0963],[120.6515,18.0961],[120.65155,18.0961],[120.65165,18.096],[120.6517,18.096],[120.65175,18.096],[120.6519,18.096],[120.65225,18.0966],[120.65215,18.0967],[120.6523,18.097],[120.6525,18.097],[120.653,18.097],[120.65315,18.09695],[120.65315,18.097],[120.6533,18.097],[120.6536,18.0978],[120.65375,18.0978],[120.65375,18.09785],[120.6539,18.0979],[120.65395,18.0979],[120.65405,18.0979],[120.6541,18.0979],[120.65445,18.0987],[120.65515,18.0991],[120.65565,18.10035],[120.6555,18.10175],[120.65545,18.1018],[120.6554,18.1018],[120.6552,18.10195],[120.6551,18.10195],[120.65485,18.1021],[120.65485,18.1023],[120.6551,18.1024],[120.6551,18.10245],[120.6552,18.10245],[120.6552,18.1025],[120.65525,18.1025],[120.65525,18.10255],[120.6563,18.10325],[120.6562,18.1039],[120.65615,18.1039],[120.65615,18.10395],[120.6556,18.10435],[120.6556,18.1045],[120.6555,18.1046],[120.6555,18.1047],[120.65525,18.10485],[120.6549,18.10485],[120.65375,18.104],[120.65375,18.1036],[120.6538,18.1036],[120.65305,18.1029],[120.65305,18.1018],[120.6531,18.1018],[120.65225,18.10115],[120.65215,18.10115],[120.65215,18.10105],[120.65205,18.10105],[120.65155,18.10005],[120.6515,18.10005],[120.65125,18.0991],[120.65065,18.0988],[120.65085,18.1001],[120.65095,18.10025],[120.651,18.10025],[120.6511,18.10035],[120.65115,18.10035],[120.65115,18.1003],[120.6512,18.1003],[120.6519,18.10145],[120.65205,18.10145],[120.65205,18.1015],[120.6525,18.1019],[120.6524,18.10295],[120.653,18.1032],[120.65305,18.1032],[120.65325,18.1042],[120.6532,18.1042],[120.6539,18.1048],[120.65385,18.1048],[120.65405,18.1051],[120.6541,18.1051],[120.65335,18.1057],[120.6533,18.1057],[120.6536,18.10575],[120.65445,18.1055],[120.6547,18.1065],[120.65455,18.1065],[120.6532,18.1071],[120.6529,18.1071]]],[[[120.61825,18.105],[120.61825,18.10505],[120.618,18.10505],[120.61805,18.105],[120.61795,18.105],[120.6179,18.1049],[120.61785,18.1049],[120.61795,18.1038],[120.61815,18.1038],[120.6186,18.10355],[120.6189,18.10355],[120.61895,18.10365],[120.619,18.10365],[120.61915,18.10375],[120.6192,18.10375],[120.61925,18.1038],[120.61925,18.10385],[120.6195,18.10395],[120.6195,18.10405],[120.61955,18.10405],[120.6187,18.1047],[120.6185,18.10495],[120.6185,18.105],[120.61825,18.105]]],[[[120.61875,18.1023],[120.6186,18.10225],[120.61805,18.1014],[120.61785,18.1014],[120.6176,18.10035],[120.61835,18.0999],[120.6184,18.0999],[120.61795,18.0983],[120.61715,18.0975],[120.61705,18.09665],[120.6171,18.09665],[120.6171,18.0966],[120.61715,18.09655],[120.6171,18.09655],[120.61705,18.0963],[120.617,18.0963],[120.61765,18.0956],[120.61775,18.0956],[120.61815,18.09535],[120.61835,18.09535],[120.6184,18.09535],[120.6184,18.0954],[120.61845,18.0954],[120.6183,18.09625],[120.6195,18.097],[120.6199,18.0984],[120.61975,18.09945],[120.6193,18.09975],[120.6193,18.09985],[120.61945,18.10055],[120.61875,18.10225],[120.61875,18.1023]]],[[[120.64685,18.0987],[120.64665,18.09895],[120.6466,18.09895],[120.64655,18.099],[120.64655,18.09905],[120.64645,18.09915],[120.6463,18.09915],[120.64625,18.09925],[120.64615,18.09925],[120.6454,18.09975],[120.6452,18.09975],[120.6435,18.09995],[120.64345,18.09995],[120.64345,18.0999],[120.64325,18.0994],[120.64325,18.09935],[120.6432,18.09935],[120.64325,18.09935],[120.64325,18.0993],[120.6434,18.09895],[120.64345,18.09895],[120.644,18.0987],[120.64405,18.0987],[120.6441,18.09885],[120.64455,18.09865],[120.6447,18.09865],[120.646,18.09865],[120.6461,18.09865],[120.64615,18.09865],[120.64615,18.0986],[120.6462,18.09855],[120.6462,18.09845],[120.64605,18.09815],[120.646,18.09815],[120.64545,18.09805],[120.6453,18.09805],[120.6443,18.09805],[120.64415,18.09805],[120.64405,18.09805],[120.64405,18.098],[120.64435,18.0975],[120.64445,18.0975],[120.6444,18.09725],[120.6444,18.0971],[120.6445,18.0969],[120.64455,18.0969],[120.6449,18.09645],[120.6449,18.0964],[120.64495,18.0964],[120.64525,18.0964],[120.64565,18.0962],[120.6457,18.0962],[120.6472,18.0961],[120.64725,18.096],[120.6467,18.09595],[120.6457,18.09565],[120.64535,18.0954],[120.6451,18.09555],[120.64515,18.09555],[120.64515,18.0957],[120.645,18.0957],[120.645,18.09565],[120.64495,18.09565],[120.64495,18.0956],[120.6449,18.0956],[120.6449,18.0955],[120.64485,18.09545],[120.64485,18.0954],[120.64475,18.09505],[120.6448,18.09505],[120.64485,18.095],[120.64485,18.0949],[120.6448,18.0949],[120.6448,18.09485],[120.64475,18.09485],[120.6445,18.09475],[120.6445,18.0947],[120.64435,18.09475],[120.64435,18.0947],[120.6443,18.09475],[120.64365,18.0949],[120.64365,18.0948],[120.64365,18.09465],[120.6439,18.0945],[120.644,18.0945],[120.6441,18.0945],[120.6441,18.09455],[120.64425,18.09455],[120.64425,18.0946],[120.6443,18.0946],[120.6443,18.09455],[120.64445,18.0944],[120.64445,18.09435],[120.6445,18.09425],[120.64445,18.0942],[120.64335,18.0938],[120.64335,18.09375],[120.6433,18.09375],[120.6433,18.09365],[120.6438,18.0932],[120.6438,18.09315],[120.6438,18.0931],[120.6438,18.09295],[120.6438,18.0929],[120.64365,18.0928],[120.6434,18.09205],[120.6434,18.092],[120.64335,18.0919],[120.6433,18.09185],[120.6432,18.09185],[120.6431,18.09175],[120.6431,18.0917],[120.64285,18.09145],[120.64285,18.09135],[120.6429,18.09135],[120.64295,18.09135],[120.64295,18.0913],[120.643,18.0913],[120.643,18.09125],[120.6431,18.09115],[120.6431,18.0911],[120.64315,18.0911],[120.64315,18.09105],[120.6431,18.09105],[120.6431,18.091],[120.64305,18.091],[120.64305,18.09095],[120.64255,18.09075],[120.6425,18.0907],[120.6425,18.09065],[120.6433,18.08985],[120.6433,18.08975],[120.64335,18.08975],[120.64335,18.0897],[120.6434,18.0897],[120.64375,18.08935],[120.64375,18.0893],[120.6438,18.0893],[120.6438,18.08925],[120.64385,18.08925],[120.64395,18.08925],[120.64395,18.0892],[120.644,18.0892],[120.64415,18.0892],[120.64475,18.08895],[120.64555,18.08945],[120.6455,18.08945],[120.64545,18.08975],[120.6455,18.08975],[120.64585,18.08995],[120.64595,18.08995],[120.6459,18.09005],[120.646,18.09005],[120.64585,18.0908],[120.64595,18.0908],[120.6468,18.09155],[120.64685,18.09155],[120.647,18.0919],[120.647,18.09195],[120.64655,18.0923],[120.6463,18.09225],[120.64625,18.0923],[120.64625,18.09235],[120.6461,18.09235],[120.64505,18.0927],[120.64505,18.09275],[120.6451,18.09275],[120.64515,18.09275],[120.6453,18.09285],[120.64535,18.09285],[120.64545,18.09305],[120.64555,18.09305],[120.6456,18.093],[120.6456,18.09295],[120.6461,18.09265],[120.6462,18.09265],[120.6469,18.0924],[120.64695,18.0924],[120.6473,18.0927],[120.64735,18.0927],[120.64735,18.0929],[120.64735,18.09295],[120.6474,18.09295],[120.6474,18.09305],[120.64745,18.09305],[120.6474,18.0934],[120.64815,18.0942],[120.6482,18.0942],[120.6479,18.0946],[120.64795,18.0946],[120.64795,18.09465],[120.6481,18.09465],[120.64905,18.09605],[120.649,18.09605],[120.64905,18.0962],[120.6491,18.09625],[120.64915,18.09635],[120.6492,18.09635],[120.64905,18.0968],[120.64895,18.0968],[120.64905,18.09695],[120.6491,18.09695],[120.64945,18.0974],[120.6495,18.0974],[120.64945,18.09775],[120.6494,18.09775],[120.6483,18.0981],[120.6482,18.0981],[120.64685,18.0987]]],[[[120.6774,18.096],[120.6767,18.0954],[120.677,18.09305],[120.6775,18.09045],[120.6765,18.08895],[120.67635,18.08705],[120.67665,18.086],[120.67665,18.0859],[120.6767,18.0859],[120.6767,18.08585],[120.6767,18.0858],[120.67675,18.0858],[120.67675,18.08575],[120.6768,18.08575],[120.6768,18.0857],[120.67665,18.08475],[120.6766,18.08465],[120.6768,18.08355],[120.6769,18.08355],[120.677,18.08355],[120.6776,18.08435],[120.67765,18.08435],[120.67765,18.0844],[120.6777,18.0844],[120.6781,18.08655],[120.67805,18.08655],[120.6782,18.0878],[120.67825,18.0878],[120.6785,18.0891],[120.67845,18.0891],[120.67845,18.08915],[120.6784,18.08915],[120.6783,18.0898],[120.67885,18.09145],[120.6788,18.09145],[120.67895,18.09235],[120.67895,18.0929],[120.6784,18.0954],[120.6783,18.0954],[120.6774,18.096]]],[[[120.6808,18.0918],[120.68085,18.0918],[120.6814,18.09265],[120.681,18.0942],[120.6805,18.0942],[120.68,18.0937],[120.67995,18.0937],[120.6797,18.0927],[120.6797,18.09225],[120.67965,18.09225],[120.6797,18.0919],[120.67975,18.0919],[120.6804,18.09165],[120.6806,18.09165],[120.6807,18.09165],[120.68075,18.09175],[120.6808,18.09175],[120.6808,18.0918]]],[[[120.6534,18.09295],[120.65245,18.093],[120.65245,18.09295],[120.65245,18.09285],[120.6526,18.0927],[120.6526,18.09265],[120.6527,18.0926],[120.65275,18.0926],[120.653,18.09225],[120.65305,18.09225],[120.65305,18.0922],[120.6531,18.0922],[120.65335,18.09195],[120.65335,18.0919],[120.6535,18.09175],[120.65355,18.09175],[120.65385,18.0914],[120.6539,18.0914],[120.65395,18.09135],[120.654,18.0913],[120.65465,18.09125],[120.65555,18.09205],[120.6555,18.09205],[120.6547,18.0925],[120.6546,18.0925],[120.6542,18.09265],[120.65415,18.09265],[120.6535,18.09295],[120.6534,18.09295]]],[[[120.61865,18.09265],[120.6185,18.09265],[120.6185,18.0926],[120.6184,18.0926],[120.6184,18.09255],[120.61835,18.09255],[120.61815,18.0924],[120.618,18.0924],[120.61725,18.0916],[120.6173,18.0916],[120.6174,18.0914],[120.61745,18.0914],[120.61815,18.09085],[120.61825,18.09085],[120.61825,18.0908],[120.6183,18.0908],[120.61835,18.0908],[120.61835,18.09085],[120.6184,18.09085],[120.6184,18.0909],[120.61845,18.0909],[120.61855,18.09105],[120.6186,18.09105],[120.61865,18.0911],[120.61905,18.0916],[120.61885,18.09245],[120.61865,18.09265]]],[[[120.6494,18.0854],[120.6488,18.08545],[120.64825,18.08545],[120.64825,18.0854],[120.64825,18.08525],[120.64825,18.08515],[120.64835,18.08515],[120.64855,18.08505],[120.64855,18.08495],[120.6486,18.08495],[120.64865,18.08495],[120.64865,18.0849],[120.6487,18.0849],[120.64945,18.0846],[120.64955,18.0846],[120.6502,18.08445],[120.6502,18.08505],[120.65045,18.0851],[120.65045,18.08515],[120.65065,18.08515],[120.65065,18.0852],[120.65075,18.0852],[120.65075,18.08545],[120.65095,18.0856],[120.6512,18.0856],[120.65125,18.0856],[120.6513,18.0856],[120.6513,18.08565],[120.6514,18.08655],[120.651,18.08725],[120.65105,18.08725],[120.6511,18.08745],[120.65115,18.08745],[120.6512,18.08745],[120.6512,18.0874],[120.65125,18.0874],[120.6513,18.0874],[120.65135,18.0874],[120.65215,18.08835],[120.65255,18.08935],[120.65255,18.0894],[120.6526,18.0894],[120.6526,18.08945],[120.65285,18.08975],[120.65375,18.0906],[120.6539,18.0912],[120.6539,18.09125],[120.65385,18.09125],[120.6521,18.0916],[120.65205,18.0916],[120.652,18.0916],[120.65165,18.09115],[120.64995,18.09115],[120.65005,18.0907],[120.6502,18.0907],[120.65025,18.09065],[120.65025,18.0906],[120.65035,18.0906],[120.65045,18.0906],[120.65045,18.09055],[120.6505,18.09055],[120.6507,18.09055],[120.6507,18.0905],[120.65075,18.0905],[120.6509,18.0905],[120.6509,18.09045],[120.65095,18.09045],[120.65095,18.0905],[120.65115,18.0905],[120.65115,18.0904],[120.6512,18.0904],[120.6516,18.09025],[120.6513,18.09005],[120.6508,18.0903],[120.6504,18.0903],[120.65015,18.0904],[120.64915,18.0904],[120.6491,18.0897],[120.6492,18.0897],[120.64955,18.08955],[120.64955,18.0895],[120.65015,18.0892],[120.6502,18.0892],[120.65,18.0889],[120.64955,18.08925],[120.64945,18.08925],[120.64945,18.0893],[120.64915,18.0893],[120.64855,18.0893],[120.64855,18.08925],[120.64855,18.0892],[120.64855,18.08905],[120.6486,18.08905],[120.6487,18.0889],[120.6487,18.08885],[120.6487,18.0888],[120.6487,18.08885],[120.64875,18.08885],[120.64915,18.08835],[120.6492,18.08835],[120.6485,18.08815],[120.6484,18.08815],[120.64835,18.08745],[120.64775,18.0876],[120.64725,18.0884],[120.6471,18.0884],[120.64715,18.08845],[120.64715,18.08865],[120.6472,18.08865],[120.6472,18.0889],[120.64725,18.0889],[120.64725,18.089],[120.6473,18.089],[120.6473,18.0891],[120.64735,18.0891],[120.6474,18.0891],[120.6477,18.08945],[120.64775,18.08945],[120.6478,18.08955],[120.64785,18.08955],[120.6479,18.08955],[120.6479,18.08965],[120.64795,18.08965],[120.64795,18.0898],[120.6479,18.0899],[120.6477,18.0901],[120.64765,18.0901],[120.6477,18.0901],[120.64755,18.09015],[120.64735,18.09015],[120.64725,18.09005],[120.6472,18.09005],[120.6466,18.08965],[120.64655,18.08965],[120.6463,18.089],[120.64635,18.089],[120.6465,18.08785],[120.64655,18.08785],[120.6467,18.08785],[120.6467,18.08775],[120.6467,18.0877],[120.6467,18.08765],[120.64665,18.08765],[120.64665,18.08755],[120.6466,18.08755],[120.6466,18.0875],[120.6466,18.08745],[120.6466,18.08735],[120.64655,18.08735],[120.64655,18.08725],[120.64655,18.0872],[120.64655,18.087],[120.6465,18.087],[120.6465,18.08695],[120.6465,18.08685],[120.6465,18.0868],[120.64645,18.0868],[120.64645,18.0867],[120.64645,18.08665],[120.6464,18.08665],[120.6464,18.08655],[120.6464,18.0865],[120.6464,18.0864],[120.64635,18.0864],[120.64635,18.08635],[120.6464,18.08615],[120.64625,18.08565],[120.64625,18.08555],[120.6462,18.0855],[120.6462,18.08535],[120.64615,18.08535],[120.6461,18.08515],[120.6461,18.0848],[120.64615,18.0846],[120.6462,18.0846],[120.64625,18.0846],[120.64635,18.0846],[120.6466,18.0846],[120.6468,18.0846],[120.6468,18.0847],[120.6469,18.0847],[120.6473,18.0859],[120.64755,18.0873],[120.6476,18.0873],[120.64765,18.0873],[120.64785,18.08725],[120.6479,18.08725],[120.6479,18.08715],[120.6482,18.08685],[120.6497,18.08645],[120.64975,18.08645],[120.6501,18.08625],[120.65015,18.08625],[120.6495,18.086],[120.64945,18.086],[120.6483,18.0861],[120.6483,18.08605],[120.6483,18.086],[120.64845,18.0859],[120.64845,18.08585],[120.6485,18.08585],[120.6494,18.0854]]],[[[120.64355,18.08905],[120.6433,18.08955],[120.6419,18.08975],[120.64155,18.08935],[120.6415,18.08935],[120.6415,18.0893],[120.64145,18.0893],[120.64135,18.08945],[120.6409,18.08935],[120.6409,18.08925],[120.64085,18.08925],[120.64085,18.08915],[120.6413,18.0887],[120.6413,18.0886],[120.6413,18.0885],[120.64135,18.0885],[120.6415,18.08805],[120.6415,18.088],[120.6415,18.08795],[120.64155,18.08795],[120.64155,18.0879],[120.6416,18.0879],[120.64165,18.0879],[120.6417,18.0879],[120.6417,18.08785],[120.64255,18.08785],[120.64255,18.0878],[120.6426,18.0878],[120.64265,18.0878],[120.64265,18.08775],[120.6427,18.08775],[120.6427,18.0877],[120.6427,18.0876],[120.6422,18.0876],[120.6416,18.08755],[120.6415,18.08755],[120.6415,18.0875],[120.64145,18.0875],[120.6414,18.08745],[120.64115,18.0868],[120.64115,18.08675],[120.64115,18.0867],[120.64115,18.08665],[120.6411,18.08665],[120.6411,18.0866],[120.64055,18.08595],[120.6405,18.0859],[120.64055,18.0859],[120.64055,18.08585],[120.64085,18.08545],[120.64085,18.0854],[120.64085,18.08535],[120.6409,18.08535],[120.6409,18.0853],[120.64085,18.08515],[120.64085,18.0851],[120.64085,18.08505],[120.64055,18.085],[120.6401,18.08495],[120.64005,18.08495],[120.64005,18.08485],[120.64015,18.08375],[120.64015,18.0835],[120.64015,18.08335],[120.64015,18.08305],[120.64025,18.0829],[120.64025,18.08275],[120.64025,18.0827],[120.6403,18.0827],[120.6403,18.0826],[120.64035,18.0826],[120.64045,18.08245],[120.64045,18.0824],[120.64045,18.08235],[120.6405,18.08235],[120.6405,18.0822],[120.64045,18.08215],[120.64045,18.0821],[120.6404,18.0821],[120.6404,18.08205],[120.6404,18.082],[120.64035,18.082],[120.64035,18.08195],[120.6403,18.08195],[120.6403,18.0819],[120.6403,18.08185],[120.64025,18.0818],[120.6402,18.0818],[120.64,18.0816],[120.64,18.08155],[120.63995,18.08155],[120.63995,18.0815],[120.6399,18.0815],[120.6399,18.08145],[120.6399,18.0814],[120.64,18.0801],[120.64,18.08005],[120.6399,18.08005],[120.6399,18.0801],[120.63905,18.0796],[120.63915,18.0786],[120.6392,18.0786],[120.63925,18.0786],[120.64015,18.0784],[120.6402,18.07835],[120.6403,18.07835],[120.64035,18.07825],[120.6404,18.07825],[120.64045,18.07825],[120.64045,18.0782],[120.6405,18.0782],[120.64055,18.0782],[120.64055,18.07815],[120.6406,18.07805],[120.64025,18.07805],[120.64025,18.0781],[120.6401,18.0781],[120.63985,18.07815],[120.63955,18.07815],[120.6395,18.0782],[120.6395,18.07815],[120.6395,18.07805],[120.63955,18.07805],[120.6395,18.07725],[120.63955,18.07725],[120.63955,18.0773],[120.6396,18.0773],[120.64015,18.07775],[120.6403,18.07775],[120.64065,18.0776],[120.6408,18.0776],[120.641,18.07755],[120.641,18.0775],[120.64115,18.0775],[120.64115,18.07745],[120.6412,18.07745],[120.64125,18.07745],[120.64155,18.07745],[120.64165,18.0776],[120.6417,18.0776],[120.64165,18.07815],[120.6417,18.07815],[120.6416,18.0788],[120.6404,18.079],[120.64035,18.07965],[120.64035,18.0796],[120.6405,18.0795],[120.64055,18.0795],[120.64065,18.0794],[120.6407,18.0794],[120.641,18.0793],[120.64105,18.0793],[120.64105,18.07925],[120.64125,18.07925],[120.6416,18.07905],[120.64175,18.0791],[120.64175,18.07905],[120.6421,18.07905],[120.64195,18.0797],[120.6418,18.0797],[120.6418,18.07975],[120.64175,18.07975],[120.64265,18.0806],[120.6425,18.0813],[120.64245,18.0813],[120.6424,18.08135],[120.64215,18.08145],[120.6428,18.08205],[120.6426,18.08285],[120.64265,18.08285],[120.64315,18.0831],[120.64345,18.08445],[120.64325,18.0846],[120.64315,18.0846],[120.6438,18.0856],[120.6439,18.0856],[120.64375,18.08645],[120.6438,18.08645],[120.64435,18.08725],[120.64395,18.0875],[120.64385,18.0875],[120.64495,18.08835],[120.645,18.08835],[120.64375,18.089],[120.6437,18.089],[120.64355,18.08905]]],[[[120.61825,18.08635],[120.61935,18.08575],[120.6194,18.08575],[120.6195,18.08575],[120.6198,18.0862],[120.6199,18.08625],[120.6196,18.0869],[120.61905,18.0873],[120.61885,18.08735],[120.61885,18.08755],[120.6189,18.08755],[120.61885,18.08765],[120.61885,18.08775],[120.6188,18.08775],[120.6188,18.0878],[120.6184,18.08795],[120.61795,18.08825],[120.6177,18.0882],[120.61755,18.0882],[120.61755,18.08815],[120.61745,18.08815],[120.61735,18.088],[120.6173,18.088],[120.6179,18.0865],[120.61805,18.0865],[120.6182,18.08635],[120.61825,18.08635]]],[[[120.6203,18.08515],[120.6195,18.0855],[120.6195,18.08545],[120.6194,18.08545],[120.6198,18.08365],[120.6198,18.0836],[120.62095,18.08365],[120.62095,18.0837],[120.621,18.08375],[120.62105,18.08375],[120.62105,18.08385],[120.6211,18.08385],[120.6213,18.0842],[120.62035,18.0851],[120.6203,18.08515]]],[[[120.52845,18.07475],[120.5277,18.07465],[120.5269,18.07355],[120.52705,18.0722],[120.5281,18.07175],[120.52835,18.07215],[120.5283,18.07215],[120.52805,18.07245],[120.528,18.07245],[120.52795,18.0725],[120.52785,18.0725],[120.5276,18.0728],[120.52765,18.0728],[120.52855,18.07415],[120.52845,18.0747],[120.52845,18.07475]]],[[[120.63975,18.0558],[120.63955,18.05605],[120.6395,18.05605],[120.63855,18.0569],[120.63865,18.0569],[120.6392,18.0574],[120.63925,18.0574],[120.6396,18.058],[120.63945,18.0588],[120.6394,18.0588],[120.63935,18.0589],[120.6393,18.05895],[120.6393,18.059],[120.63925,18.05905],[120.63925,18.0591],[120.6392,18.05915],[120.63915,18.05915],[120.63915,18.0592],[120.6391,18.05925],[120.63905,18.0593],[120.639,18.0594],[120.639,18.05945],[120.63895,18.05945],[120.6389,18.0595],[120.63895,18.06005],[120.639,18.06005],[120.639,18.06015],[120.639,18.0602],[120.63905,18.06025],[120.6392,18.0605],[120.6392,18.0606],[120.63905,18.06175],[120.6391,18.06175],[120.6385,18.0625],[120.63935,18.0635],[120.6394,18.0635],[120.63935,18.06385],[120.6393,18.06385],[120.63915,18.0641],[120.6391,18.0641],[120.63905,18.06425],[120.6393,18.0653],[120.63935,18.0653],[120.6395,18.06555],[120.63955,18.06555],[120.63955,18.06565],[120.6396,18.0662],[120.6399,18.06665],[120.63975,18.06775],[120.6398,18.06775],[120.6398,18.0681],[120.64005,18.06815],[120.6405,18.06855],[120.64055,18.07045],[120.6409,18.07135],[120.64085,18.07135],[120.6408,18.0715],[120.64085,18.0715],[120.6408,18.0719],[120.6407,18.0719],[120.6412,18.07225],[120.6411,18.07255],[120.64115,18.0728],[120.64105,18.0729],[120.6412,18.0735],[120.64115,18.0735],[120.64115,18.07355],[120.6412,18.0737],[120.64115,18.0737],[120.64115,18.0738],[120.6411,18.0738],[120.6399,18.0741],[120.6398,18.0741],[120.6391,18.07415],[120.639,18.07415],[120.639,18.0741],[120.63895,18.0741],[120.63885,18.07405],[120.63885,18.074],[120.63885,18.07395],[120.63885,18.0739],[120.6391,18.0736],[120.63915,18.07355],[120.6392,18.0735],[120.63925,18.0735],[120.63925,18.07345],[120.6393,18.07335],[120.6393,18.0733],[120.63935,18.0733],[120.63975,18.0731],[120.63975,18.07305],[120.6398,18.07305],[120.63985,18.07295],[120.6398,18.07295],[120.6398,18.0729],[120.63975,18.07285],[120.6397,18.07285],[120.63925,18.0727],[120.63885,18.0727],[120.63865,18.07265],[120.63865,18.0726],[120.6386,18.0726],[120.63855,18.0726],[120.6384,18.0726],[120.63835,18.0726],[120.63845,18.07155],[120.6385,18.07155],[120.6385,18.0715],[120.63855,18.0715],[120.63855,18.07145],[120.6386,18.07145],[120.6386,18.0714],[120.6387,18.0714],[120.63885,18.07125],[120.6389,18.07125],[120.6389,18.0712],[120.639,18.0712],[120.639,18.0711],[120.639,18.07105],[120.63905,18.07105],[120.63905,18.071],[120.6391,18.0709],[120.6391,18.07085],[120.6383,18.07055],[120.6383,18.0705],[120.6383,18.07045],[120.63825,18.07045],[120.63825,18.0704],[120.6382,18.0704],[120.6382,18.07035],[120.6381,18.07035],[120.6381,18.0703],[120.638,18.0703],[120.6374,18.07005],[120.63655,18.06975],[120.63655,18.0697],[120.63655,18.06965],[120.6366,18.06965],[120.6366,18.0696],[120.6366,18.0694],[120.63665,18.0694],[120.63665,18.06925],[120.63665,18.0692],[120.6367,18.0692],[120.6367,18.06915],[120.6367,18.06875],[120.63675,18.0687],[120.63675,18.0686],[120.6369,18.06825],[120.63695,18.06825],[120.63695,18.0682],[120.637,18.0682],[120.6372,18.06805],[120.6372,18.068],[120.6372,18.06795],[120.63725,18.06795],[120.6373,18.06795],[120.6373,18.0679],[120.63735,18.0679],[120.63735,18.06785],[120.6374,18.06785],[120.63745,18.06785],[120.63755,18.06775],[120.6376,18.06775],[120.6376,18.0677],[120.6376,18.06765],[120.63755,18.06765],[120.6365,18.0677],[120.63635,18.0677],[120.63635,18.06775],[120.63605,18.06775],[120.63605,18.0677],[120.63595,18.0677],[120.63595,18.06775],[120.6359,18.06775],[120.63585,18.06745],[120.6359,18.06745],[120.6362,18.0672],[120.63625,18.0672],[120.6363,18.06715],[120.6364,18.06715],[120.63675,18.06695],[120.63675,18.0668],[120.63675,18.06665],[120.63675,18.0666],[120.63665,18.0665],[120.63605,18.0669],[120.636,18.0669],[120.6352,18.0671],[120.6352,18.06705],[120.63515,18.06705],[120.6351,18.067],[120.6351,18.0666],[120.6351,18.06655],[120.63505,18.06655],[120.6351,18.06655],[120.6351,18.0665],[120.6351,18.06645],[120.6357,18.06605],[120.6357,18.06595],[120.63575,18.06595],[120.63575,18.0659],[120.63575,18.06585],[120.6358,18.06585],[120.63615,18.0655],[120.63615,18.06545],[120.6362,18.06535],[120.6362,18.0653],[120.63605,18.06495],[120.636,18.06495],[120.6348,18.06465],[120.6347,18.06465],[120.63465,18.06465],[120.6347,18.06465],[120.6337,18.06465],[120.6337,18.0646],[120.63365,18.0646],[120.63365,18.06455],[120.63385,18.06425],[120.634,18.0642],[120.6342,18.0642],[120.6344,18.06405],[120.6344,18.064],[120.6345,18.0639],[120.6345,18.0638],[120.6349,18.06335],[120.63495,18.0633],[120.63495,18.06325],[120.6351,18.06305],[120.63515,18.06305],[120.63515,18.063],[120.63515,18.0629],[120.63515,18.06285],[120.63445,18.0626],[120.63435,18.0625],[120.6343,18.0624],[120.6343,18.0623],[120.63325,18.06185],[120.63325,18.0618],[120.63325,18.0617],[120.6337,18.06135],[120.63375,18.06135],[120.63375,18.0613],[120.6337,18.061],[120.63365,18.06095],[120.6336,18.06095],[120.63335,18.06075],[120.6332,18.06075],[120.63295,18.06045],[120.633,18.06045],[120.633,18.0604],[120.633,18.06035],[120.63335,18.06015],[120.63335,18.0601],[120.6334,18.06005],[120.6334,18.0594],[120.6335,18.05935],[120.6335,18.05925],[120.6337,18.059],[120.6337,18.05895],[120.6337,18.0589],[120.6336,18.05885],[120.6336,18.0588],[120.6335,18.0588],[120.6335,18.05875],[120.63325,18.0582],[120.63325,18.05815],[120.6333,18.05815],[120.6338,18.05785],[120.6338,18.0578],[120.63385,18.0578],[120.63385,18.05775],[120.63385,18.0577],[120.6339,18.05765],[120.63395,18.05765],[120.634,18.0574],[120.63395,18.05735],[120.6339,18.05735],[120.6339,18.0573],[120.6337,18.057],[120.63365,18.057],[120.63365,18.05695],[120.63365,18.0569],[120.63315,18.05665],[120.63315,18.05655],[120.63295,18.0563],[120.633,18.0563],[120.633,18.05625],[120.633,18.0562],[120.6335,18.05605],[120.6336,18.05605],[120.63365,18.05605],[120.63365,18.056],[120.6338,18.0559],[120.63385,18.0559],[120.63385,18.05585],[120.63385,18.0558],[120.6327,18.05535],[120.63265,18.05535],[120.63265,18.0553],[120.6333,18.05515],[120.6333,18.0551],[120.6342,18.05495],[120.6343,18.05495],[120.63445,18.05485],[120.63435,18.0547],[120.63425,18.0547],[120.63355,18.05475],[120.6334,18.05475],[120.63325,18.05465],[120.63325,18.05455],[120.6332,18.05455],[120.6332,18.0545],[120.6328,18.0538],[120.63345,18.05305],[120.6343,18.05295],[120.6344,18.05295],[120.63445,18.05295],[120.6346,18.05295],[120.6346,18.0529],[120.6347,18.0529],[120.63485,18.0529],[120.63485,18.05285],[120.6352,18.0528],[120.63535,18.0528],[120.6354,18.0528],[120.6356,18.0528],[120.6356,18.05285],[120.6357,18.05285],[120.63585,18.05285],[120.63585,18.0528],[120.6359,18.0528],[120.6359,18.05275],[120.636,18.05275],[120.63605,18.05275],[120.63605,18.0527],[120.636,18.0527],[120.63595,18.0527],[120.63615,18.0522],[120.6361,18.05215],[120.6361,18.052],[120.63605,18.052],[120.63605,18.0519],[120.63605,18.0516],[120.6361,18.0516],[120.6361,18.05155],[120.6361,18.05135],[120.6364,18.0511],[120.6366,18.0511],[120.63665,18.0511],[120.63675,18.0511],[120.63725,18.0514],[120.6373,18.0514],[120.63735,18.0514],[120.63735,18.05145],[120.6374,18.05145],[120.6377,18.0514],[120.63775,18.0514],[120.63775,18.05135],[120.6378,18.05135],[120.63805,18.05105],[120.6381,18.05105],[120.6381,18.051],[120.6382,18.051],[120.6382,18.05095],[120.6384,18.0514],[120.63835,18.0514],[120.63835,18.0515],[120.6384,18.0515],[120.6384,18.05145],[120.6384,18.0514],[120.63845,18.0514],[120.63855,18.0512],[120.63855,18.05115],[120.63905,18.05075],[120.6392,18.0507],[120.6392,18.05065],[120.63925,18.05065],[120.6393,18.0505],[120.63935,18.0505],[120.63935,18.05045],[120.6397,18.0505],[120.63975,18.05055],[120.6398,18.05055],[120.64005,18.0508],[120.6401,18.0508],[120.6405,18.05095],[120.64085,18.051],[120.64085,18.05095],[120.6409,18.05095],[120.64095,18.05095],[120.641,18.05095],[120.6413,18.05035],[120.64135,18.05035],[120.64135,18.0503],[120.64135,18.05025],[120.6419,18.0505],[120.6419,18.05055],[120.64195,18.05055],[120.6421,18.05075],[120.6424,18.0508],[120.64245,18.0508],[120.64245,18.05075],[120.6425,18.05075],[120.64255,18.05075],[120.64265,18.0507],[120.6427,18.05065],[120.64295,18.0506],[120.64305,18.0506],[120.64345,18.0506],[120.64345,18.05055],[120.6436,18.05055],[120.6437,18.05055],[120.64465,18.05025],[120.6443,18.0505],[120.64425,18.05055],[120.64425,18.0506],[120.64425,18.0507],[120.6442,18.0507],[120.64405,18.0509],[120.6439,18.0512],[120.64395,18.0512],[120.644,18.0512],[120.64415,18.05125],[120.64425,18.05125],[120.64425,18.0512],[120.6443,18.0512],[120.64435,18.0512],[120.6445,18.0512],[120.64475,18.0515],[120.6448,18.0515],[120.6448,18.0518],[120.64485,18.0518],[120.64485,18.0519],[120.6449,18.0519],[120.64505,18.052],[120.64515,18.052],[120.6452,18.052],[120.64535,18.0517],[120.64535,18.0516],[120.6454,18.0516],[120.6454,18.05155],[120.64545,18.05155],[120.64555,18.05165],[120.6458,18.05195],[120.6458,18.05205],[120.64585,18.05205],[120.6459,18.05205],[120.64595,18.05225],[120.646,18.05225],[120.646,18.05255],[120.64595,18.05265],[120.6461,18.05265],[120.64615,18.05265],[120.64615,18.0526],[120.6462,18.0526],[120.64645,18.0526],[120.64655,18.0526],[120.64655,18.05255],[120.6466,18.05255],[120.6467,18.05255],[120.6467,18.0525],[120.64685,18.05245],[120.64705,18.05245],[120.6471,18.05245],[120.6479,18.05245],[120.649,18.05285],[120.649,18.0529],[120.64905,18.0529],[120.64905,18.05295],[120.6491,18.05295],[120.64915,18.05295],[120.64915,18.0532],[120.6491,18.0532],[120.6491,18.0534],[120.64915,18.0534],[120.6492,18.0534],[120.6492,18.05345],[120.6503,18.0536],[120.65025,18.0536],[120.65025,18.0537],[120.6501,18.0537],[120.65005,18.0538],[120.65,18.0538],[120.64995,18.0538],[120.65,18.0538],[120.6498,18.0539],[120.6497,18.05425],[120.6497,18.0544],[120.6497,18.05445],[120.64975,18.05445],[120.65,18.0546],[120.6501,18.0546],[120.65055,18.0546],[120.65055,18.05465],[120.65065,18.05465],[120.6507,18.05465],[120.65125,18.0558],[120.6511,18.056],[120.651,18.0566],[120.65105,18.0566],[120.65105,18.0568],[120.65105,18.05745],[120.6511,18.05745],[120.6511,18.05755],[120.65115,18.05755],[120.65175,18.05845],[120.6518,18.05845],[120.6518,18.0585],[120.65185,18.0585],[120.65185,18.05855],[120.6519,18.05855],[120.65195,18.05855],[120.65195,18.0586],[120.652,18.0586],[120.652,18.05865],[120.65205,18.05865],[120.6521,18.05865],[120.6521,18.0587],[120.6522,18.0587],[120.65195,18.0581],[120.6519,18.0581],[120.6515,18.05705],[120.65145,18.05705],[120.6517,18.05635],[120.65175,18.05635],[120.65185,18.05615],[120.6519,18.05615],[120.6519,18.0561],[120.65215,18.0561],[120.6526,18.05615],[120.65275,18.05615],[120.65275,18.0561],[120.65305,18.0561],[120.65345,18.05675],[120.6534,18.05675],[120.6534,18.0569],[120.65335,18.0569],[120.65335,18.05705],[120.6533,18.05705],[120.6533,18.05725],[120.65345,18.0574],[120.6536,18.05755],[120.6548,18.05895],[120.6556,18.05935],[120.6571,18.0607],[120.65795,18.06245],[120.6579,18.06525],[120.65715,18.06665],[120.65695,18.06705],[120.6569,18.06705],[120.65585,18.0666],[120.6558,18.0666],[120.65565,18.0658],[120.6559,18.0655],[120.65555,18.0654],[120.65545,18.0654],[120.65525,18.0654],[120.655,18.06545],[120.6548,18.06535],[120.6548,18.0653],[120.6547,18.0653],[120.6545,18.0651],[120.65445,18.0651],[120.65445,18.06505],[120.6546,18.0646],[120.65465,18.0646],[120.6554,18.0642],[120.6555,18.0642],[120.6543,18.06375],[120.6539,18.06375],[120.65355,18.064],[120.6534,18.06405],[120.6534,18.064],[120.65335,18.06375],[120.6534,18.06375],[120.6536,18.0633],[120.6537,18.0633],[120.6537,18.0627],[120.6526,18.0627],[120.65255,18.0627],[120.6523,18.06255],[120.6522,18.06255],[120.6521,18.0623],[120.652,18.0623],[120.65185,18.06215],[120.6518,18.06215],[120.6515,18.0621],[120.65095,18.0617],[120.6509,18.0617],[120.6509,18.06165],[120.6508,18.06165],[120.6503,18.0614],[120.65025,18.0614],[120.6489,18.05955],[120.64825,18.0594],[120.6482,18.0594],[120.648,18.05935],[120.64795,18.05935],[120.64795,18.05925],[120.6478,18.05925],[120.6471,18.05865],[120.647,18.05865],[120.64695,18.05865],[120.6469,18.05865],[120.64685,18.05845],[120.6468,18.05845],[120.646,18.0577],[120.6457,18.05765],[120.6456,18.05765],[120.6451,18.05735],[120.64505,18.05735],[120.64395,18.0567],[120.64385,18.05675],[120.6438,18.05675],[120.6432,18.05675],[120.64315,18.05675],[120.64275,18.05645],[120.6427,18.05645],[120.64225,18.0561],[120.642,18.0561],[120.6415,18.056],[120.64145,18.056],[120.64135,18.0559],[120.6413,18.0559],[120.6413,18.05585],[120.64125,18.05585],[120.64115,18.05575],[120.641,18.05575],[120.64095,18.05565],[120.6398,18.05565],[120.63985,18.05565],[120.63975,18.0558]]],[[[120.67285,18.07325],[120.67255,18.07265],[120.6725,18.07255],[120.6718,18.072],[120.6717,18.07125],[120.6711,18.07065],[120.6712,18.0694],[120.67075,18.0687],[120.6707,18.067],[120.6706,18.0667],[120.6706,18.06655],[120.67055,18.06655],[120.67055,18.06645],[120.6703,18.0646],[120.67095,18.06495],[120.671,18.06495],[120.67145,18.06535],[120.67185,18.067],[120.6719,18.067],[120.6724,18.0675],[120.6724,18.06755],[120.67245,18.06775],[120.6724,18.06775],[120.6727,18.06855],[120.67275,18.0694],[120.6728,18.0694],[120.673,18.0706],[120.67295,18.0706],[120.6731,18.0715],[120.67305,18.0715],[120.67345,18.07255],[120.6734,18.07255],[120.6734,18.07285],[120.67335,18.07285],[120.67285,18.07325]]],[[[120.62405,18.0682],[120.624,18.0682],[120.62405,18.0682],[120.62385,18.0683],[120.6238,18.0683],[120.62345,18.06875],[120.62325,18.06875],[120.62295,18.06875],[120.62245,18.0688],[120.62235,18.0688],[120.62175,18.06865],[120.6217,18.06865],[120.6217,18.0686],[120.62175,18.0683],[120.62175,18.06825],[120.62195,18.06805],[120.622,18.06805],[120.622,18.068],[120.62205,18.068],[120.62205,18.06795],[120.6221,18.06795],[120.6226,18.0674],[120.62265,18.0674],[120.6227,18.0674],[120.6227,18.06735],[120.6228,18.06735],[120.62295,18.06735],[120.6231,18.0673],[120.6231,18.06725],[120.6232,18.0672],[120.62325,18.0672],[120.62305,18.0669],[120.62305,18.06685],[120.6217,18.0668],[120.62165,18.0668],[120.62165,18.06675],[120.62165,18.0667],[120.6216,18.0664],[120.62165,18.0664],[120.62165,18.0663],[120.6217,18.0663],[120.6225,18.0659],[120.6226,18.0659],[120.6228,18.06615],[120.62285,18.06615],[120.62335,18.06645],[120.6234,18.06645],[120.62345,18.06645],[120.6235,18.06635],[120.62355,18.06635],[120.6238,18.0662],[120.6239,18.0662],[120.6239,18.06615],[120.624,18.06615],[120.62405,18.06615],[120.6244,18.06555],[120.62455,18.06555],[120.62455,18.0655],[120.6246,18.0655],[120.6246,18.06555],[120.62465,18.06555],[120.62465,18.0656],[120.6247,18.0656],[120.6257,18.06665],[120.627,18.06745],[120.62665,18.06875],[120.62525,18.0686],[120.62485,18.0676],[120.6248,18.0676],[120.62475,18.06785],[120.6247,18.06785],[120.62465,18.06785],[120.6247,18.06785],[120.62415,18.06815],[120.62415,18.0682],[120.62405,18.0682]]],[[[120.6493,18.067],[120.64855,18.0667],[120.64825,18.06625],[120.64825,18.0662],[120.64825,18.06615],[120.6479,18.06565],[120.64785,18.06565],[120.6475,18.06485],[120.64745,18.06485],[120.6472,18.0643],[120.64765,18.0636],[120.64765,18.0635],[120.6477,18.0635],[120.6477,18.06345],[120.6477,18.06335],[120.64775,18.06335],[120.64775,18.0633],[120.64775,18.06325],[120.64785,18.0632],[120.6481,18.0632],[120.6481,18.06325],[120.64815,18.06325],[120.64825,18.0643],[120.649,18.0646],[120.64905,18.0646],[120.6489,18.06505],[120.64895,18.06505],[120.64935,18.06685],[120.64935,18.06695],[120.6493,18.067]]],[[[120.6715,18.0596],[120.6712,18.06055],[120.6713,18.0612],[120.6709,18.0625],[120.67085,18.0625],[120.6707,18.06285],[120.6708,18.06285],[120.67095,18.0641],[120.6704,18.06375],[120.6704,18.0637],[120.67035,18.0637],[120.67035,18.0636],[120.66995,18.06355],[120.6701,18.06115],[120.6704,18.05995],[120.67085,18.0593],[120.6709,18.0593],[120.6709,18.05925],[120.6709,18.0592],[120.67095,18.0592],[120.67095,18.05905],[120.6709,18.059],[120.6709,18.05895],[120.67085,18.05895],[120.66955,18.05835],[120.6693,18.05775],[120.66935,18.0577],[120.6705,18.05735],[120.6709,18.0579],[120.67095,18.0579],[120.6714,18.05855],[120.6723,18.05885],[120.67215,18.05915],[120.6721,18.05925],[120.6721,18.05935],[120.6716,18.0595],[120.6715,18.0595],[120.6715,18.05955],[120.67145,18.0596],[120.6715,18.0596]]],[[[120.66855,18.0596],[120.6683,18.05955],[120.6681,18.05955],[120.66715,18.0594],[120.6671,18.0594],[120.6665,18.05915],[120.66645,18.05915],[120.66645,18.0592],[120.66625,18.05885],[120.6663,18.05885],[120.6658,18.0578],[120.6647,18.0574],[120.66455,18.0574],[120.6644,18.05705],[120.6644,18.05685],[120.66445,18.05685],[120.66445,18.0568],[120.66475,18.05665],[120.66485,18.05665],[120.6651,18.05665],[120.66515,18.05645],[120.6651,18.05645],[120.6646,18.0558],[120.66395,18.0558],[120.66365,18.0558],[120.6636,18.0557],[120.66355,18.0557],[120.6635,18.05535],[120.66285,18.05535],[120.6628,18.0549],[120.66295,18.05475],[120.6636,18.05465],[120.6646,18.0554],[120.66515,18.0554],[120.6673,18.0569],[120.66795,18.05775],[120.6685,18.05785],[120.66905,18.05895],[120.66875,18.05915],[120.66875,18.0593],[120.66865,18.05955],[120.66855,18.05955],[120.66855,18.0596]]],[[[120.66295,18.0403],[120.6631,18.0406],[120.66315,18.0406],[120.6636,18.0413],[120.66365,18.0413],[120.6641,18.04195],[120.66415,18.04195],[120.66505,18.04335],[120.6651,18.04335],[120.6651,18.0434],[120.66545,18.0441],[120.6654,18.0441],[120.66545,18.04425],[120.6655,18.04425],[120.66555,18.04425],[120.6657,18.04465],[120.66575,18.04465],[120.66655,18.0457],[120.6666,18.0457],[120.66675,18.04615],[120.6667,18.04615],[120.6667,18.0462],[120.66675,18.0462],[120.6671,18.047],[120.66715,18.047],[120.6674,18.0486],[120.66745,18.0486],[120.6681,18.0505],[120.6682,18.0505],[120.66815,18.05065],[120.6682,18.05065],[120.6682,18.05115],[120.66815,18.05115],[120.66855,18.0515],[120.66865,18.0515],[120.6689,18.05195],[120.66895,18.05195],[120.66895,18.05215],[120.669,18.05215],[120.6692,18.05265],[120.6693,18.05265],[120.6697,18.0532],[120.66975,18.0532],[120.6696,18.05435],[120.66965,18.05435],[120.66965,18.05455],[120.6696,18.05455],[120.66965,18.0546],[120.6696,18.0546],[120.66965,18.05475],[120.6696,18.05475],[120.6701,18.0564],[120.67015,18.0564],[120.67,18.05695],[120.6698,18.05695],[120.6698,18.0569],[120.66945,18.0569],[120.6691,18.0573],[120.6673,18.0539],[120.6669,18.0522],[120.66575,18.0513],[120.66575,18.0509],[120.66435,18.04885],[120.66375,18.04765],[120.66295,18.04685],[120.6622,18.0449],[120.6621,18.0436],[120.6617,18.04325],[120.6616,18.04325],[120.6616,18.0432],[120.6615,18.0432],[120.6615,18.04315],[120.66045,18.0424],[120.66035,18.0424],[120.66035,18.04235],[120.6602,18.04235],[120.6602,18.0423],[120.6602,18.04225],[120.66055,18.04185],[120.66055,18.0418],[120.66055,18.0417],[120.66015,18.0408],[120.6601,18.0408],[120.6601,18.0407],[120.6601,18.0405],[120.66005,18.0405],[120.66005,18.0404],[120.65965,18.0403],[120.6595,18.0404],[120.6595,18.04045],[120.6594,18.0405],[120.65935,18.0405],[120.65925,18.0405],[120.65915,18.0405],[120.65915,18.0402],[120.65915,18.04],[120.65915,18.0398],[120.6582,18.0384],[120.6582,18.03835],[120.65815,18.03835],[120.65815,18.03825],[120.65775,18.0373],[120.66155,18.0373],[120.6617,18.03805],[120.66165,18.03805],[120.66165,18.03845],[120.6617,18.03845],[120.66175,18.0385],[120.66205,18.0389],[120.6621,18.0389],[120.66275,18.0395],[120.6628,18.0395],[120.66295,18.0403]]],[[[120.66945,18.04785],[120.66845,18.0479],[120.66775,18.04745],[120.6674,18.04665],[120.66745,18.04665],[120.6674,18.04645],[120.6673,18.04645],[120.66725,18.04615],[120.66715,18.04615],[120.66655,18.04455],[120.6665,18.04455],[120.66655,18.04445],[120.6665,18.04445],[120.66645,18.0444],[120.6664,18.04435],[120.6664,18.04425],[120.66635,18.04425],[120.6663,18.0433],[120.66635,18.0433],[120.66635,18.04325],[120.66725,18.04365],[120.6673,18.04365],[120.6674,18.04375],[120.66745,18.04375],[120.66755,18.04375],[120.6679,18.04335],[120.66795,18.04335],[120.6681,18.0432],[120.6683,18.0432],[120.6685,18.04325],[120.66915,18.04395],[120.6691,18.04405],[120.66915,18.04405],[120.66915,18.04415],[120.6692,18.04415],[120.6692,18.0442],[120.6693,18.0442],[120.66945,18.0442],[120.66945,18.04425],[120.6695,18.04425],[120.66955,18.04425],[120.6696,18.0443],[120.66945,18.04475],[120.6694,18.04485],[120.66935,18.04485],[120.66935,18.045],[120.6694,18.045],[120.66965,18.0457],[120.67,18.04615],[120.67005,18.04625],[120.6699,18.04725],[120.66985,18.0473],[120.6698,18.0473],[120.66975,18.0474],[120.6697,18.0474],[120.6696,18.0478],[120.6696,18.04785],[120.66945,18.04785]]],[[[120.6679,18.04235],[120.6671,18.04225],[120.6668,18.0412],[120.66685,18.0412],[120.66605,18.0403],[120.66585,18.03955],[120.6659,18.03955],[120.6654,18.03825],[120.66545,18.03825],[120.665,18.0373],[120.66685,18.0374],[120.66675,18.03745],[120.66685,18.03795],[120.6669,18.03795],[120.667,18.0381],[120.66685,18.03885],[120.6676,18.0399],[120.6683,18.0421],[120.668,18.04235],[120.6679,18.04235]]],[[[120.66255,18.0373],[120.66405,18.03755],[120.6648,18.03865],[120.66485,18.03995],[120.6644,18.0401],[120.66355,18.0392],[120.66255,18.0373]]],[[[120.617,18.0416],[120.6168,18.04165],[120.61675,18.04165],[120.61665,18.0415],[120.61665,18.0414],[120.6167,18.04135],[120.6167,18.0413],[120.61675,18.0412],[120.61685,18.04115],[120.61685,18.0411],[120.61685,18.04095],[120.61685,18.0409],[120.61585,18.0405],[120.61585,18.04045],[120.61585,18.0404],[120.616,18.0397],[120.6172,18.03935],[120.6172,18.0393],[120.6172,18.03925],[120.6173,18.03925],[120.61735,18.03925],[120.61745,18.03925],[120.61795,18.03875],[120.618,18.03875],[120.61805,18.03875],[120.6181,18.03875],[120.61815,18.03875],[120.61845,18.0389],[120.61875,18.0402],[120.6187,18.0402],[120.6187,18.04025],[120.61855,18.0404],[120.6185,18.0404],[120.6185,18.04045],[120.61845,18.04045],[120.6184,18.04125],[120.61705,18.04155],[120.617,18.04155],[120.617,18.0416]]]]}}]}